code,image
AA804R,https://products.api.bbraun.io/api/image/AA804R?countryISOCode=01
AA805R,https://products.api.bbraun.io/api/image/AA805R?countryISOCode=01
AA806R,https://products.api.bbraun.io/api/image/AA806R?countryISOCode=01
AA808R,https://products.api.bbraun.io/api/image/AA808R?countryISOCode=01
AA845R,None
AA846R,https://products.api.bbraun.io/api/image/AA846R?countryISOCode=01
AA847R,https://products.api.bbraun.io/api/image/AA847R?countryISOCode=01
AC468R,None
AC469R,None
AC470R,None
AC471R,None
AC472R,None
AC473R,None
AC474R,None
AC475R,None
AC476R,None
AC477R,None
AC478R,None
AC479R,None
AC480R,None
AC481R,None
AC483C,None
AC497R,None
AC498R,None
AD110R,https://products.api.bbraun.io/api/image/AD110R?countryISOCode=01
AD123R,https://products.api.bbraun.io/api/image/AD123R?countryISOCode=01
AD125R,https://products.api.bbraun.io/api/image/AD125R?countryISOCode=01
AD127R,https://products.api.bbraun.io/api/image/AD127R?countryISOCode=01
AD129R,https://products.api.bbraun.io/api/image/AD129R?countryISOCode=01
AN379R,https://products.api.bbraun.io/api/image/AN379R?countryISOCode=01
AN380R,https://products.api.bbraun.io/api/image/AN380R?countryISOCode=01
AN381R,https://products.api.bbraun.io/api/image/AN381R?countryISOCode=01
AN705R,None
AN709R,https://products.api.bbraun.io/api/image/AN709R?countryISOCode=01
AN710R,https://products.api.bbraun.io/api/image/AN710R?countryISOCode=01
AN711R,https://products.api.bbraun.io/api/image/AN711R?countryISOCode=01
AN908R,https://products.api.bbraun.io/api/image/AN908R?countryISOCode=01
AN909R,https://products.api.bbraun.io/api/image/AN909R?countryISOCode=01
AN910R,https://products.api.bbraun.io/api/image/AN910R?countryISOCode=01
AN911R,https://products.api.bbraun.io/api/image/AN911R?countryISOCode=01
AN912R,https://products.api.bbraun.io/api/image/AN912R?countryISOCode=01
AN913R,https://products.api.bbraun.io/api/image/AN913R?countryISOCode=01
BA210,None
BA211,None
BA212,None
BA215,None
BA215-1,None
BA215-C,None
BA218,None
BA219,None
BA220,None
BA221,None
BA222,None
BA223,None
BA224,None
BA311SU,None
BA323SU,None
BA365,None
BA451R,https://products.api.bbraun.io/api/image/BA451R?countryISOCode=01
BA501R,None
BA503R,https://products.api.bbraun.io/api/image/BA503R?countryISOCode=01
BA504R,https://products.api.bbraun.io/api/image/BA504R?countryISOCode=01
BA506R,https://products.api.bbraun.io/api/image/BA506R?countryISOCode=01
BA507R,https://products.api.bbraun.io/api/image/BA507R?countryISOCode=01
BA508R,https://products.api.bbraun.io/api/image/BA508R?countryISOCode=01
BA509R,https://products.api.bbraun.io/api/image/BA509R?countryISOCode=01
BA514R,https://products.api.bbraun.io/api/image/BA514R?countryISOCode=01
BA604R,https://products.api.bbraun.io/api/image/BA604R?countryISOCode=01
BA605R,https://products.api.bbraun.io/api/image/BA605R?countryISOCode=01
BA606R,https://products.api.bbraun.io/api/image/BA606R?countryISOCode=01
BA640R,https://products.api.bbraun.io/api/image/BA640R?countryISOCode=01
BA643R,https://products.api.bbraun.io/api/image/BA643R?countryISOCode=01
BA706R,https://products.api.bbraun.io/api/image/BA706R?countryISOCode=01
BA708R,https://products.api.bbraun.io/api/image/BA708R?countryISOCode=01
BA709R,https://products.api.bbraun.io/api/image/BA709R?countryISOCode=01
BA710R,https://products.api.bbraun.io/api/image/BA710R?countryISOCode=01
BA711R,https://products.api.bbraun.io/api/image/BA711R?countryISOCode=01
BA712R,https://products.api.bbraun.io/api/image/BA712R?countryISOCode=01
BA713R,https://products.api.bbraun.io/api/image/BA713R?countryISOCode=01
BA714R,https://products.api.bbraun.io/api/image/BA714R?countryISOCode=01
BA715R,https://products.api.bbraun.io/api/image/BA715R?countryISOCode=01
BA716R,None
BA717R,https://products.api.bbraun.io/api/image/BA717R?countryISOCode=01
BA718R,https://products.api.bbraun.io/api/image/BA718R?countryISOCode=01
BA719R,https://products.api.bbraun.io/api/image/BA719R?countryISOCode=01
BA810SU,https://products.api.bbraun.io/api/image/BA810SU?countryISOCode=01
BA811SU,https://products.api.bbraun.io/api/image/BA811SU?countryISOCode=01
BA815SU,https://products.api.bbraun.io/api/image/BA815SU?countryISOCode=01
BA820SU,https://products.api.bbraun.io/api/image/BA820SU?countryISOCode=01
BB045T,https://products.api.bbraun.io/api/image/BB045T?countryISOCode=01
BB046R,https://products.api.bbraun.io/api/image/BB046R?countryISOCode=01
BB048R,https://products.api.bbraun.io/api/image/BB048R?countryISOCode=01
BB052R,https://products.api.bbraun.io/api/image/BB052R?countryISOCode=01
BB053R,https://products.api.bbraun.io/api/image/BB053R?countryISOCode=01
BB054R,https://products.api.bbraun.io/api/image/BB054R?countryISOCode=01
BB057R,https://products.api.bbraun.io/api/image/BB057R?countryISOCode=01
BB060R,https://products.api.bbraun.io/api/image/BB060R?countryISOCode=01
BB063R,https://products.api.bbraun.io/api/image/BB063R?countryISOCode=01
BB068R,https://products.api.bbraun.io/api/image/BB068R?countryISOCode=01
BB070R,https://products.api.bbraun.io/api/image/BB070R?countryISOCode=01
BB071R,https://products.api.bbraun.io/api/image/BB071R?countryISOCode=01
BB073R,https://products.api.bbraun.io/api/image/BB073R?countryISOCode=01
BB074R,https://products.api.bbraun.io/api/image/BB074R?countryISOCode=01
BB075R,https://products.api.bbraun.io/api/image/BB075R?countryISOCode=01
BB077R,https://products.api.bbraun.io/api/image/BB077R?countryISOCode=01
BB078R,https://products.api.bbraun.io/api/image/BB078R?countryISOCode=01
BB079R,https://products.api.bbraun.io/api/image/BB079R?countryISOCode=01
BB080R,https://products.api.bbraun.io/api/image/BB080R?countryISOCode=01
BB084R,https://products.api.bbraun.io/api/image/BB084R?countryISOCode=01
BB085R,https://products.api.bbraun.io/api/image/BB085R?countryISOCode=01
BB087R,https://products.api.bbraun.io/api/image/BB087R?countryISOCode=01
BB088R,https://products.api.bbraun.io/api/image/BB088R?countryISOCode=01
BB089R,https://products.api.bbraun.io/api/image/BB089R?countryISOCode=01
BB175R,https://products.api.bbraun.io/api/image/BB175R?countryISOCode=01
BB176R,https://products.api.bbraun.io/api/image/BB176R?countryISOCode=01
BB177R,https://products.api.bbraun.io/api/image/BB177R?countryISOCode=01
BB178R,https://products.api.bbraun.io/api/image/BB178R?countryISOCode=01
BB331R,None
BB332R,None
BB361R,None
BB362R,None
BB363R,None
BB364R,None
BB365R,None
BB367R,None
BB368R,None
BB369R,None
BB500,None
BB510,None
BB511,None
BB512,None
BB513,None
BB515,None
BB515-1,None
BB515-C,None
BB518,None
BB519,None
BB520,None
BB521,None
BB522,None
BB523,None
BB524,None
BB525,None
BB536,None
BB540,None
BB542,None
BC004R,https://products.api.bbraun.io/api/image/BC004R?countryISOCode=01
BC005R,https://products.api.bbraun.io/api/image/BC005R?countryISOCode=01
BC006R,https://products.api.bbraun.io/api/image/BC006R?countryISOCode=01
BC007R,https://products.api.bbraun.io/api/image/BC007R?countryISOCode=01
BC008R,https://products.api.bbraun.io/api/image/BC008R?countryISOCode=01
BC009R,https://products.api.bbraun.io/api/image/BC009R?countryISOCode=01
BC010R,https://products.api.bbraun.io/api/image/BC010R?countryISOCode=01
BC011R,https://products.api.bbraun.io/api/image/BC011R?countryISOCode=01
BC015R,https://products.api.bbraun.io/api/image/BC015R?countryISOCode=01
BC017R,https://products.api.bbraun.io/api/image/BC017R?countryISOCode=01
BC020R,https://products.api.bbraun.io/api/image/BC020R?countryISOCode=01
BC021R,https://products.api.bbraun.io/api/image/BC021R?countryISOCode=01
BC022R,https://products.api.bbraun.io/api/image/BC022R?countryISOCode=01
BC023R,https://products.api.bbraun.io/api/image/BC023R?countryISOCode=01
BC026R,https://products.api.bbraun.io/api/image/BC026R?countryISOCode=01
BC027R,https://products.api.bbraun.io/api/image/BC027R?countryISOCode=01
BC029R,https://products.api.bbraun.io/api/image/BC029R?countryISOCode=01
BC030R,https://products.api.bbraun.io/api/image/BC030R?countryISOCode=01
BC033R,https://products.api.bbraun.io/api/image/BC033R?countryISOCode=01
BC034R,https://products.api.bbraun.io/api/image/BC034R?countryISOCode=01
BC050R,https://products.api.bbraun.io/api/image/BC050R?countryISOCode=01
BC056R,https://products.api.bbraun.io/api/image/BC056R?countryISOCode=01
BC057R,https://products.api.bbraun.io/api/image/BC057R?countryISOCode=01
BC058R,None
BC060R,https://products.api.bbraun.io/api/image/BC060R?countryISOCode=01
BC061R,https://products.api.bbraun.io/api/image/BC061R?countryISOCode=01
BC064R,https://products.api.bbraun.io/api/image/BC064R?countryISOCode=01
BC065R,https://products.api.bbraun.io/api/image/BC065R?countryISOCode=01
BC100R,https://products.api.bbraun.io/api/image/BC100R?countryISOCode=01
BC101R,https://products.api.bbraun.io/api/image/BC101R?countryISOCode=01
BC106R,https://products.api.bbraun.io/api/image/BC106R?countryISOCode=01
BC107R,https://products.api.bbraun.io/api/image/BC107R?countryISOCode=01
BC110R,https://products.api.bbraun.io/api/image/BC110R?countryISOCode=01
BC110SU,https://products.api.bbraun.io/api/image/BC110SU?countryISOCode=01
BC111R,https://products.api.bbraun.io/api/image/BC111R?countryISOCode=01
BC112R,https://products.api.bbraun.io/api/image/BC112R?countryISOCode=01
BC113R,https://products.api.bbraun.io/api/image/BC113R?countryISOCode=01
BC117R,https://products.api.bbraun.io/api/image/BC117R?countryISOCode=01
BC130R,https://products.api.bbraun.io/api/image/BC130R?countryISOCode=01
BC131R,https://products.api.bbraun.io/api/image/BC131R?countryISOCode=01
BC135R,https://products.api.bbraun.io/api/image/BC135R?countryISOCode=01
BC140R,https://products.api.bbraun.io/api/image/BC140R?countryISOCode=01
BC141R,https://products.api.bbraun.io/api/image/BC141R?countryISOCode=01
BC144R,https://products.api.bbraun.io/api/image/BC144R?countryISOCode=01
BC145R,https://products.api.bbraun.io/api/image/BC145R?countryISOCode=01
BC153R,https://products.api.bbraun.io/api/image/BC153R?countryISOCode=01
BC154R,https://products.api.bbraun.io/api/image/BC154R?countryISOCode=01
BC156R,https://products.api.bbraun.io/api/image/BC156R?countryISOCode=01
BC157R,https://products.api.bbraun.io/api/image/BC157R?countryISOCode=01
BC160R,https://products.api.bbraun.io/api/image/BC160R?countryISOCode=01
BC161R,https://products.api.bbraun.io/api/image/BC161R?countryISOCode=01
BC162R,https://products.api.bbraun.io/api/image/BC162R?countryISOCode=01
BC163R,https://products.api.bbraun.io/api/image/BC163R?countryISOCode=01
BC164R,https://products.api.bbraun.io/api/image/BC164R?countryISOCode=01
BC165R,https://products.api.bbraun.io/api/image/BC165R?countryISOCode=01
BC166R,https://products.api.bbraun.io/api/image/BC166R?countryISOCode=01
BC168R,https://products.api.bbraun.io/api/image/BC168R?countryISOCode=01
BC170R,https://products.api.bbraun.io/api/image/BC170R?countryISOCode=01
BC171R,https://products.api.bbraun.io/api/image/BC171R?countryISOCode=01
BC172R,https://products.api.bbraun.io/api/image/BC172R?countryISOCode=01
BC173R,https://products.api.bbraun.io/api/image/BC173R?countryISOCode=01
BC175R,https://products.api.bbraun.io/api/image/BC175R?countryISOCode=01
BC177R,https://products.api.bbraun.io/api/image/BC177R?countryISOCode=01
BC178R,https://products.api.bbraun.io/api/image/BC178R?countryISOCode=01
BC180R,https://products.api.bbraun.io/api/image/BC180R?countryISOCode=01
BC181R,https://products.api.bbraun.io/api/image/BC181R?countryISOCode=01
BC184R,https://products.api.bbraun.io/api/image/BC184R?countryISOCode=01
BC186R,https://products.api.bbraun.io/api/image/BC186R?countryISOCode=01
BC187R,https://products.api.bbraun.io/api/image/BC187R?countryISOCode=01
BC188R,https://products.api.bbraun.io/api/image/BC188R?countryISOCode=01
BC189R,https://products.api.bbraun.io/api/image/BC189R?countryISOCode=01
BC194R,https://products.api.bbraun.io/api/image/BC194R?countryISOCode=01
BC195R,https://products.api.bbraun.io/api/image/BC195R?countryISOCode=01
BC196R,https://products.api.bbraun.io/api/image/BC196R?countryISOCode=01
BC210B,https://products.api.bbraun.io/api/image/BC210B?countryISOCode=01
BC210R,https://products.api.bbraun.io/api/image/BC210R?countryISOCode=01
BC211B,https://products.api.bbraun.io/api/image/BC211B?countryISOCode=01
BC211R,https://products.api.bbraun.io/api/image/BC211R?countryISOCode=01
BC211W,https://products.api.bbraun.io/api/image/BC211W?countryISOCode=01
BC211WB,https://products.api.bbraun.io/api/image/BC211WB?countryISOCode=01
BC224R,https://products.api.bbraun.io/api/image/BC224R?countryISOCode=01
BC228R,https://products.api.bbraun.io/api/image/BC228R?countryISOCode=01
BC231R,https://products.api.bbraun.io/api/image/BC231R?countryISOCode=01
BC231W,https://products.api.bbraun.io/api/image/BC231W?countryISOCode=01
BC234R,https://products.api.bbraun.io/api/image/BC234R?countryISOCode=01
BC240R,None
BC241R,None
BC242R,https://products.api.bbraun.io/api/image/BC242R?countryISOCode=01
BC243R,https://products.api.bbraun.io/api/image/BC243R?countryISOCode=01
BC245R,https://products.api.bbraun.io/api/image/BC245R?countryISOCode=01
BC250R,https://products.api.bbraun.io/api/image/BC250R?countryISOCode=01
BC251R,https://products.api.bbraun.io/api/image/BC251R?countryISOCode=01
BC252B,https://products.api.bbraun.io/api/image/BC252B?countryISOCode=01
BC252R,https://products.api.bbraun.io/api/image/BC252R?countryISOCode=01
BC253B,https://products.api.bbraun.io/api/image/BC253B?countryISOCode=01
BC253R,https://products.api.bbraun.io/api/image/BC253R?countryISOCode=01
BC253W,https://products.api.bbraun.io/api/image/BC253W?countryISOCode=01
BC253WB,https://products.api.bbraun.io/api/image/BC253WB?countryISOCode=01
BC256R,https://products.api.bbraun.io/api/image/BC256R?countryISOCode=01
BC257B,https://products.api.bbraun.io/api/image/BC257B?countryISOCode=01
BC257R,https://products.api.bbraun.io/api/image/BC257R?countryISOCode=01
BC257W,https://products.api.bbraun.io/api/image/BC257W?countryISOCode=01
BC257WB,https://products.api.bbraun.io/api/image/BC257WB?countryISOCode=01
BC258R,https://products.api.bbraun.io/api/image/BC258R?countryISOCode=01
BC259B,https://products.api.bbraun.io/api/image/BC259B?countryISOCode=01
BC259R,https://products.api.bbraun.io/api/image/BC259R?countryISOCode=01
BC259W,https://products.api.bbraun.io/api/image/BC259W?countryISOCode=01
BC259WB,https://products.api.bbraun.io/api/image/BC259WB?countryISOCode=01
BC260R,https://products.api.bbraun.io/api/image/BC260R?countryISOCode=01
BC261B,https://products.api.bbraun.io/api/image/BC261B?countryISOCode=01
BC261R,https://products.api.bbraun.io/api/image/BC261R?countryISOCode=01
BC261W,https://products.api.bbraun.io/api/image/BC261W?countryISOCode=01
BC261WB,https://products.api.bbraun.io/api/image/BC261WB?countryISOCode=01
BC262R,https://products.api.bbraun.io/api/image/BC262R?countryISOCode=01
BC263B,https://products.api.bbraun.io/api/image/BC263B?countryISOCode=01
BC263R,https://products.api.bbraun.io/api/image/BC263R?countryISOCode=01
BC263W,https://products.api.bbraun.io/api/image/BC263W?countryISOCode=01
BC263WB,https://products.api.bbraun.io/api/image/BC263WB?countryISOCode=01
BC265B,https://products.api.bbraun.io/api/image/BC265B?countryISOCode=01
BC265R,https://products.api.bbraun.io/api/image/BC265R?countryISOCode=01
BC265W,https://products.api.bbraun.io/api/image/BC265W?countryISOCode=01
BC265WB,https://products.api.bbraun.io/api/image/BC265WB?countryISOCode=01
BC266R,https://products.api.bbraun.io/api/image/BC266R?countryISOCode=01
BC267B,https://products.api.bbraun.io/api/image/BC267B?countryISOCode=01
BC267R,https://products.api.bbraun.io/api/image/BC267R?countryISOCode=01
BC267W,https://products.api.bbraun.io/api/image/BC267W?countryISOCode=01
BC267WB,https://products.api.bbraun.io/api/image/BC267WB?countryISOCode=01
BC270R,https://products.api.bbraun.io/api/image/BC270R?countryISOCode=01
BC271B,https://products.api.bbraun.io/api/image/BC271B?countryISOCode=01
BC271R,https://products.api.bbraun.io/api/image/BC271R?countryISOCode=01
BC271W,https://products.api.bbraun.io/api/image/BC271W?countryISOCode=01
BC271WB,https://products.api.bbraun.io/api/image/BC271WB?countryISOCode=01
BC273B,https://products.api.bbraun.io/api/image/BC273B?countryISOCode=01
BC273R,https://products.api.bbraun.io/api/image/BC273R?countryISOCode=01
BC273W,https://products.api.bbraun.io/api/image/BC273W?countryISOCode=01
BC273WB,https://products.api.bbraun.io/api/image/BC273WB?countryISOCode=01
BC274R,https://products.api.bbraun.io/api/image/BC274R?countryISOCode=01
BC275B,https://products.api.bbraun.io/api/image/BC275B?countryISOCode=01
BC275R,https://products.api.bbraun.io/api/image/BC275R?countryISOCode=01
BC275W,https://products.api.bbraun.io/api/image/BC275W?countryISOCode=01
BC275WB,https://products.api.bbraun.io/api/image/BC275WB?countryISOCode=01
BC276R,https://products.api.bbraun.io/api/image/BC276R?countryISOCode=01
BC277B,https://products.api.bbraun.io/api/image/BC277B?countryISOCode=01
BC277R,https://products.api.bbraun.io/api/image/BC277R?countryISOCode=01
BC277W,https://products.api.bbraun.io/api/image/BC277W?countryISOCode=01
BC277WB,https://products.api.bbraun.io/api/image/BC277WB?countryISOCode=01
BC279B,https://products.api.bbraun.io/api/image/BC279B?countryISOCode=01
BC279R,https://products.api.bbraun.io/api/image/BC279R?countryISOCode=01
BC279W,https://products.api.bbraun.io/api/image/BC279W?countryISOCode=01
BC279WB,https://products.api.bbraun.io/api/image/BC279WB?countryISOCode=01
BC281B,https://products.api.bbraun.io/api/image/BC281B?countryISOCode=01
BC281R,https://products.api.bbraun.io/api/image/BC281R?countryISOCode=01
BC281W,https://products.api.bbraun.io/api/image/BC281W?countryISOCode=01
BC281WB,https://products.api.bbraun.io/api/image/BC281WB?countryISOCode=01
BC282R,https://products.api.bbraun.io/api/image/BC282R?countryISOCode=01
BC283B,https://products.api.bbraun.io/api/image/BC283B?countryISOCode=01
BC283R,https://products.api.bbraun.io/api/image/BC283R?countryISOCode=01
BC283W,https://products.api.bbraun.io/api/image/BC283W?countryISOCode=01
BC283WB,https://products.api.bbraun.io/api/image/BC283WB?countryISOCode=01
BC284B,https://products.api.bbraun.io/api/image/BC284B?countryISOCode=01
BC284R,https://products.api.bbraun.io/api/image/BC284R?countryISOCode=01
BC284W,https://products.api.bbraun.io/api/image/BC284W?countryISOCode=01
BC284WB,https://products.api.bbraun.io/api/image/BC284WB?countryISOCode=01
BC285R,https://products.api.bbraun.io/api/image/BC285R?countryISOCode=01
BC287R,https://products.api.bbraun.io/api/image/BC287R?countryISOCode=01
BC287W,https://products.api.bbraun.io/api/image/BC287W?countryISOCode=01
BC289R,https://products.api.bbraun.io/api/image/BC289R?countryISOCode=01
BC290R,https://products.api.bbraun.io/api/image/BC290R?countryISOCode=01
BC290W,https://products.api.bbraun.io/api/image/BC290W?countryISOCode=01
BC291R,https://products.api.bbraun.io/api/image/BC291R?countryISOCode=01
BC291W,https://products.api.bbraun.io/api/image/BC291W?countryISOCode=01
BC293R,https://products.api.bbraun.io/api/image/BC293R?countryISOCode=01
BC294W,https://products.api.bbraun.io/api/image/BC294W?countryISOCode=01
BC295W,https://products.api.bbraun.io/api/image/BC295W?countryISOCode=01
BC296W,https://products.api.bbraun.io/api/image/BC296W?countryISOCode=01
BC297W,https://products.api.bbraun.io/api/image/BC297W?countryISOCode=01
BC298W,https://products.api.bbraun.io/api/image/BC298W?countryISOCode=01
BC299R,https://products.api.bbraun.io/api/image/BC299R?countryISOCode=01
BC303R,https://products.api.bbraun.io/api/image/BC303R?countryISOCode=01
BC304R,https://products.api.bbraun.io/api/image/BC304R?countryISOCode=01
BC313R,https://products.api.bbraun.io/api/image/BC313R?countryISOCode=01
BC314R,https://products.api.bbraun.io/api/image/BC314R?countryISOCode=01
BC315R,https://products.api.bbraun.io/api/image/BC315R?countryISOCode=01
BC316R,https://products.api.bbraun.io/api/image/BC316R?countryISOCode=01
BC317R,https://products.api.bbraun.io/api/image/BC317R?countryISOCode=01
BC320R,https://products.api.bbraun.io/api/image/BC320R?countryISOCode=01
BC321R,https://products.api.bbraun.io/api/image/BC321R?countryISOCode=01
BC323R,https://products.api.bbraun.io/api/image/BC323R?countryISOCode=01
BC324R,https://products.api.bbraun.io/api/image/BC324R?countryISOCode=01
BC324SU,https://products.api.bbraun.io/api/image/BC324SU?countryISOCode=01
BC325R,https://products.api.bbraun.io/api/image/BC325R?countryISOCode=01
BC326R,https://products.api.bbraun.io/api/image/BC326R?countryISOCode=01
BC327R,https://products.api.bbraun.io/api/image/BC327R?countryISOCode=01
BC328R,https://products.api.bbraun.io/api/image/BC328R?countryISOCode=01
BC330R,https://products.api.bbraun.io/api/image/BC330R?countryISOCode=01
BC341R,https://products.api.bbraun.io/api/image/BC341R?countryISOCode=01
BC343R,https://products.api.bbraun.io/api/image/BC343R?countryISOCode=01
BC344R,https://products.api.bbraun.io/api/image/BC344R?countryISOCode=01
BC345R,https://products.api.bbraun.io/api/image/BC345R?countryISOCode=01
BC346R,https://products.api.bbraun.io/api/image/BC346R?countryISOCode=01
BC374R,https://products.api.bbraun.io/api/image/BC374R?countryISOCode=01
BC403R,https://products.api.bbraun.io/api/image/BC403R?countryISOCode=01
BC404R,https://products.api.bbraun.io/api/image/BC404R?countryISOCode=01
BC411R,https://products.api.bbraun.io/api/image/BC411R?countryISOCode=01
BC413R,https://products.api.bbraun.io/api/image/BC413R?countryISOCode=01
BC414R,https://products.api.bbraun.io/api/image/BC414R?countryISOCode=01
BC415R,https://products.api.bbraun.io/api/image/BC415R?countryISOCode=01
BC416R,https://products.api.bbraun.io/api/image/BC416R?countryISOCode=01
BC417R,https://products.api.bbraun.io/api/image/BC417R?countryISOCode=01
BC421R,https://products.api.bbraun.io/api/image/BC421R?countryISOCode=01
BC423R,https://products.api.bbraun.io/api/image/BC423R?countryISOCode=01
BC424R,https://products.api.bbraun.io/api/image/BC424R?countryISOCode=01
BC425R,https://products.api.bbraun.io/api/image/BC425R?countryISOCode=01
BC426R,https://products.api.bbraun.io/api/image/BC426R?countryISOCode=01
BC427R,https://products.api.bbraun.io/api/image/BC427R?countryISOCode=01
BC428R,https://products.api.bbraun.io/api/image/BC428R?countryISOCode=01
BC441R,https://products.api.bbraun.io/api/image/BC441R?countryISOCode=01
BC443R,https://products.api.bbraun.io/api/image/BC443R?countryISOCode=01
BC444R,https://products.api.bbraun.io/api/image/BC444R?countryISOCode=01
BC445R,https://products.api.bbraun.io/api/image/BC445R?countryISOCode=01
BC464R,https://products.api.bbraun.io/api/image/BC464R?countryISOCode=01
BC466R,https://products.api.bbraun.io/api/image/BC466R?countryISOCode=01
BC467R,None
BC474R,https://products.api.bbraun.io/api/image/BC474R?countryISOCode=01
BC496R,https://products.api.bbraun.io/api/image/BC496R?countryISOCode=01
BC497R,https://products.api.bbraun.io/api/image/BC497R?countryISOCode=01
BC503R,https://products.api.bbraun.io/api/image/BC503R?countryISOCode=01
BC504R,https://products.api.bbraun.io/api/image/BC504R?countryISOCode=01
BC506R,https://products.api.bbraun.io/api/image/BC506R?countryISOCode=01
BC515R,https://products.api.bbraun.io/api/image/BC515R?countryISOCode=01
BC516R,https://products.api.bbraun.io/api/image/BC516R?countryISOCode=01
BC517R,https://products.api.bbraun.io/api/image/BC517R?countryISOCode=01
BC518R,https://products.api.bbraun.io/api/image/BC518R?countryISOCode=01
BC519R,https://products.api.bbraun.io/api/image/BC519R?countryISOCode=01
BC521R,https://products.api.bbraun.io/api/image/BC521R?countryISOCode=01
BC522R,https://products.api.bbraun.io/api/image/BC522R?countryISOCode=01
BC523R,https://products.api.bbraun.io/api/image/BC523R?countryISOCode=01
BC524R,https://products.api.bbraun.io/api/image/BC524R?countryISOCode=01
BC525R,https://products.api.bbraun.io/api/image/BC525R?countryISOCode=01
BC526R,https://products.api.bbraun.io/api/image/BC526R?countryISOCode=01
BC531R,https://products.api.bbraun.io/api/image/BC531R?countryISOCode=01
BC532R,https://products.api.bbraun.io/api/image/BC532R?countryISOCode=01
BC533R,https://products.api.bbraun.io/api/image/BC533R?countryISOCode=01
BC534R,https://products.api.bbraun.io/api/image/BC534R?countryISOCode=01
BC535R,https://products.api.bbraun.io/api/image/BC535R?countryISOCode=01
BC544R,https://products.api.bbraun.io/api/image/BC544R?countryISOCode=01
BC545R,https://products.api.bbraun.io/api/image/BC545R?countryISOCode=01
BC547R,https://products.api.bbraun.io/api/image/BC547R?countryISOCode=01
BC551R,https://products.api.bbraun.io/api/image/BC551R?countryISOCode=01
BC552R,https://products.api.bbraun.io/api/image/BC552R?countryISOCode=01
BC554R,https://products.api.bbraun.io/api/image/BC554R?countryISOCode=01
BC555R,https://products.api.bbraun.io/api/image/BC555R?countryISOCode=01
BC557R,https://products.api.bbraun.io/api/image/BC557R?countryISOCode=01
BC558R,https://products.api.bbraun.io/api/image/BC558R?countryISOCode=01
BC559R,https://products.api.bbraun.io/api/image/BC559R?countryISOCode=01
BC560R,https://products.api.bbraun.io/api/image/BC560R?countryISOCode=01
BC561R,https://products.api.bbraun.io/api/image/BC561R?countryISOCode=01
BC562R,https://products.api.bbraun.io/api/image/BC562R?countryISOCode=01
BC563R,https://products.api.bbraun.io/api/image/BC563R?countryISOCode=01
BC564R,https://products.api.bbraun.io/api/image/BC564R?countryISOCode=01
BC565R,https://products.api.bbraun.io/api/image/BC565R?countryISOCode=01
BC566R,https://products.api.bbraun.io/api/image/BC566R?countryISOCode=01
BC567R,None
BC569R,https://products.api.bbraun.io/api/image/BC569R?countryISOCode=01
BC570R,https://products.api.bbraun.io/api/image/BC570R?countryISOCode=01
BC572R,https://products.api.bbraun.io/api/image/BC572R?countryISOCode=01
BC573R,https://products.api.bbraun.io/api/image/BC573R?countryISOCode=01
BC575R,https://products.api.bbraun.io/api/image/BC575R?countryISOCode=01
BC576R,https://products.api.bbraun.io/api/image/BC576R?countryISOCode=01
BC577R,https://products.api.bbraun.io/api/image/BC577R?countryISOCode=01
BC578R,https://products.api.bbraun.io/api/image/BC578R?countryISOCode=01
BC579R,https://products.api.bbraun.io/api/image/BC579R?countryISOCode=01
BC580R,https://products.api.bbraun.io/api/image/BC580R?countryISOCode=01
BC581R,https://products.api.bbraun.io/api/image/BC581R?countryISOCode=01
BC584R,https://products.api.bbraun.io/api/image/BC584R?countryISOCode=01
BC585R,https://products.api.bbraun.io/api/image/BC585R?countryISOCode=01
BC587R,https://products.api.bbraun.io/api/image/BC587R?countryISOCode=01
BC588R,https://products.api.bbraun.io/api/image/BC588R?countryISOCode=01
BC589R,https://products.api.bbraun.io/api/image/BC589R?countryISOCode=01
BC590R,https://products.api.bbraun.io/api/image/BC590R?countryISOCode=01
BC591R,https://products.api.bbraun.io/api/image/BC591R?countryISOCode=01
BC592R,https://products.api.bbraun.io/api/image/BC592R?countryISOCode=01
BC595R,https://products.api.bbraun.io/api/image/BC595R?countryISOCode=01
BC597R,https://products.api.bbraun.io/api/image/BC597R?countryISOCode=01
BC600R,https://products.api.bbraun.io/api/image/BC600R?countryISOCode=01
BC601R,https://products.api.bbraun.io/api/image/BC601R?countryISOCode=01
BC602R,https://products.api.bbraun.io/api/image/BC602R?countryISOCode=01
BC603R,https://products.api.bbraun.io/api/image/BC603R?countryISOCode=01
BC604R,https://products.api.bbraun.io/api/image/BC604R?countryISOCode=01
BC605R,https://products.api.bbraun.io/api/image/BC605R?countryISOCode=01
BC606R,https://products.api.bbraun.io/api/image/BC606R?countryISOCode=01
BC606SU,None
BC607R,https://products.api.bbraun.io/api/image/BC607R?countryISOCode=01
BC608R,None
BC611R,https://products.api.bbraun.io/api/image/BC611R?countryISOCode=01
BC612R,https://products.api.bbraun.io/api/image/BC612R?countryISOCode=01
BC613R,https://products.api.bbraun.io/api/image/BC613R?countryISOCode=01
BC614R,https://products.api.bbraun.io/api/image/BC614R?countryISOCode=01
BC615R,https://products.api.bbraun.io/api/image/BC615R?countryISOCode=01
BC616R,https://products.api.bbraun.io/api/image/BC616R?countryISOCode=01
BC617R,https://products.api.bbraun.io/api/image/BC617R?countryISOCode=01
BC618R,https://products.api.bbraun.io/api/image/BC618R?countryISOCode=01
BC619R,https://products.api.bbraun.io/api/image/BC619R?countryISOCode=01
BC620R,https://products.api.bbraun.io/api/image/BC620R?countryISOCode=01
BC621R,https://products.api.bbraun.io/api/image/BC621R?countryISOCode=01
BC622R,https://products.api.bbraun.io/api/image/BC622R?countryISOCode=01
BC623R,https://products.api.bbraun.io/api/image/BC623R?countryISOCode=01
BC624R,https://products.api.bbraun.io/api/image/BC624R?countryISOCode=01
BC625R,https://products.api.bbraun.io/api/image/BC625R?countryISOCode=01
BC627R,https://products.api.bbraun.io/api/image/BC627R?countryISOCode=01
BC628R,https://products.api.bbraun.io/api/image/BC628R?countryISOCode=01
BC629R,https://products.api.bbraun.io/api/image/BC629R?countryISOCode=01
BC630R,https://products.api.bbraun.io/api/image/BC630R?countryISOCode=01
BC631R,https://products.api.bbraun.io/api/image/BC631R?countryISOCode=01
BC633R,https://products.api.bbraun.io/api/image/BC633R?countryISOCode=01
BC634R,https://products.api.bbraun.io/api/image/BC634R?countryISOCode=01
BC635R,https://products.api.bbraun.io/api/image/BC635R?countryISOCode=01
BC636R,https://products.api.bbraun.io/api/image/BC636R?countryISOCode=01
BC638R,https://products.api.bbraun.io/api/image/BC638R?countryISOCode=01
BC639R,https://products.api.bbraun.io/api/image/BC639R?countryISOCode=01
BC640R,https://products.api.bbraun.io/api/image/BC640R?countryISOCode=01
BC641R,https://products.api.bbraun.io/api/image/BC641R?countryISOCode=01
BC642R,https://products.api.bbraun.io/api/image/BC642R?countryISOCode=01
BC643R,https://products.api.bbraun.io/api/image/BC643R?countryISOCode=01
BC644R,https://products.api.bbraun.io/api/image/BC644R?countryISOCode=01
BC645R,https://products.api.bbraun.io/api/image/BC645R?countryISOCode=01
BC646R,https://products.api.bbraun.io/api/image/BC646R?countryISOCode=01
BC647R,https://products.api.bbraun.io/api/image/BC647R?countryISOCode=01
BC648R,https://products.api.bbraun.io/api/image/BC648R?countryISOCode=01
BC649R,https://products.api.bbraun.io/api/image/BC649R?countryISOCode=01
BC650R,https://products.api.bbraun.io/api/image/BC650R?countryISOCode=01
BC651R,https://products.api.bbraun.io/api/image/BC651R?countryISOCode=01
BC652R,https://products.api.bbraun.io/api/image/BC652R?countryISOCode=01
BC653R,https://products.api.bbraun.io/api/image/BC653R?countryISOCode=01
BC654R,https://products.api.bbraun.io/api/image/BC654R?countryISOCode=01
BC656R,https://products.api.bbraun.io/api/image/BC656R?countryISOCode=01
BC657R,https://products.api.bbraun.io/api/image/BC657R?countryISOCode=01
BC658R,https://products.api.bbraun.io/api/image/BC658R?countryISOCode=01
BC659R,https://products.api.bbraun.io/api/image/BC659R?countryISOCode=01
BC660R,https://products.api.bbraun.io/api/image/BC660R?countryISOCode=01
BC662R,https://products.api.bbraun.io/api/image/BC662R?countryISOCode=01
BC663R,https://products.api.bbraun.io/api/image/BC663R?countryISOCode=01
BC664R,https://products.api.bbraun.io/api/image/BC664R?countryISOCode=01
BC669R,https://products.api.bbraun.io/api/image/BC669R?countryISOCode=01
BC670R,https://products.api.bbraun.io/api/image/BC670R?countryISOCode=01
BC672R,https://products.api.bbraun.io/api/image/BC672R?countryISOCode=01
BC678R,None
BC679R,None
BC680R,https://products.api.bbraun.io/api/image/BC680R?countryISOCode=01
BC683R,https://products.api.bbraun.io/api/image/BC683R?countryISOCode=01
BC685R,https://products.api.bbraun.io/api/image/BC685R?countryISOCode=01
BC686R,https://products.api.bbraun.io/api/image/BC686R?countryISOCode=01
BC687R,https://products.api.bbraun.io/api/image/BC687R?countryISOCode=01
BC688R,https://products.api.bbraun.io/api/image/BC688R?countryISOCode=01
BC689R,https://products.api.bbraun.io/api/image/BC689R?countryISOCode=01
BC690R,https://products.api.bbraun.io/api/image/BC690R?countryISOCode=01
BC691R,https://products.api.bbraun.io/api/image/BC691R?countryISOCode=01
BC692R,https://products.api.bbraun.io/api/image/BC692R?countryISOCode=01
BC693R,https://products.api.bbraun.io/api/image/BC693R?countryISOCode=01
BC694R,https://products.api.bbraun.io/api/image/BC694R?countryISOCode=01
BC695R,https://products.api.bbraun.io/api/image/BC695R?countryISOCode=01
BC696R,https://products.api.bbraun.io/api/image/BC696R?countryISOCode=01
BC697R,https://products.api.bbraun.io/api/image/BC697R?countryISOCode=01
BC698R,https://products.api.bbraun.io/api/image/BC698R?countryISOCode=01
BC699R,https://products.api.bbraun.io/api/image/BC699R?countryISOCode=01
BC702R,https://products.api.bbraun.io/api/image/BC702R?countryISOCode=01
BC703R,https://products.api.bbraun.io/api/image/BC703R?countryISOCode=01
BC704R,https://products.api.bbraun.io/api/image/BC704R?countryISOCode=01
BC708R,https://products.api.bbraun.io/api/image/BC708R?countryISOCode=01
BC715R,https://products.api.bbraun.io/api/image/BC715R?countryISOCode=01
BC721R,https://products.api.bbraun.io/api/image/BC721R?countryISOCode=01
BC723R,https://products.api.bbraun.io/api/image/BC723R?countryISOCode=01
BC731R,https://products.api.bbraun.io/api/image/BC731R?countryISOCode=01
BC741R,https://products.api.bbraun.io/api/image/BC741R?countryISOCode=01
BC743R,https://products.api.bbraun.io/api/image/BC743R?countryISOCode=01
BC746R,https://products.api.bbraun.io/api/image/BC746R?countryISOCode=01
BC748R,https://products.api.bbraun.io/api/image/BC748R?countryISOCode=01
BC760R,https://products.api.bbraun.io/api/image/BC760R?countryISOCode=01
BC761R,https://products.api.bbraun.io/api/image/BC761R?countryISOCode=01
BC762R,https://products.api.bbraun.io/api/image/BC762R?countryISOCode=01
BC763R,https://products.api.bbraun.io/api/image/BC763R?countryISOCode=01
BC764R,https://products.api.bbraun.io/api/image/BC764R?countryISOCode=01
BC765R,https://products.api.bbraun.io/api/image/BC765R?countryISOCode=01
BC771R,https://products.api.bbraun.io/api/image/BC771R?countryISOCode=01
BC772R,https://products.api.bbraun.io/api/image/BC772R?countryISOCode=01
BC774R,https://products.api.bbraun.io/api/image/BC774R?countryISOCode=01
BC776R,https://products.api.bbraun.io/api/image/BC776R?countryISOCode=01
BC796R,https://products.api.bbraun.io/api/image/BC796R?countryISOCode=01
BC797R,https://products.api.bbraun.io/api/image/BC797R?countryISOCode=01
BC801R,https://products.api.bbraun.io/api/image/BC801R?countryISOCode=01
BC802R,https://products.api.bbraun.io/api/image/BC802R?countryISOCode=01
BC803R,https://products.api.bbraun.io/api/image/BC803R?countryISOCode=01
BC805R,https://products.api.bbraun.io/api/image/BC805R?countryISOCode=01
BC815R,https://products.api.bbraun.io/api/image/BC815R?countryISOCode=01
BC835R,https://products.api.bbraun.io/api/image/BC835R?countryISOCode=01
BC838R,https://products.api.bbraun.io/api/image/BC838R?countryISOCode=01
BC846R,https://products.api.bbraun.io/api/image/BC846R?countryISOCode=01
BC847R,https://products.api.bbraun.io/api/image/BC847R?countryISOCode=01
BC848R,https://products.api.bbraun.io/api/image/BC848R?countryISOCode=01
BC849R,https://products.api.bbraun.io/api/image/BC849R?countryISOCode=01
BC860R,https://products.api.bbraun.io/api/image/BC860R?countryISOCode=01
BC861R,https://products.api.bbraun.io/api/image/BC861R?countryISOCode=01
BC861SU,https://products.api.bbraun.io/api/image/BC861SU?countryISOCode=01
BC862R,https://products.api.bbraun.io/api/image/BC862R?countryISOCode=01
BC863R,https://products.api.bbraun.io/api/image/BC863R?countryISOCode=01
BC876R,https://products.api.bbraun.io/api/image/BC876R?countryISOCode=01
BC881R,https://products.api.bbraun.io/api/image/BC881R?countryISOCode=01
BC885R,https://products.api.bbraun.io/api/image/BC885R?countryISOCode=01
BC888R,https://products.api.bbraun.io/api/image/BC888R?countryISOCode=01
BC890R,https://products.api.bbraun.io/api/image/BC890R?countryISOCode=01
BC900R,https://products.api.bbraun.io/api/image/BC900R?countryISOCode=01
BC901R,https://products.api.bbraun.io/api/image/BC901R?countryISOCode=01
BC903R,https://products.api.bbraun.io/api/image/BC903R?countryISOCode=01
BC904R,https://products.api.bbraun.io/api/image/BC904R?countryISOCode=01
BC905R,https://products.api.bbraun.io/api/image/BC905R?countryISOCode=01
BC906R,https://products.api.bbraun.io/api/image/BC906R?countryISOCode=01
BC907R,https://products.api.bbraun.io/api/image/BC907R?countryISOCode=01
BC909R,https://products.api.bbraun.io/api/image/BC909R?countryISOCode=01
BC911R,https://products.api.bbraun.io/api/image/BC911R?countryISOCode=01
BC915R,https://products.api.bbraun.io/api/image/BC915R?countryISOCode=01
BC916R,https://products.api.bbraun.io/api/image/BC916R?countryISOCode=01
BC917R,https://products.api.bbraun.io/api/image/BC917R?countryISOCode=01
BC919R,https://products.api.bbraun.io/api/image/BC919R?countryISOCode=01
BC920R,https://products.api.bbraun.io/api/image/BC920R?countryISOCode=01
BC921R,https://products.api.bbraun.io/api/image/BC921R?countryISOCode=01
BC924R,https://products.api.bbraun.io/api/image/BC924R?countryISOCode=01
BC925R,https://products.api.bbraun.io/api/image/BC925R?countryISOCode=01
BC926R,https://products.api.bbraun.io/api/image/BC926R?countryISOCode=01
BC927R,https://products.api.bbraun.io/api/image/BC927R?countryISOCode=01
BC929R,https://products.api.bbraun.io/api/image/BC929R?countryISOCode=01
BC930R,https://products.api.bbraun.io/api/image/BC930R?countryISOCode=01
BC931R,https://products.api.bbraun.io/api/image/BC931R?countryISOCode=01
BC933R,https://products.api.bbraun.io/api/image/BC933R?countryISOCode=01
BC934R,https://products.api.bbraun.io/api/image/BC934R?countryISOCode=01
BC935R,https://products.api.bbraun.io/api/image/BC935R?countryISOCode=01
BC936R,https://products.api.bbraun.io/api/image/BC936R?countryISOCode=01
BC937R,https://products.api.bbraun.io/api/image/BC937R?countryISOCode=01
BC938R,https://products.api.bbraun.io/api/image/BC938R?countryISOCode=01
BC939R,https://products.api.bbraun.io/api/image/BC939R?countryISOCode=01
BC945R,https://products.api.bbraun.io/api/image/BC945R?countryISOCode=01
BC947R,https://products.api.bbraun.io/api/image/BC947R?countryISOCode=01
BC949R,https://products.api.bbraun.io/api/image/BC949R?countryISOCode=01
BC951R,https://products.api.bbraun.io/api/image/BC951R?countryISOCode=01
BC957R,https://products.api.bbraun.io/api/image/BC957R?countryISOCode=01
BC958R,https://products.api.bbraun.io/api/image/BC958R?countryISOCode=01
BC959R,https://products.api.bbraun.io/api/image/BC959R?countryISOCode=01
BC970R,https://products.api.bbraun.io/api/image/BC970R?countryISOCode=01
BC971R,https://products.api.bbraun.io/api/image/BC971R?countryISOCode=01
BC973R,https://products.api.bbraun.io/api/image/BC973R?countryISOCode=01
BC975R,https://products.api.bbraun.io/api/image/BC975R?countryISOCode=01
BC977R,https://products.api.bbraun.io/api/image/BC977R?countryISOCode=01
BC978R,https://products.api.bbraun.io/api/image/BC978R?countryISOCode=01
BC979R,https://products.api.bbraun.io/api/image/BC979R?countryISOCode=01
BC980R,https://products.api.bbraun.io/api/image/BC980R?countryISOCode=01
BC981R,https://products.api.bbraun.io/api/image/BC981R?countryISOCode=01
BC983R,https://products.api.bbraun.io/api/image/BC983R?countryISOCode=01
BC985R,https://products.api.bbraun.io/api/image/BC985R?countryISOCode=01
BC987R,https://products.api.bbraun.io/api/image/BC987R?countryISOCode=01
BC988R,https://products.api.bbraun.io/api/image/BC988R?countryISOCode=01
BC989R,https://products.api.bbraun.io/api/image/BC989R?countryISOCode=01
BD023R,https://products.api.bbraun.io/api/image/BD023R?countryISOCode=01
BD025R,https://products.api.bbraun.io/api/image/BD025R?countryISOCode=01
BD027R,https://products.api.bbraun.io/api/image/BD027R?countryISOCode=01
BD029R,https://products.api.bbraun.io/api/image/BD029R?countryISOCode=01
BD030R,https://products.api.bbraun.io/api/image/BD030R?countryISOCode=01
BD031R,https://products.api.bbraun.io/api/image/BD031R?countryISOCode=01
BD032R,https://products.api.bbraun.io/api/image/BD032R?countryISOCode=01
BD033R,https://products.api.bbraun.io/api/image/BD033R?countryISOCode=01
BD035R,https://products.api.bbraun.io/api/image/BD035R?countryISOCode=01
BD037R,https://products.api.bbraun.io/api/image/BD037R?countryISOCode=01
BD043R,https://products.api.bbraun.io/api/image/BD043R?countryISOCode=01
BD045R,https://products.api.bbraun.io/api/image/BD045R?countryISOCode=01
BD047R,https://products.api.bbraun.io/api/image/BD047R?countryISOCode=01
BD047SU,https://products.api.bbraun.io/api/image/BD047SU?countryISOCode=01
BD049R,https://products.api.bbraun.io/api/image/BD049R?countryISOCode=01
BD050R,https://products.api.bbraun.io/api/image/BD050R?countryISOCode=01
BD051R,https://products.api.bbraun.io/api/image/BD051R?countryISOCode=01
BD052R,https://products.api.bbraun.io/api/image/BD052R?countryISOCode=01
BD053R,https://products.api.bbraun.io/api/image/BD053R?countryISOCode=01
BD065R,https://products.api.bbraun.io/api/image/BD065R?countryISOCode=01
BD067R,https://products.api.bbraun.io/api/image/BD067R?countryISOCode=01
BD068R,https://products.api.bbraun.io/api/image/BD068R?countryISOCode=01
BD069R,https://products.api.bbraun.io/api/image/BD069R?countryISOCode=01
BD077R,https://products.api.bbraun.io/api/image/BD077R?countryISOCode=01
BD078R,https://products.api.bbraun.io/api/image/BD078R?countryISOCode=01
BD081R,https://products.api.bbraun.io/api/image/BD081R?countryISOCode=01
BD083R,https://products.api.bbraun.io/api/image/BD083R?countryISOCode=01
BD130R,https://products.api.bbraun.io/api/image/BD130R?countryISOCode=01
BD151R,https://products.api.bbraun.io/api/image/BD151R?countryISOCode=01
BD154R,https://products.api.bbraun.io/api/image/BD154R?countryISOCode=01
BD156R,https://products.api.bbraun.io/api/image/BD156R?countryISOCode=01
BD157R,https://products.api.bbraun.io/api/image/BD157R?countryISOCode=01
BD158R,https://products.api.bbraun.io/api/image/BD158R?countryISOCode=01
BD159R,https://products.api.bbraun.io/api/image/BD159R?countryISOCode=01
BD160R,https://products.api.bbraun.io/api/image/BD160R?countryISOCode=01
BD164R,https://products.api.bbraun.io/api/image/BD164R?countryISOCode=01
BD165R,https://products.api.bbraun.io/api/image/BD165R?countryISOCode=01
BD166R,https://products.api.bbraun.io/api/image/BD166R?countryISOCode=01
BD168R,https://products.api.bbraun.io/api/image/BD168R?countryISOCode=01
BD171R,https://products.api.bbraun.io/api/image/BD171R?countryISOCode=01
BD173R,https://products.api.bbraun.io/api/image/BD173R?countryISOCode=01
BD180R,https://products.api.bbraun.io/api/image/BD180R?countryISOCode=01
BD181R,https://products.api.bbraun.io/api/image/BD181R?countryISOCode=01
BD190R,https://products.api.bbraun.io/api/image/BD190R?countryISOCode=01
BD191R,https://products.api.bbraun.io/api/image/BD191R?countryISOCode=01
BD192R,https://products.api.bbraun.io/api/image/BD192R?countryISOCode=01
BD194R,https://products.api.bbraun.io/api/image/BD194R?countryISOCode=01
BD195R,https://products.api.bbraun.io/api/image/BD195R?countryISOCode=01
BD196R,https://products.api.bbraun.io/api/image/BD196R?countryISOCode=01
BD200R,https://products.api.bbraun.io/api/image/BD200R?countryISOCode=01
BD201R,https://products.api.bbraun.io/api/image/BD201R?countryISOCode=01
BD210R,https://products.api.bbraun.io/api/image/BD210R?countryISOCode=01
BD213R,https://products.api.bbraun.io/api/image/BD213R?countryISOCode=01
BD215R,https://products.api.bbraun.io/api/image/BD215R?countryISOCode=01
BD216R,https://products.api.bbraun.io/api/image/BD216R?countryISOCode=01
BD217R,https://products.api.bbraun.io/api/image/BD217R?countryISOCode=01
BD220R,https://products.api.bbraun.io/api/image/BD220R?countryISOCode=01
BD222R,https://products.api.bbraun.io/api/image/BD222R?countryISOCode=01
BD222SU,https://products.api.bbraun.io/api/image/BD222SU?countryISOCode=01
BD223R,https://products.api.bbraun.io/api/image/BD223R?countryISOCode=01
BD224R,https://products.api.bbraun.io/api/image/BD224R?countryISOCode=01
BD225R,https://products.api.bbraun.io/api/image/BD225R?countryISOCode=01
BD226R,https://products.api.bbraun.io/api/image/BD226R?countryISOCode=01
BD227T,https://products.api.bbraun.io/api/image/BD227T?countryISOCode=01
BD228R,https://products.api.bbraun.io/api/image/BD228R?countryISOCode=01
BD229R,https://products.api.bbraun.io/api/image/BD229R?countryISOCode=01
BD230R,https://products.api.bbraun.io/api/image/BD230R?countryISOCode=01
BD231R,https://products.api.bbraun.io/api/image/BD231R?countryISOCode=01
BD232R,https://products.api.bbraun.io/api/image/BD232R?countryISOCode=01
BD236R,https://products.api.bbraun.io/api/image/BD236R?countryISOCode=01
BD238R,https://products.api.bbraun.io/api/image/BD238R?countryISOCode=01
BD239R,https://products.api.bbraun.io/api/image/BD239R?countryISOCode=01
BD239SU,https://products.api.bbraun.io/api/image/BD239SU?countryISOCode=01
BD240R,https://products.api.bbraun.io/api/image/BD240R?countryISOCode=01
BD243R,https://products.api.bbraun.io/api/image/BD243R?countryISOCode=01
BD246R,https://products.api.bbraun.io/api/image/BD246R?countryISOCode=01
BD247R,None
BD250R,https://products.api.bbraun.io/api/image/BD250R?countryISOCode=01
BD257R,https://products.api.bbraun.io/api/image/BD257R?countryISOCode=01
BD260R,https://products.api.bbraun.io/api/image/BD260R?countryISOCode=01
BD261R,https://products.api.bbraun.io/api/image/BD261R?countryISOCode=01
BD264R,https://products.api.bbraun.io/api/image/BD264R?countryISOCode=01
BD268R,https://products.api.bbraun.io/api/image/BD268R?countryISOCode=01
BD269R,https://products.api.bbraun.io/api/image/BD269R?countryISOCode=01
BD301R,https://products.api.bbraun.io/api/image/BD301R?countryISOCode=01
BD302R,https://products.api.bbraun.io/api/image/BD302R?countryISOCode=01
BD303R,https://products.api.bbraun.io/api/image/BD303R?countryISOCode=01
BD304R,https://products.api.bbraun.io/api/image/BD304R?countryISOCode=01
BD305R,https://products.api.bbraun.io/api/image/BD305R?countryISOCode=01
BD311R,https://products.api.bbraun.io/api/image/BD311R?countryISOCode=01
BD312R,https://products.api.bbraun.io/api/image/BD312R?countryISOCode=01
BD313R,https://products.api.bbraun.io/api/image/BD313R?countryISOCode=01
BD314R,https://products.api.bbraun.io/api/image/BD314R?countryISOCode=01
BD315R,https://products.api.bbraun.io/api/image/BD315R?countryISOCode=01
BD320R,https://products.api.bbraun.io/api/image/BD320R?countryISOCode=01
BD321R,https://products.api.bbraun.io/api/image/BD321R?countryISOCode=01
BD329R,https://products.api.bbraun.io/api/image/BD329R?countryISOCode=01
BD330R,https://products.api.bbraun.io/api/image/BD330R?countryISOCode=01
BD331R,https://products.api.bbraun.io/api/image/BD331R?countryISOCode=01
BD333R,https://products.api.bbraun.io/api/image/BD333R?countryISOCode=01
BD335R,https://products.api.bbraun.io/api/image/BD335R?countryISOCode=01
BD336R,https://products.api.bbraun.io/api/image/BD336R?countryISOCode=01
BD337R,https://products.api.bbraun.io/api/image/BD337R?countryISOCode=01
BD338R,https://products.api.bbraun.io/api/image/BD338R?countryISOCode=01
BD340R,https://products.api.bbraun.io/api/image/BD340R?countryISOCode=01
BD343R,https://products.api.bbraun.io/api/image/BD343R?countryISOCode=01
BD345R,https://products.api.bbraun.io/api/image/BD345R?countryISOCode=01
BD500R,https://products.api.bbraun.io/api/image/BD500R?countryISOCode=01
BD501R,https://products.api.bbraun.io/api/image/BD501R?countryISOCode=01
BD502R,https://products.api.bbraun.io/api/image/BD502R?countryISOCode=01
BD505R,https://products.api.bbraun.io/api/image/BD505R?countryISOCode=01
BD506R,https://products.api.bbraun.io/api/image/BD506R?countryISOCode=01
BD507R,https://products.api.bbraun.io/api/image/BD507R?countryISOCode=01
BD508R,https://products.api.bbraun.io/api/image/BD508R?countryISOCode=01
BD509R,https://products.api.bbraun.io/api/image/BD509R?countryISOCode=01
BD510R,https://products.api.bbraun.io/api/image/BD510R?countryISOCode=01
BD511R,https://products.api.bbraun.io/api/image/BD511R?countryISOCode=01
BD512R,https://products.api.bbraun.io/api/image/BD512R?countryISOCode=01
BD512SU,https://products.api.bbraun.io/api/image/BD512SU?countryISOCode=01
BD513R,https://products.api.bbraun.io/api/image/BD513R?countryISOCode=01
BD520R,https://products.api.bbraun.io/api/image/BD520R?countryISOCode=01
BD521R,https://products.api.bbraun.io/api/image/BD521R?countryISOCode=01
BD522R,https://products.api.bbraun.io/api/image/BD522R?countryISOCode=01
BD523R,https://products.api.bbraun.io/api/image/BD523R?countryISOCode=01
BD527R,https://products.api.bbraun.io/api/image/BD527R?countryISOCode=01
BD533R,https://products.api.bbraun.io/api/image/BD533R?countryISOCode=01
BD535R,https://products.api.bbraun.io/api/image/BD535R?countryISOCode=01
BD537R,https://products.api.bbraun.io/api/image/BD537R?countryISOCode=01
BD539R,https://products.api.bbraun.io/api/image/BD539R?countryISOCode=01
BD540R,https://products.api.bbraun.io/api/image/BD540R?countryISOCode=01
BD541R,https://products.api.bbraun.io/api/image/BD541R?countryISOCode=01
BD542R,https://products.api.bbraun.io/api/image/BD542R?countryISOCode=01
BD543R,https://products.api.bbraun.io/api/image/BD543R?countryISOCode=01
BD547R,https://products.api.bbraun.io/api/image/BD547R?countryISOCode=01
BD549R,https://products.api.bbraun.io/api/image/BD549R?countryISOCode=01
BD552R,https://products.api.bbraun.io/api/image/BD552R?countryISOCode=01
BD553R,https://products.api.bbraun.io/api/image/BD553R?countryISOCode=01
BD555R,None
BD557R,None
BD557SU,https://products.api.bbraun.io/api/image/BD557SU?countryISOCode=01
BD559R,https://products.api.bbraun.io/api/image/BD559R?countryISOCode=01
BD560R,https://products.api.bbraun.io/api/image/BD560R?countryISOCode=01
BD561R,https://products.api.bbraun.io/api/image/BD561R?countryISOCode=01
BD562R,https://products.api.bbraun.io/api/image/BD562R?countryISOCode=01
BD563R,https://products.api.bbraun.io/api/image/BD563R?countryISOCode=01
BD564R,https://products.api.bbraun.io/api/image/BD564R?countryISOCode=01
BD575R,https://products.api.bbraun.io/api/image/BD575R?countryISOCode=01
BD577R,https://products.api.bbraun.io/api/image/BD577R?countryISOCode=01
BD579R,https://products.api.bbraun.io/api/image/BD579R?countryISOCode=01
BD580R,https://products.api.bbraun.io/api/image/BD580R?countryISOCode=01
BD581R,https://products.api.bbraun.io/api/image/BD581R?countryISOCode=01
BD587R,https://products.api.bbraun.io/api/image/BD587R?countryISOCode=01
BD589R,https://products.api.bbraun.io/api/image/BD589R?countryISOCode=01
BD591R,https://products.api.bbraun.io/api/image/BD591R?countryISOCode=01
BD597R,https://products.api.bbraun.io/api/image/BD597R?countryISOCode=01
BD598R,https://products.api.bbraun.io/api/image/BD598R?countryISOCode=01
BD600R,https://products.api.bbraun.io/api/image/BD600R?countryISOCode=01
BD602R,https://products.api.bbraun.io/api/image/BD602R?countryISOCode=01
BD603R,https://products.api.bbraun.io/api/image/BD603R?countryISOCode=01
BD604R,https://products.api.bbraun.io/api/image/BD604R?countryISOCode=01
BD606R,https://products.api.bbraun.io/api/image/BD606R?countryISOCode=01
BD607R,https://products.api.bbraun.io/api/image/BD607R?countryISOCode=01
BD608R,https://products.api.bbraun.io/api/image/BD608R?countryISOCode=01
BD609R,https://products.api.bbraun.io/api/image/BD609R?countryISOCode=01
BD610R,https://products.api.bbraun.io/api/image/BD610R?countryISOCode=01
BD611R,https://products.api.bbraun.io/api/image/BD611R?countryISOCode=01
BD651R,https://products.api.bbraun.io/api/image/BD651R?countryISOCode=01
BD660R,https://products.api.bbraun.io/api/image/BD660R?countryISOCode=01
BD661R,https://products.api.bbraun.io/api/image/BD661R?countryISOCode=01
BD662R,https://products.api.bbraun.io/api/image/BD662R?countryISOCode=01
BD663R,https://products.api.bbraun.io/api/image/BD663R?countryISOCode=01
BD664R,https://products.api.bbraun.io/api/image/BD664R?countryISOCode=01
BD665R,https://products.api.bbraun.io/api/image/BD665R?countryISOCode=01
BD666R,https://products.api.bbraun.io/api/image/BD666R?countryISOCode=01
BD667R,https://products.api.bbraun.io/api/image/BD667R?countryISOCode=01
BD668R,https://products.api.bbraun.io/api/image/BD668R?countryISOCode=01
BD669R,https://products.api.bbraun.io/api/image/BD669R?countryISOCode=01
BD670R,https://products.api.bbraun.io/api/image/BD670R?countryISOCode=01
BD671R,https://products.api.bbraun.io/api/image/BD671R?countryISOCode=01
BD671SU,https://products.api.bbraun.io/api/image/BD671SU?countryISOCode=01
BD672R,https://products.api.bbraun.io/api/image/BD672R?countryISOCode=01
BD679R,https://products.api.bbraun.io/api/image/BD679R?countryISOCode=01
BD690R,https://products.api.bbraun.io/api/image/BD690R?countryISOCode=01
BD692R,https://products.api.bbraun.io/api/image/BD692R?countryISOCode=01
BD693R,https://products.api.bbraun.io/api/image/BD693R?countryISOCode=01
BD700R,https://products.api.bbraun.io/api/image/BD700R?countryISOCode=01
BD701R,https://products.api.bbraun.io/api/image/BD701R?countryISOCode=01
BD702R,https://products.api.bbraun.io/api/image/BD702R?countryISOCode=01
BD704R,https://products.api.bbraun.io/api/image/BD704R?countryISOCode=01
BD705R,https://products.api.bbraun.io/api/image/BD705R?countryISOCode=01
BD710R,https://products.api.bbraun.io/api/image/BD710R?countryISOCode=01
BD711R,https://products.api.bbraun.io/api/image/BD711R?countryISOCode=01
BD712R,https://products.api.bbraun.io/api/image/BD712R?countryISOCode=01
BD725R,https://products.api.bbraun.io/api/image/BD725R?countryISOCode=01
BD726R,https://products.api.bbraun.io/api/image/BD726R?countryISOCode=01
BD727R,https://products.api.bbraun.io/api/image/BD727R?countryISOCode=01
BD735R,https://products.api.bbraun.io/api/image/BD735R?countryISOCode=01
BD736R,https://products.api.bbraun.io/api/image/BD736R?countryISOCode=01
BD750R,https://products.api.bbraun.io/api/image/BD750R?countryISOCode=01
BD755R,https://products.api.bbraun.io/api/image/BD755R?countryISOCode=01
BD760R,https://products.api.bbraun.io/api/image/BD760R?countryISOCode=01
BD761R,https://products.api.bbraun.io/api/image/BD761R?countryISOCode=01
BD765R,https://products.api.bbraun.io/api/image/BD765R?countryISOCode=01
BD766R,https://products.api.bbraun.io/api/image/BD766R?countryISOCode=01
BD768R,https://products.api.bbraun.io/api/image/BD768R?countryISOCode=01
BD801R,https://products.api.bbraun.io/api/image/BD801R?countryISOCode=01
BD802R,https://products.api.bbraun.io/api/image/BD802R?countryISOCode=01
BD820R,https://products.api.bbraun.io/api/image/BD820R?countryISOCode=01
BD835R,https://products.api.bbraun.io/api/image/BD835R?countryISOCode=01
BD836R,https://products.api.bbraun.io/api/image/BD836R?countryISOCode=01
BD837R,https://products.api.bbraun.io/api/image/BD837R?countryISOCode=01
BD838B,None
BD840R,https://products.api.bbraun.io/api/image/BD840R?countryISOCode=01
BD841R,https://products.api.bbraun.io/api/image/BD841R?countryISOCode=01
BD845R,https://products.api.bbraun.io/api/image/BD845R?countryISOCode=01
BD846R,https://products.api.bbraun.io/api/image/BD846R?countryISOCode=01
BD850R,https://products.api.bbraun.io/api/image/BD850R?countryISOCode=01
BD851R,https://products.api.bbraun.io/api/image/BD851R?countryISOCode=01
BD852R,https://products.api.bbraun.io/api/image/BD852R?countryISOCode=01
BD853R,https://products.api.bbraun.io/api/image/BD853R?countryISOCode=01
BD854R,https://products.api.bbraun.io/api/image/BD854R?countryISOCode=01
BD855R,https://products.api.bbraun.io/api/image/BD855R?countryISOCode=01
BD856R,https://products.api.bbraun.io/api/image/BD856R?countryISOCode=01
BD857R,https://products.api.bbraun.io/api/image/BD857R?countryISOCode=01
BD858R,https://products.api.bbraun.io/api/image/BD858R?countryISOCode=01
BD859R,https://products.api.bbraun.io/api/image/BD859R?countryISOCode=01
BD860R,https://products.api.bbraun.io/api/image/BD860R?countryISOCode=01
BD870R,https://products.api.bbraun.io/api/image/BD870R?countryISOCode=01
BD878R,https://products.api.bbraun.io/api/image/BD878R?countryISOCode=01
BD879R,https://products.api.bbraun.io/api/image/BD879R?countryISOCode=01
BD880R,https://products.api.bbraun.io/api/image/BD880R?countryISOCode=01
BD883R,https://products.api.bbraun.io/api/image/BD883R?countryISOCode=01
BD885R,https://products.api.bbraun.io/api/image/BD885R?countryISOCode=01
BD886R,https://products.api.bbraun.io/api/image/BD886R?countryISOCode=01
BD887R,https://products.api.bbraun.io/api/image/BD887R?countryISOCode=01
BD888R,https://products.api.bbraun.io/api/image/BD888R?countryISOCode=01
BD900R,https://products.api.bbraun.io/api/image/BD900R?countryISOCode=01
BD902R,https://products.api.bbraun.io/api/image/BD902R?countryISOCode=01
BD903R,https://products.api.bbraun.io/api/image/BD903R?countryISOCode=01
BD904R,https://products.api.bbraun.io/api/image/BD904R?countryISOCode=01
BD905R,None
BD910R,https://products.api.bbraun.io/api/image/BD910R?countryISOCode=01
BD911R,https://products.api.bbraun.io/api/image/BD911R?countryISOCode=01
BD952R,https://products.api.bbraun.io/api/image/BD952R?countryISOCode=01
BD963R,https://products.api.bbraun.io/api/image/BD963R?countryISOCode=01
BD964R,https://products.api.bbraun.io/api/image/BD964R?countryISOCode=01
BD965R,https://products.api.bbraun.io/api/image/BD965R?countryISOCode=01
BD980R,https://products.api.bbraun.io/api/image/BD980R?countryISOCode=01
BD992R,https://products.api.bbraun.io/api/image/BD992R?countryISOCode=01
BD993R,https://products.api.bbraun.io/api/image/BD993R?countryISOCode=01
BD995R,https://products.api.bbraun.io/api/image/BD995R?countryISOCode=01
BF003R,https://products.api.bbraun.io/api/image/BF003R?countryISOCode=01
BF004R,https://products.api.bbraun.io/api/image/BF004R?countryISOCode=01
BF006R,https://products.api.bbraun.io/api/image/BF006R?countryISOCode=01
BF008R,https://products.api.bbraun.io/api/image/BF008R?countryISOCode=01
BF010R,https://products.api.bbraun.io/api/image/BF010R?countryISOCode=01
BF016R,https://products.api.bbraun.io/api/image/BF016R?countryISOCode=01
BF021R,https://products.api.bbraun.io/api/image/BF021R?countryISOCode=01
BF027R,https://products.api.bbraun.io/api/image/BF027R?countryISOCode=01
BF032R,https://products.api.bbraun.io/api/image/BF032R?countryISOCode=01
BF033R,https://products.api.bbraun.io/api/image/BF033R?countryISOCode=01
BF040R,https://products.api.bbraun.io/api/image/BF040R?countryISOCode=01
BF041R,https://products.api.bbraun.io/api/image/BF041R?countryISOCode=01
BF046R,https://products.api.bbraun.io/api/image/BF046R?countryISOCode=01
BF046SU,https://products.api.bbraun.io/api/image/BF046SU?countryISOCode=01
BF047R,https://products.api.bbraun.io/api/image/BF047R?countryISOCode=01
BF047SU,https://products.api.bbraun.io/api/image/BF047SU?countryISOCode=01
BF056R,https://products.api.bbraun.io/api/image/BF056R?countryISOCode=01
BF057R,https://products.api.bbraun.io/api/image/BF057R?countryISOCode=01
BF058R,https://products.api.bbraun.io/api/image/BF058R?countryISOCode=01
BF059R,https://products.api.bbraun.io/api/image/BF059R?countryISOCode=01
BF059SU,https://products.api.bbraun.io/api/image/BF059SU?countryISOCode=01
BF060R,https://products.api.bbraun.io/api/image/BF060R?countryISOCode=01
BF061R,https://products.api.bbraun.io/api/image/BF061R?countryISOCode=01
BF062R,https://products.api.bbraun.io/api/image/BF062R?countryISOCode=01
BF063R,https://products.api.bbraun.io/api/image/BF063R?countryISOCode=01
BF065R,https://products.api.bbraun.io/api/image/BF065R?countryISOCode=01
BF070R,https://products.api.bbraun.io/api/image/BF070R?countryISOCode=01
BF071R,https://products.api.bbraun.io/api/image/BF071R?countryISOCode=01
BF076R,https://products.api.bbraun.io/api/image/BF076R?countryISOCode=01
BF077R,https://products.api.bbraun.io/api/image/BF077R?countryISOCode=01
BF078R,https://products.api.bbraun.io/api/image/BF078R?countryISOCode=01
BF091R,https://products.api.bbraun.io/api/image/BF091R?countryISOCode=01
BF092R,https://products.api.bbraun.io/api/image/BF092R?countryISOCode=01
BF098R,https://products.api.bbraun.io/api/image/BF098R?countryISOCode=01
BF112R,https://products.api.bbraun.io/api/image/BF112R?countryISOCode=01
BF113R,https://products.api.bbraun.io/api/image/BF113R?countryISOCode=01
BF116R,https://products.api.bbraun.io/api/image/BF116R?countryISOCode=01
BF118R,https://products.api.bbraun.io/api/image/BF118R?countryISOCode=01
BF120R,https://products.api.bbraun.io/api/image/BF120R?countryISOCode=01
BF121R,https://products.api.bbraun.io/api/image/BF121R?countryISOCode=01
BF122R,https://products.api.bbraun.io/api/image/BF122R?countryISOCode=01
BF123R,https://products.api.bbraun.io/api/image/BF123R?countryISOCode=01
BF135R,https://products.api.bbraun.io/api/image/BF135R?countryISOCode=01
BF136R,https://products.api.bbraun.io/api/image/BF136R?countryISOCode=01
BF299R,None
BF300R,https://products.api.bbraun.io/api/image/BF300R?countryISOCode=01
BF301R,https://products.api.bbraun.io/api/image/BF301R?countryISOCode=01
BF303R,https://products.api.bbraun.io/api/image/BF303R?countryISOCode=01
BF306R,https://products.api.bbraun.io/api/image/BF306R?countryISOCode=01
BF307R,https://products.api.bbraun.io/api/image/BF307R?countryISOCode=01
BF309R,https://products.api.bbraun.io/api/image/BF309R?countryISOCode=01
BF310R,https://products.api.bbraun.io/api/image/BF310R?countryISOCode=01
BF311R,https://products.api.bbraun.io/api/image/BF311R?countryISOCode=01
BF315R,https://products.api.bbraun.io/api/image/BF315R?countryISOCode=01
BF316R,https://products.api.bbraun.io/api/image/BF316R?countryISOCode=01
BF320R,None
BF324R,https://products.api.bbraun.io/api/image/BF324R?countryISOCode=01
BF326R,https://products.api.bbraun.io/api/image/BF326R?countryISOCode=01
BF401R,None
BF407R,https://products.api.bbraun.io/api/image/BF407R?countryISOCode=01
BF408R,https://products.api.bbraun.io/api/image/BF408R?countryISOCode=01
BF410R,https://products.api.bbraun.io/api/image/BF410R?countryISOCode=01
BF411R,https://products.api.bbraun.io/api/image/BF411R?countryISOCode=01
BF417R,https://products.api.bbraun.io/api/image/BF417R?countryISOCode=01
BF426R,https://products.api.bbraun.io/api/image/BF426R?countryISOCode=01
BF431R,https://products.api.bbraun.io/api/image/BF431R?countryISOCode=01
BF432R,https://products.api.bbraun.io/api/image/BF432R?countryISOCode=01
BF433R,https://products.api.bbraun.io/api/image/BF433R?countryISOCode=01
BF436R,https://products.api.bbraun.io/api/image/BF436R?countryISOCode=01
BF437R,https://products.api.bbraun.io/api/image/BF437R?countryISOCode=01
BF439R,https://products.api.bbraun.io/api/image/BF439R?countryISOCode=01
BF440R,https://products.api.bbraun.io/api/image/BF440R?countryISOCode=01
BF442R,https://products.api.bbraun.io/api/image/BF442R?countryISOCode=01
BF443R,https://products.api.bbraun.io/api/image/BF443R?countryISOCode=01
BF444R,https://products.api.bbraun.io/api/image/BF444R?countryISOCode=01
BF448R,https://products.api.bbraun.io/api/image/BF448R?countryISOCode=01
BF450R,None
BF451R,https://products.api.bbraun.io/api/image/BF451R?countryISOCode=01
BF452R,https://products.api.bbraun.io/api/image/BF452R?countryISOCode=01
BF458R,https://products.api.bbraun.io/api/image/BF458R?countryISOCode=01
BF459R,https://products.api.bbraun.io/api/image/BF459R?countryISOCode=01
BF460R,https://products.api.bbraun.io/api/image/BF460R?countryISOCode=01
BF461R,https://products.api.bbraun.io/api/image/BF461R?countryISOCode=01
BF463R,https://products.api.bbraun.io/api/image/BF463R?countryISOCode=01
BF464R,https://products.api.bbraun.io/api/image/BF464R?countryISOCode=01
BF465R,https://products.api.bbraun.io/api/image/BF465R?countryISOCode=01
BF466R,https://products.api.bbraun.io/api/image/BF466R?countryISOCode=01
BF491R,None
BF493R,None
BF494R,None
BH011R,https://products.api.bbraun.io/api/image/BH011R?countryISOCode=01
BH012R,https://products.api.bbraun.io/api/image/BH012R?countryISOCode=01
BH013R,https://products.api.bbraun.io/api/image/BH013R?countryISOCode=01
BH014R,https://products.api.bbraun.io/api/image/BH014R?countryISOCode=01
BH015R,https://products.api.bbraun.io/api/image/BH015R?countryISOCode=01
BH016R,https://products.api.bbraun.io/api/image/BH016R?countryISOCode=01
BH017R,https://products.api.bbraun.io/api/image/BH017R?countryISOCode=01
BH018R,https://products.api.bbraun.io/api/image/BH018R?countryISOCode=01
BH020R,https://products.api.bbraun.io/api/image/BH020R?countryISOCode=01
BH021R,https://products.api.bbraun.io/api/image/BH021R?countryISOCode=01
BH022R,https://products.api.bbraun.io/api/image/BH022R?countryISOCode=01
BH023R,https://products.api.bbraun.io/api/image/BH023R?countryISOCode=01
BH026R,https://products.api.bbraun.io/api/image/BH026R?countryISOCode=01
BH027R,https://products.api.bbraun.io/api/image/BH027R?countryISOCode=01
BH030R,https://products.api.bbraun.io/api/image/BH030R?countryISOCode=01
BH031R,https://products.api.bbraun.io/api/image/BH031R?countryISOCode=01
BH032R,https://products.api.bbraun.io/api/image/BH032R?countryISOCode=01
BH034R,https://products.api.bbraun.io/api/image/BH034R?countryISOCode=01
BH100R,https://products.api.bbraun.io/api/image/BH100R?countryISOCode=01
BH104R,https://products.api.bbraun.io/api/image/BH104R?countryISOCode=01
BH105R,https://products.api.bbraun.io/api/image/BH105R?countryISOCode=01
BH106R,https://products.api.bbraun.io/api/image/BH106R?countryISOCode=01
BH108R,https://products.api.bbraun.io/api/image/BH108R?countryISOCode=01
BH109R,https://products.api.bbraun.io/api/image/BH109R?countryISOCode=01
BH110R,https://products.api.bbraun.io/api/image/BH110R?countryISOCode=01
BH110SU,https://products.api.bbraun.io/api/image/BH110SU?countryISOCode=01
BH111R,https://products.api.bbraun.io/api/image/BH111R?countryISOCode=01
BH111SU,https://products.api.bbraun.io/api/image/BH111SU?countryISOCode=01
BH114R,https://products.api.bbraun.io/api/image/BH114R?countryISOCode=01
BH115R,https://products.api.bbraun.io/api/image/BH115R?countryISOCode=01
BH118R,https://products.api.bbraun.io/api/image/BH118R?countryISOCode=01
BH119R,https://products.api.bbraun.io/api/image/BH119R?countryISOCode=01
BH120R,https://products.api.bbraun.io/api/image/BH120R?countryISOCode=01
BH121R,https://products.api.bbraun.io/api/image/BH121R?countryISOCode=01
BH123R,https://products.api.bbraun.io/api/image/BH123R?countryISOCode=01
BH124R,https://products.api.bbraun.io/api/image/BH124R?countryISOCode=01
BH125R,https://products.api.bbraun.io/api/image/BH125R?countryISOCode=01
BH126R,https://products.api.bbraun.io/api/image/BH126R?countryISOCode=01
BH127R,https://products.api.bbraun.io/api/image/BH127R?countryISOCode=01
BH130R,https://products.api.bbraun.io/api/image/BH130R?countryISOCode=01
BH131R,https://products.api.bbraun.io/api/image/BH131R?countryISOCode=01
BH134R,https://products.api.bbraun.io/api/image/BH134R?countryISOCode=01
BH135R,https://products.api.bbraun.io/api/image/BH135R?countryISOCode=01
BH139R,https://products.api.bbraun.io/api/image/BH139R?countryISOCode=01
BH140R,https://products.api.bbraun.io/api/image/BH140R?countryISOCode=01
BH141R,https://products.api.bbraun.io/api/image/BH141R?countryISOCode=01
BH143R,https://products.api.bbraun.io/api/image/BH143R?countryISOCode=01
BH144R,https://products.api.bbraun.io/api/image/BH144R?countryISOCode=01
BH145R,https://products.api.bbraun.io/api/image/BH145R?countryISOCode=01
BH150R,https://products.api.bbraun.io/api/image/BH150R?countryISOCode=01
BH151R,https://products.api.bbraun.io/api/image/BH151R?countryISOCode=01
BH154R,https://products.api.bbraun.io/api/image/BH154R?countryISOCode=01
BH155R,https://products.api.bbraun.io/api/image/BH155R?countryISOCode=01
BH160R,https://products.api.bbraun.io/api/image/BH160R?countryISOCode=01
BH161R,https://products.api.bbraun.io/api/image/BH161R?countryISOCode=01
BH164R,https://products.api.bbraun.io/api/image/BH164R?countryISOCode=01
BH165R,https://products.api.bbraun.io/api/image/BH165R?countryISOCode=01
BH166R,https://products.api.bbraun.io/api/image/BH166R?countryISOCode=01
BH167R,https://products.api.bbraun.io/api/image/BH167R?countryISOCode=01
BH168R,https://products.api.bbraun.io/api/image/BH168R?countryISOCode=01
BH170R,https://products.api.bbraun.io/api/image/BH170R?countryISOCode=01
BH171R,https://products.api.bbraun.io/api/image/BH171R?countryISOCode=01
BH176R,https://products.api.bbraun.io/api/image/BH176R?countryISOCode=01
BH177R,https://products.api.bbraun.io/api/image/BH177R?countryISOCode=01
BH178R,https://products.api.bbraun.io/api/image/BH178R?countryISOCode=01
BH183R,https://products.api.bbraun.io/api/image/BH183R?countryISOCode=01
BH187R,https://products.api.bbraun.io/api/image/BH187R?countryISOCode=01
BH191R,https://products.api.bbraun.io/api/image/BH191R?countryISOCode=01
BH193R,https://products.api.bbraun.io/api/image/BH193R?countryISOCode=01
BH196R,https://products.api.bbraun.io/api/image/BH196R?countryISOCode=01
BH196SU,https://products.api.bbraun.io/api/image/BH196SU?countryISOCode=01
BH197R,https://products.api.bbraun.io/api/image/BH197R?countryISOCode=01
BH197SU,https://products.api.bbraun.io/api/image/BH197SU?countryISOCode=01
BH198R,https://products.api.bbraun.io/api/image/BH198R?countryISOCode=01
BH199R,https://products.api.bbraun.io/api/image/BH199R?countryISOCode=01
BH200R,https://products.api.bbraun.io/api/image/BH200R?countryISOCode=01
BH201R,https://products.api.bbraun.io/api/image/BH201R?countryISOCode=01
BH202R,https://products.api.bbraun.io/api/image/BH202R?countryISOCode=01
BH203R,https://products.api.bbraun.io/api/image/BH203R?countryISOCode=01
BH205R,https://products.api.bbraun.io/api/image/BH205R?countryISOCode=01
BH206R,https://products.api.bbraun.io/api/image/BH206R?countryISOCode=01
BH207R,https://products.api.bbraun.io/api/image/BH207R?countryISOCode=01
BH209R,https://products.api.bbraun.io/api/image/BH209R?countryISOCode=01
BH210R,https://products.api.bbraun.io/api/image/BH210R?countryISOCode=01
BH211R,https://products.api.bbraun.io/api/image/BH211R?countryISOCode=01
BH212R,https://products.api.bbraun.io/api/image/BH212R?countryISOCode=01
BH213R,https://products.api.bbraun.io/api/image/BH213R?countryISOCode=01
BH214R,https://products.api.bbraun.io/api/image/BH214R?countryISOCode=01
BH215R,https://products.api.bbraun.io/api/image/BH215R?countryISOCode=01
BH216R,https://products.api.bbraun.io/api/image/BH216R?countryISOCode=01
BH217R,https://products.api.bbraun.io/api/image/BH217R?countryISOCode=01
BH224R,https://products.api.bbraun.io/api/image/BH224R?countryISOCode=01
BH225R,https://products.api.bbraun.io/api/image/BH225R?countryISOCode=01
BH226R,https://products.api.bbraun.io/api/image/BH226R?countryISOCode=01
BH227R,https://products.api.bbraun.io/api/image/BH227R?countryISOCode=01
BH228R,https://products.api.bbraun.io/api/image/BH228R?countryISOCode=01
BH229R,https://products.api.bbraun.io/api/image/BH229R?countryISOCode=01
BH230R,https://products.api.bbraun.io/api/image/BH230R?countryISOCode=01
BH231R,https://products.api.bbraun.io/api/image/BH231R?countryISOCode=01
BH234R,https://products.api.bbraun.io/api/image/BH234R?countryISOCode=01
BH238R,https://products.api.bbraun.io/api/image/BH238R?countryISOCode=01
BH239R,https://products.api.bbraun.io/api/image/BH239R?countryISOCode=01
BH300R,https://products.api.bbraun.io/api/image/BH300R?countryISOCode=01
BH302R,https://products.api.bbraun.io/api/image/BH302R?countryISOCode=01
BH304R,https://products.api.bbraun.io/api/image/BH304R?countryISOCode=01
BH312R,https://products.api.bbraun.io/api/image/BH302R?countryISOCode=01
BH316R,https://products.api.bbraun.io/api/image/BH316R?countryISOCode=01
BH318R,https://products.api.bbraun.io/api/image/BH318R?countryISOCode=01
BH332R,https://products.api.bbraun.io/api/image/BH332R?countryISOCode=01
BH333R,https://products.api.bbraun.io/api/image/BH333R?countryISOCode=01
BH334R,https://products.api.bbraun.io/api/image/BH334R?countryISOCode=01
BH335R,https://products.api.bbraun.io/api/image/BH335R?countryISOCode=01
BH336R,https://products.api.bbraun.io/api/image/BH336R?countryISOCode=01
BH337R,https://products.api.bbraun.io/api/image/BH337R?countryISOCode=01
BH338R,https://products.api.bbraun.io/api/image/BH338R?countryISOCode=01
BH339R,https://products.api.bbraun.io/api/image/BH339R?countryISOCode=01
BH361R,https://products.api.bbraun.io/api/image/BH361R?countryISOCode=01
BH410R,https://products.api.bbraun.io/api/image/BH410R?countryISOCode=01
BH412R,https://products.api.bbraun.io/api/image/BH412R?countryISOCode=01
BH413R,https://products.api.bbraun.io/api/image/BH413R?countryISOCode=01
BH414R,https://products.api.bbraun.io/api/image/BH414R?countryISOCode=01
BH415R,https://products.api.bbraun.io/api/image/BH415R?countryISOCode=01
BH422R,https://products.api.bbraun.io/api/image/BH422R?countryISOCode=01
BH424R,https://products.api.bbraun.io/api/image/BH424R?countryISOCode=01
BH424SU,https://products.api.bbraun.io/api/image/BH424SU?countryISOCode=01
BH425R,https://products.api.bbraun.io/api/image/BH425R?countryISOCode=01
BH442R,https://products.api.bbraun.io/api/image/BH442R?countryISOCode=01
BH443R,https://products.api.bbraun.io/api/image/BH443R?countryISOCode=01
BH444R,https://products.api.bbraun.io/api/image/BH444R?countryISOCode=01
BH445R,https://products.api.bbraun.io/api/image/BH445R?countryISOCode=01
BH446R,https://products.api.bbraun.io/api/image/BH446R?countryISOCode=01
BH447R,https://products.api.bbraun.io/api/image/BH447R?countryISOCode=01
BH448R,https://products.api.bbraun.io/api/image/BH448R?countryISOCode=01
BH449R,https://products.api.bbraun.io/api/image/BH449R?countryISOCode=01
BH450R,https://products.api.bbraun.io/api/image/BH450R?countryISOCode=01
BH451R,https://products.api.bbraun.io/api/image/BH451R?countryISOCode=01
BH456R,https://products.api.bbraun.io/api/image/BH456R?countryISOCode=01
BH457R,https://products.api.bbraun.io/api/image/BH457R?countryISOCode=01
BH470R,https://products.api.bbraun.io/api/image/BH470R?countryISOCode=01
BH471R,https://products.api.bbraun.io/api/image/BH471R?countryISOCode=01
BH472R,https://products.api.bbraun.io/api/image/BH472R?countryISOCode=01
BH473R,https://products.api.bbraun.io/api/image/BH473R?countryISOCode=01
BH474R,https://products.api.bbraun.io/api/image/BH474R?countryISOCode=01
BH475R,https://products.api.bbraun.io/api/image/BH475R?countryISOCode=01
BH610R,https://products.api.bbraun.io/api/image/BH610R?countryISOCode=01
BH612R,https://products.api.bbraun.io/api/image/BH612R?countryISOCode=01
BH614R,https://products.api.bbraun.io/api/image/BH614R?countryISOCode=01
BH615R,https://products.api.bbraun.io/api/image/BH615R?countryISOCode=01
BH618R,https://products.api.bbraun.io/api/image/BH618R?countryISOCode=01
BH619R,https://products.api.bbraun.io/api/image/BH619R?countryISOCode=01
BH630R,https://products.api.bbraun.io/api/image/BH630R?countryISOCode=01
BH631R,https://products.api.bbraun.io/api/image/BH631R?countryISOCode=01
BH642R,https://products.api.bbraun.io/api/image/BH642R?countryISOCode=01
BH643R,https://products.api.bbraun.io/api/image/BH643R?countryISOCode=01
BH644R,https://products.api.bbraun.io/api/image/BH644R?countryISOCode=01
BH645R,https://products.api.bbraun.io/api/image/BH645R?countryISOCode=01
BH646R,https://products.api.bbraun.io/api/image/BH646R?countryISOCode=01
BH647R,https://products.api.bbraun.io/api/image/BH647R?countryISOCode=01
BH648R,https://products.api.bbraun.io/api/image/BH648R?countryISOCode=01
BH649R,https://products.api.bbraun.io/api/image/BH649R?countryISOCode=01
BH650R,https://products.api.bbraun.io/api/image/BH650R?countryISOCode=01
BH651R,https://products.api.bbraun.io/api/image/BH651R?countryISOCode=01
BH652R,https://products.api.bbraun.io/api/image/BH652R?countryISOCode=01
BH653R,https://products.api.bbraun.io/api/image/BH653R?countryISOCode=01
BH654R,https://products.api.bbraun.io/api/image/BH654R?countryISOCode=01
BH655R,https://products.api.bbraun.io/api/image/BH655R?countryISOCode=01
BH686R,None
BH687R,None
BH689R,None
BH800R,https://products.api.bbraun.io/api/image/BH800R?countryISOCode=01
BH801R,https://products.api.bbraun.io/api/image/BH801R?countryISOCode=01
BH804R,https://products.api.bbraun.io/api/image/BH804R?countryISOCode=01
BH805R,https://products.api.bbraun.io/api/image/BH805R?countryISOCode=01
BH807R,https://products.api.bbraun.io/api/image/BH807R?countryISOCode=01
BH808R,https://products.api.bbraun.io/api/image/BH808R?countryISOCode=01
BH812R,https://products.api.bbraun.io/api/image/BH812R?countryISOCode=01
BH813R,https://products.api.bbraun.io/api/image/BH813R?countryISOCode=01
BH814R,https://products.api.bbraun.io/api/image/BH814R?countryISOCode=01
BH831R,https://products.api.bbraun.io/api/image/BH831R?countryISOCode=01
BH833R,https://products.api.bbraun.io/api/image/BH833R?countryISOCode=01
BH835R,https://products.api.bbraun.io/api/image/BH835R?countryISOCode=01
BH837R,https://products.api.bbraun.io/api/image/BH837R?countryISOCode=01
BH839R,https://products.api.bbraun.io/api/image/BH839R?countryISOCode=01
BH902R,https://products.api.bbraun.io/api/image/BH902R?countryISOCode=01
BH906R,https://products.api.bbraun.io/api/image/BH906R?countryISOCode=01
BH908R,https://products.api.bbraun.io/api/image/BH908R?countryISOCode=01
BH949R,https://products.api.bbraun.io/api/image/BH949R?countryISOCode=01
BH951R,https://products.api.bbraun.io/api/image/BH951R?countryISOCode=01
BH952R,https://products.api.bbraun.io/api/image/BH952R?countryISOCode=01
BH957R,https://products.api.bbraun.io/api/image/BH957R?countryISOCode=01
BH959R,https://products.api.bbraun.io/api/image/BH959R?countryISOCode=01
BH961R,https://products.api.bbraun.io/api/image/BH961R?countryISOCode=01
BH963R,https://products.api.bbraun.io/api/image/BH963R?countryISOCode=01
BH965R,https://products.api.bbraun.io/api/image/BH965R?countryISOCode=01
BJ002R,https://products.api.bbraun.io/api/image/BJ002R?countryISOCode=01
BJ008R,https://products.api.bbraun.io/api/image/BJ008R?countryISOCode=01
BJ009R,https://products.api.bbraun.io/api/image/BJ009R?countryISOCode=01
BJ011R,https://products.api.bbraun.io/api/image/BJ011R?countryISOCode=01
BJ012R,https://products.api.bbraun.io/api/image/BJ012R?countryISOCode=01
BJ013R,https://products.api.bbraun.io/api/image/BJ013R?countryISOCode=01
BJ014R,https://products.api.bbraun.io/api/image/BJ014R?countryISOCode=01
BJ015R,https://products.api.bbraun.io/api/image/BJ015R?countryISOCode=01
BJ016R,https://products.api.bbraun.io/api/image/BJ016R?countryISOCode=01
BJ017R,https://products.api.bbraun.io/api/image/BJ017R?countryISOCode=01
BJ018R,https://products.api.bbraun.io/api/image/BJ018R?countryISOCode=01
BJ019R,https://products.api.bbraun.io/api/image/BJ019R?countryISOCode=01
BJ020R,https://products.api.bbraun.io/api/image/BJ020R?countryISOCode=01
BJ021R,https://products.api.bbraun.io/api/image/BJ021R?countryISOCode=01
BJ022R,https://products.api.bbraun.io/api/image/BJ022R?countryISOCode=01
BJ023R,https://products.api.bbraun.io/api/image/BJ023R?countryISOCode=01
BJ024R,https://products.api.bbraun.io/api/image/BJ024R?countryISOCode=01
BJ025R,https://products.api.bbraun.io/api/image/BJ025R?countryISOCode=01
BJ026R,https://products.api.bbraun.io/api/image/BJ026R?countryISOCode=01
BJ029R,https://products.api.bbraun.io/api/image/BJ029R?countryISOCode=01
BJ031R,https://products.api.bbraun.io/api/image/BJ031R?countryISOCode=01
BJ032R,https://products.api.bbraun.io/api/image/BJ032R?countryISOCode=01
BJ033R,https://products.api.bbraun.io/api/image/BJ033R?countryISOCode=01
BJ034R,https://products.api.bbraun.io/api/image/BJ034R?countryISOCode=01
BJ035R,https://products.api.bbraun.io/api/image/BJ035R?countryISOCode=01
BJ037R,https://products.api.bbraun.io/api/image/BJ037R?countryISOCode=01
BJ038R,https://products.api.bbraun.io/api/image/BJ038R?countryISOCode=01
BJ039R,https://products.api.bbraun.io/api/image/BJ039R?countryISOCode=01
BJ041R,https://products.api.bbraun.io/api/image/BJ041R?countryISOCode=01
BJ042R,https://products.api.bbraun.io/api/image/BJ042R?countryISOCode=01
BJ043R,https://products.api.bbraun.io/api/image/BJ043R?countryISOCode=01
BJ044R,https://products.api.bbraun.io/api/image/BJ044R?countryISOCode=01
BJ045R,https://products.api.bbraun.io/api/image/BJ045R?countryISOCode=01
BJ047R,https://products.api.bbraun.io/api/image/BJ047R?countryISOCode=01
BJ048R,https://products.api.bbraun.io/api/image/BJ048R?countryISOCode=01
BJ050R,https://products.api.bbraun.io/api/image/BJ050R?countryISOCode=01
BJ051R,https://products.api.bbraun.io/api/image/BJ051R?countryISOCode=01
BJ052R,https://products.api.bbraun.io/api/image/BJ052R?countryISOCode=01
BJ055R,https://products.api.bbraun.io/api/image/BJ055R?countryISOCode=01
BJ057R,https://products.api.bbraun.io/api/image/BJ057R?countryISOCode=01
BJ058R,https://products.api.bbraun.io/api/image/BJ058R?countryISOCode=01
BJ059R,https://products.api.bbraun.io/api/image/BJ059R?countryISOCode=01
BJ060R,https://products.api.bbraun.io/api/image/BJ060R?countryISOCode=01
BJ061R,https://products.api.bbraun.io/api/image/BJ061R?countryISOCode=01
BJ062R,https://products.api.bbraun.io/api/image/BJ062R?countryISOCode=01
BJ067R,https://products.api.bbraun.io/api/image/BJ067R?countryISOCode=01
BJ068R,https://products.api.bbraun.io/api/image/BJ068R?countryISOCode=01
BJ070R,https://products.api.bbraun.io/api/image/BJ070R?countryISOCode=01
BJ072R,None
BJ073R,https://products.api.bbraun.io/api/image/BJ073R?countryISOCode=01
BJ075R,https://products.api.bbraun.io/api/image/BJ075R?countryISOCode=01
BJ076R,https://products.api.bbraun.io/api/image/BJ076R?countryISOCode=01
BJ080R,https://products.api.bbraun.io/api/image/BJ080R?countryISOCode=01
BJ081R,https://products.api.bbraun.io/api/image/BJ081R?countryISOCode=01
BJ082R,https://products.api.bbraun.io/api/image/BJ082R?countryISOCode=01
BJ083R,https://products.api.bbraun.io/api/image/BJ083R?countryISOCode=01
BJ086R,https://products.api.bbraun.io/api/image/BJ086R?countryISOCode=01
BJ090R,https://products.api.bbraun.io/api/image/BJ090R?countryISOCode=01
BJ091R,https://products.api.bbraun.io/api/image/BJ091R?countryISOCode=01
BJ096R,https://products.api.bbraun.io/api/image/BJ096R?countryISOCode=01
BJ097R,None
BJ098R,None
BJ100R,https://products.api.bbraun.io/api/image/BJ100R?countryISOCode=01
BJ102R,https://products.api.bbraun.io/api/image/BJ102R?countryISOCode=01
BJ103R,https://products.api.bbraun.io/api/image/BJ103R?countryISOCode=01
BJ104R,https://products.api.bbraun.io/api/image/BJ104R?countryISOCode=01
BJ106R,https://products.api.bbraun.io/api/image/BJ106R?countryISOCode=01
BJ110R,https://products.api.bbraun.io/api/image/BJ110R?countryISOCode=01
BJ111R,https://products.api.bbraun.io/api/image/BJ111R?countryISOCode=01
BJ114R,https://products.api.bbraun.io/api/image/BJ114R?countryISOCode=01
BJ120R,https://products.api.bbraun.io/api/image/BJ120R?countryISOCode=01
BJ121R,https://products.api.bbraun.io/api/image/BJ121R?countryISOCode=01
BJ122R,https://products.api.bbraun.io/api/image/BJ122R?countryISOCode=01
BJ123R,https://products.api.bbraun.io/api/image/BJ123R?countryISOCode=01
BJ124R,https://products.api.bbraun.io/api/image/BJ124R?countryISOCode=01
BJ130R,https://products.api.bbraun.io/api/image/BJ130R?countryISOCode=01
BJ131R,https://products.api.bbraun.io/api/image/BJ131R?countryISOCode=01
BJ132R,https://products.api.bbraun.io/api/image/BJ132R?countryISOCode=01
BJ300R,https://products.api.bbraun.io/api/image/BJ300R?countryISOCode=01
BJ304R,https://products.api.bbraun.io/api/image/BJ304R?countryISOCode=01
BJ305R,https://products.api.bbraun.io/api/image/BJ305R?countryISOCode=01
BJ306R,https://products.api.bbraun.io/api/image/BJ306R?countryISOCode=01
BJ308R,https://products.api.bbraun.io/api/image/BJ308R?countryISOCode=01
BJ309R,https://products.api.bbraun.io/api/image/BJ309R?countryISOCode=01
BJ310R,https://products.api.bbraun.io/api/image/BJ310R?countryISOCode=01
BJ312R,https://products.api.bbraun.io/api/image/BJ312R?countryISOCode=01
BJ313R,https://products.api.bbraun.io/api/image/BJ313R?countryISOCode=01
BJ314R,https://products.api.bbraun.io/api/image/BJ314R?countryISOCode=01
BJ315R,https://products.api.bbraun.io/api/image/BJ315R?countryISOCode=01
BJ325R,https://products.api.bbraun.io/api/image/BJ325R?countryISOCode=01
BJ326R,https://products.api.bbraun.io/api/image/BJ326R?countryISOCode=01
BJ500R,https://products.api.bbraun.io/api/image/BJ500R?countryISOCode=01
BJ501R,https://products.api.bbraun.io/api/image/BJ501R?countryISOCode=01
BJ506R,https://products.api.bbraun.io/api/image/BJ506R?countryISOCode=01
BJ507R,https://products.api.bbraun.io/api/image/BJ507R?countryISOCode=01
BJ509R,https://products.api.bbraun.io/api/image/BJ509R?countryISOCode=01
BJ510R,https://products.api.bbraun.io/api/image/BJ510R?countryISOCode=01
BJ511R,https://products.api.bbraun.io/api/image/BJ511R?countryISOCode=01
BJ515R,https://products.api.bbraun.io/api/image/BJ515R?countryISOCode=01
BJ517R,https://products.api.bbraun.io/api/image/BJ517R?countryISOCode=01
BJ519R,https://products.api.bbraun.io/api/image/BJ519R?countryISOCode=01
BJ520R,https://products.api.bbraun.io/api/image/BJ520R?countryISOCode=01
BJ521R,https://products.api.bbraun.io/api/image/BJ521R?countryISOCode=01
BJ522R,https://products.api.bbraun.io/api/image/BJ522R?countryISOCode=01
BJ524R,https://products.api.bbraun.io/api/image/BJ524R?countryISOCode=01
BJ526R,https://products.api.bbraun.io/api/image/BJ527R?countryISOCode=01
BJ527R,https://products.api.bbraun.io/api/image/BJ527R?countryISOCode=01
BJ530R,https://products.api.bbraun.io/api/image/BJ530R?countryISOCode=01
BJ531R,https://products.api.bbraun.io/api/image/BJ531R?countryISOCode=01
BJ532R,https://products.api.bbraun.io/api/image/BJ532R?countryISOCode=01
BJ534R,https://products.api.bbraun.io/api/image/BJ534R?countryISOCode=01
BJ535R,https://products.api.bbraun.io/api/image/BJ535R?countryISOCode=01
BJ536R,https://products.api.bbraun.io/api/image/BJ536R?countryISOCode=01
BJ537R,https://products.api.bbraun.io/api/image/BJ537R?countryISOCode=01
BJ540R,https://products.api.bbraun.io/api/image/BJ540R?countryISOCode=01
BJ541R,https://products.api.bbraun.io/api/image/BJ541R?countryISOCode=01
BJ550R,https://products.api.bbraun.io/api/image/BJ550R?countryISOCode=01
BJ551R,https://products.api.bbraun.io/api/image/BJ551R?countryISOCode=01
BJ552R,https://products.api.bbraun.io/api/image/BJ552R?countryISOCode=01
BJ553R,https://products.api.bbraun.io/api/image/BJ553R?countryISOCode=01
BJ555R,None
BJ560R,https://products.api.bbraun.io/api/image/BJ560R?countryISOCode=01
BJ561R,https://products.api.bbraun.io/api/image/BJ561R?countryISOCode=01
BJ562R,None
BJ563R,None
BJ574R,https://products.api.bbraun.io/api/image/BJ574R?countryISOCode=01
BJ576R,None
BJ579R,https://products.api.bbraun.io/api/image/BJ579R?countryISOCode=01
BJ581R,https://products.api.bbraun.io/api/image/BJ581R?countryISOCode=01
BJ582R,None
BJ583R,None
BJ585R,None
BL058N,https://products.api.bbraun.io/api/image/BL058N?countryISOCode=01
BL059N,https://products.api.bbraun.io/api/image/BL059N?countryISOCode=01
BL060N,https://products.api.bbraun.io/api/image/BL060N?countryISOCode=01
BL061N,https://products.api.bbraun.io/api/image/BL061N?countryISOCode=01
BL062N,https://products.api.bbraun.io/api/image/BL062N?countryISOCode=01
BL063N,https://products.api.bbraun.io/api/image/BL063N?countryISOCode=01
BL064N,https://products.api.bbraun.io/api/image/BL064N?countryISOCode=01
BL065N,https://products.api.bbraun.io/api/image/BL065N?countryISOCode=01
BL066N,https://products.api.bbraun.io/api/image/BL066N?countryISOCode=01
BL067N,https://products.api.bbraun.io/api/image/BL067N?countryISOCode=01
BL068N,https://products.api.bbraun.io/api/image/BL068N?countryISOCode=01
BL069N,https://products.api.bbraun.io/api/image/BL069N?countryISOCode=01
BL070N,https://products.api.bbraun.io/api/image/BL070N?countryISOCode=01
BL071N,https://products.api.bbraun.io/api/image/BL071N?countryISOCode=01
BL072N,https://products.api.bbraun.io/api/image/BL072N?countryISOCode=01
BL073N,https://products.api.bbraun.io/api/image/BL073N?countryISOCode=01
BL074N,https://products.api.bbraun.io/api/image/BL074N?countryISOCode=01
BL075N,https://products.api.bbraun.io/api/image/BL075N?countryISOCode=01
BL076N,https://products.api.bbraun.io/api/image/BL076N?countryISOCode=01
BL098N,https://products.api.bbraun.io/api/image/BL098N?countryISOCode=01
BL099N,https://products.api.bbraun.io/api/image/BL099N?countryISOCode=01
BL100N,https://products.api.bbraun.io/api/image/BL100N?countryISOCode=01
BL101N,https://products.api.bbraun.io/api/image/BL101N?countryISOCode=01
BL102N,https://products.api.bbraun.io/api/image/BL102N?countryISOCode=01
BL103N,https://products.api.bbraun.io/api/image/BL103N?countryISOCode=01
BL104N,https://products.api.bbraun.io/api/image/BL104N?countryISOCode=01
BL105N,https://products.api.bbraun.io/api/image/BL105N?countryISOCode=01
BL106N,https://products.api.bbraun.io/api/image/BL106N?countryISOCode=01
BL107N,https://products.api.bbraun.io/api/image/BL107N?countryISOCode=01
BL108N,https://products.api.bbraun.io/api/image/BL108N?countryISOCode=01
BL109N,https://products.api.bbraun.io/api/image/BL109N?countryISOCode=01
BL110N,https://products.api.bbraun.io/api/image/BL110N?countryISOCode=01
BL111N,https://products.api.bbraun.io/api/image/BL111N?countryISOCode=01
BL112N,https://products.api.bbraun.io/api/image/BL112N?countryISOCode=01
BL113N,https://products.api.bbraun.io/api/image/BL113N?countryISOCode=01
BL114N,https://products.api.bbraun.io/api/image/BL114N?countryISOCode=01
BL115N,https://products.api.bbraun.io/api/image/BL115N?countryISOCode=01
BL116N,https://products.api.bbraun.io/api/image/BL116N?countryISOCode=01
BL161N,https://products.api.bbraun.io/api/image/BL161N?countryISOCode=01
BL162N,https://products.api.bbraun.io/api/image/BL162N?countryISOCode=01
BL163N,https://products.api.bbraun.io/api/image/BL163N?countryISOCode=01
BL164N,https://products.api.bbraun.io/api/image/BL164N?countryISOCode=01
BL165N,https://products.api.bbraun.io/api/image/BL165N?countryISOCode=01
BL166N,https://products.api.bbraun.io/api/image/BL166N?countryISOCode=01
BL167N,https://products.api.bbraun.io/api/image/BL167N?countryISOCode=01
BL168N,https://products.api.bbraun.io/api/image/BL168N?countryISOCode=01
BL169N,https://products.api.bbraun.io/api/image/BL169N?countryISOCode=01
BL170N,https://products.api.bbraun.io/api/image/BL170N?countryISOCode=01
BL171N,https://products.api.bbraun.io/api/image/BL171N?countryISOCode=01
BL172N,https://products.api.bbraun.io/api/image/BL172N?countryISOCode=01
BL173N,https://products.api.bbraun.io/api/image/BL173N?countryISOCode=01
BL174N,https://products.api.bbraun.io/api/image/BL174N?countryISOCode=01
BL175N,https://products.api.bbraun.io/api/image/BL175N?countryISOCode=01
BL176N,https://products.api.bbraun.io/api/image/BL176N?countryISOCode=01
BL201N,https://products.api.bbraun.io/api/image/BL201N?countryISOCode=01
BL202N,https://products.api.bbraun.io/api/image/BL202N?countryISOCode=01
BL203N,https://products.api.bbraun.io/api/image/BL203N?countryISOCode=01
BL204N,https://products.api.bbraun.io/api/image/BL204N?countryISOCode=01
BL205N,https://products.api.bbraun.io/api/image/BL205N?countryISOCode=01
BL206N,https://products.api.bbraun.io/api/image/BL206N?countryISOCode=01
BL207N,https://products.api.bbraun.io/api/image/BL207N?countryISOCode=01
BL208N,https://products.api.bbraun.io/api/image/BL208N?countryISOCode=01
BL209N,https://products.api.bbraun.io/api/image/BL209N?countryISOCode=01
BL210N,https://products.api.bbraun.io/api/image/BL210N?countryISOCode=01
BL211N,https://products.api.bbraun.io/api/image/BL211N?countryISOCode=01
BL212N,https://products.api.bbraun.io/api/image/BL212N?countryISOCode=01
BL213N,https://products.api.bbraun.io/api/image/BL213N?countryISOCode=01
BL214N,https://products.api.bbraun.io/api/image/BL214N?countryISOCode=01
BL215N,https://products.api.bbraun.io/api/image/BL215N?countryISOCode=01
BL216N,https://products.api.bbraun.io/api/image/BL216N?countryISOCode=01
BL231N,https://products.api.bbraun.io/api/image/BL231N?countryISOCode=01
BL232N,https://products.api.bbraun.io/api/image/BL232N?countryISOCode=01
BL233N,https://products.api.bbraun.io/api/image/BL233N?countryISOCode=01
BL234N,https://products.api.bbraun.io/api/image/BL234N?countryISOCode=01
BL235N,https://products.api.bbraun.io/api/image/BL235N?countryISOCode=01
BL236N,https://products.api.bbraun.io/api/image/BL236N?countryISOCode=01
BL237N,https://products.api.bbraun.io/api/image/BL237N?countryISOCode=01
BL251N,https://products.api.bbraun.io/api/image/BL251N?countryISOCode=01
BL252N,https://products.api.bbraun.io/api/image/BL252N?countryISOCode=01
BL253N,https://products.api.bbraun.io/api/image/BL253N?countryISOCode=01
BL254N,https://products.api.bbraun.io/api/image/BL254N?countryISOCode=01
BL255N,https://products.api.bbraun.io/api/image/BL255N?countryISOCode=01
BL256N,https://products.api.bbraun.io/api/image/BL256N?countryISOCode=01
BL257N,https://products.api.bbraun.io/api/image/BL257N?countryISOCode=01
BL301N,https://products.api.bbraun.io/api/image/BL301N?countryISOCode=01
BL302N,https://products.api.bbraun.io/api/image/BL302N?countryISOCode=01
BL303N,https://products.api.bbraun.io/api/image/BL303N?countryISOCode=01
BL305N,https://products.api.bbraun.io/api/image/BL305N?countryISOCode=01
BL318N,https://products.api.bbraun.io/api/image/BL318N?countryISOCode=01
BL319N,https://products.api.bbraun.io/api/image/BL319N?countryISOCode=01
BL320N,https://products.api.bbraun.io/api/image/BL320N?countryISOCode=01
BL321N,https://products.api.bbraun.io/api/image/BL321N?countryISOCode=01
BL322N,https://products.api.bbraun.io/api/image/BL322N?countryISOCode=01
BL323N,https://products.api.bbraun.io/api/image/BL323N?countryISOCode=01
BL324N,https://products.api.bbraun.io/api/image/BL324N?countryISOCode=01
BL325N,https://products.api.bbraun.io/api/image/BL325N?countryISOCode=01
BL539N,https://products.api.bbraun.io/api/image/BL539N?countryISOCode=01
BL540N,https://products.api.bbraun.io/api/image/BL540N?countryISOCode=01
BL541N,https://products.api.bbraun.io/api/image/BL541N?countryISOCode=01
BL542N,https://products.api.bbraun.io/api/image/BL542N?countryISOCode=01
BL543N,https://products.api.bbraun.io/api/image/BL543N?countryISOCode=01
BL544N,https://products.api.bbraun.io/api/image/BL544N?countryISOCode=01
BL545N,https://products.api.bbraun.io/api/image/BL545N?countryISOCode=01
BL546N,https://products.api.bbraun.io/api/image/BL546N?countryISOCode=01
BL547N,https://products.api.bbraun.io/api/image/BL547N?countryISOCode=01
BL548N,https://products.api.bbraun.io/api/image/BL548N?countryISOCode=01
BL601N,https://products.api.bbraun.io/api/image/BL601N?countryISOCode=01
BL602N,https://products.api.bbraun.io/api/image/BL602N?countryISOCode=01
BL603N,https://products.api.bbraun.io/api/image/BL603N?countryISOCode=01
BL604N,https://products.api.bbraun.io/api/image/BL604N?countryISOCode=01
BL605N,https://products.api.bbraun.io/api/image/BL605N?countryISOCode=01
BL611N,https://products.api.bbraun.io/api/image/BL611N?countryISOCode=01
BL612N,https://products.api.bbraun.io/api/image/BL612N?countryISOCode=01
BL613N,https://products.api.bbraun.io/api/image/BL613N?countryISOCode=01
BL614N,https://products.api.bbraun.io/api/image/BL614N?countryISOCode=01
BL615N,https://products.api.bbraun.io/api/image/BL615N?countryISOCode=01
BL907R,https://products.api.bbraun.io/api/image/BL907R?countryISOCode=01
BL910R,https://products.api.bbraun.io/api/image/BL910R?countryISOCode=01
BL911R,https://products.api.bbraun.io/api/image/BL911R?countryISOCode=01
BL915R,https://products.api.bbraun.io/api/image/BL915R?countryISOCode=01
BL930R,https://products.api.bbraun.io/api/image/BL930R?countryISOCode=01
BL931R,https://products.api.bbraun.io/api/image/BL931R?countryISOCode=01
BL932R,https://products.api.bbraun.io/api/image/BL932R?countryISOCode=01
BL933R,https://products.api.bbraun.io/api/image/BL933R?countryISOCode=01
BL941R,https://products.api.bbraun.io/api/image/BL941R?countryISOCode=01
BL943R,None
BM001R,https://products.api.bbraun.io/api/image/BM001R?countryISOCode=01
BM002R,https://products.api.bbraun.io/api/image/BM002R?countryISOCode=01
BM003R,https://products.api.bbraun.io/api/image/BM003R?countryISOCode=01
BM004R,https://products.api.bbraun.io/api/image/BM004R?countryISOCode=01
BM005R,https://products.api.bbraun.io/api/image/BM005R?countryISOCode=01
BM008R,https://products.api.bbraun.io/api/image/BM008R?countryISOCode=01
BM009R,https://products.api.bbraun.io/api/image/BM009R?countryISOCode=01
BM010R,https://products.api.bbraun.io/api/image/BM010R?countryISOCode=01
BM011R,https://products.api.bbraun.io/api/image/BM011R?countryISOCode=01
BM012R,https://products.api.bbraun.io/api/image/BM012R?countryISOCode=01
BM013R,https://products.api.bbraun.io/api/image/BM013R?countryISOCode=01
BM014R,https://products.api.bbraun.io/api/image/BM014R?countryISOCode=01
BM015R,https://products.api.bbraun.io/api/image/BM015R?countryISOCode=01
BM016R,https://products.api.bbraun.io/api/image/BM016R?countryISOCode=01
BM017R,https://products.api.bbraun.io/api/image/BM017R?countryISOCode=01
BM018R,https://products.api.bbraun.io/api/image/BM018R?countryISOCode=01
BM019R,https://products.api.bbraun.io/api/image/BM019R?countryISOCode=01
BM020R,https://products.api.bbraun.io/api/image/BM020R?countryISOCode=01
BM021R,https://products.api.bbraun.io/api/image/BM021R?countryISOCode=01
BM022R,https://products.api.bbraun.io/api/image/BM022R?countryISOCode=01
BM023R,https://products.api.bbraun.io/api/image/BM023R?countryISOCode=01
BM024R,https://products.api.bbraun.io/api/image/BM024R?countryISOCode=01
BM025R,https://products.api.bbraun.io/api/image/BM025R?countryISOCode=01
BM026R,https://products.api.bbraun.io/api/image/BM026R?countryISOCode=01
BM027R,https://products.api.bbraun.io/api/image/BM027R?countryISOCode=01
BM030R,https://products.api.bbraun.io/api/image/BM030R?countryISOCode=01
BM032R,https://products.api.bbraun.io/api/image/BM032R?countryISOCode=01
BM033R,https://products.api.bbraun.io/api/image/BM033R?countryISOCode=01
BM034R,https://products.api.bbraun.io/api/image/BM034R?countryISOCode=01
BM035R,https://products.api.bbraun.io/api/image/BM035R?countryISOCode=01
BM036R,https://products.api.bbraun.io/api/image/BM036R?countryISOCode=01
BM037R,https://products.api.bbraun.io/api/image/BM037R?countryISOCode=01
BM038R,https://products.api.bbraun.io/api/image/BM038R?countryISOCode=01
BM040R,https://products.api.bbraun.io/api/image/BM040R?countryISOCode=01
BM042R,https://products.api.bbraun.io/api/image/BM042R?countryISOCode=01
BM044R,None
BM045R,None
BM046R,None
BM047R,None
BM051R,https://products.api.bbraun.io/api/image/BM051R?countryISOCode=01
BM052R,https://products.api.bbraun.io/api/image/BM052R?countryISOCode=01
BM054R,https://products.api.bbraun.io/api/image/BM054R?countryISOCode=01
BM055R,None
BM056R,None
BM057R,None
BM058R,None
BM063R,https://products.api.bbraun.io/api/image/BM063R?countryISOCode=01
BM064R,https://products.api.bbraun.io/api/image/BM064R?countryISOCode=01
BM065R,https://products.api.bbraun.io/api/image/BM065R?countryISOCode=01
BM066R,https://products.api.bbraun.io/api/image/BM066R?countryISOCode=01
BM067R,https://products.api.bbraun.io/api/image/BM067R?countryISOCode=01
BM068R,None
BM069R,None
BM070R,None
BM074R,None
BM075R,None
BM076R,https://products.api.bbraun.io/api/image/BM076R?countryISOCode=01
BM077R,https://products.api.bbraun.io/api/image/BM077R?countryISOCode=01
BM078R,https://products.api.bbraun.io/api/image/BM078R?countryISOCode=01
BM081R,https://products.api.bbraun.io/api/image/BM081R?countryISOCode=01
BM082R,None
BM084R,https://products.api.bbraun.io/api/image/BM084R?countryISOCode=01
BM087R,None
BM088R,https://products.api.bbraun.io/api/image/BM088R?countryISOCode=01
BM089R,https://products.api.bbraun.io/api/image/BM089R?countryISOCode=01
BM090R,https://products.api.bbraun.io/api/image/BM090R?countryISOCode=01
BM092R,https://products.api.bbraun.io/api/image/BM092R?countryISOCode=01
BM095R,https://products.api.bbraun.io/api/image/BM095R?countryISOCode=01
BM096R,https://products.api.bbraun.io/api/image/BM096R?countryISOCode=01
BM100R,https://products.api.bbraun.io/api/image/BM100R?countryISOCode=01
BM101R,https://products.api.bbraun.io/api/image/BM101R?countryISOCode=01
BM102R,https://products.api.bbraun.io/api/image/BM102R?countryISOCode=01
BM105R,None
BM110R,https://products.api.bbraun.io/api/image/BM110R?countryISOCode=01
BM111R,https://products.api.bbraun.io/api/image/BM111R?countryISOCode=01
BM112R,https://products.api.bbraun.io/api/image/BM112R?countryISOCode=01
BM113R,https://products.api.bbraun.io/api/image/BM113R?countryISOCode=01
BM124R,https://products.api.bbraun.io/api/image/BM124R?countryISOCode=01
BM127R,https://products.api.bbraun.io/api/image/BM127R?countryISOCode=01
BM128R,https://products.api.bbraun.io/api/image/BM128R?countryISOCode=01
BM129R,https://products.api.bbraun.io/api/image/BM129R?countryISOCode=01
BM132R,https://products.api.bbraun.io/api/image/BM132R?countryISOCode=01
BM148R,https://products.api.bbraun.io/api/image/BM148R?countryISOCode=01
BM149R,https://products.api.bbraun.io/api/image/BM149R?countryISOCode=01
BM150R,https://products.api.bbraun.io/api/image/BM150R?countryISOCode=01
BM151R,https://products.api.bbraun.io/api/image/BM151R?countryISOCode=01
BM153R,https://products.api.bbraun.io/api/image/BM153R?countryISOCode=01
BM154R,https://products.api.bbraun.io/api/image/BM154R?countryISOCode=01
BM156R,https://products.api.bbraun.io/api/image/BM156R?countryISOCode=01
BM158R,None
BM170R,https://products.api.bbraun.io/api/image/BM170R?countryISOCode=01
BM172R,https://products.api.bbraun.io/api/image/BM170R?countryISOCode=01
BM178R,https://products.api.bbraun.io/api/image/BM178R?countryISOCode=01
BM183R,https://products.api.bbraun.io/api/image/BM183R?countryISOCode=01
BM186R,https://products.api.bbraun.io/api/image/BM186R?countryISOCode=01
BM191R,https://products.api.bbraun.io/api/image/BM191R?countryISOCode=01
BM193R,https://products.api.bbraun.io/api/image/BM193R?countryISOCode=01
BM196R,None
BM200R,https://products.api.bbraun.io/api/image/BM200R?countryISOCode=01
BM201R,https://products.api.bbraun.io/api/image/BM201R?countryISOCode=01
BM202R,https://products.api.bbraun.io/api/image/BM202R?countryISOCode=01
BM204R,https://products.api.bbraun.io/api/image/BM204R?countryISOCode=01
BM205R,https://products.api.bbraun.io/api/image/BM205R?countryISOCode=01
BM210R,https://products.api.bbraun.io/api/image/BM210R?countryISOCode=01
BM211R,https://products.api.bbraun.io/api/image/BM211R?countryISOCode=01
BM215R,https://products.api.bbraun.io/api/image/BM215R?countryISOCode=01
BM218R,https://products.api.bbraun.io/api/image/BM218R?countryISOCode=01
BM219R,https://products.api.bbraun.io/api/image/BM219R?countryISOCode=01
BM220R,https://products.api.bbraun.io/api/image/BM220R?countryISOCode=01
BM221R,https://products.api.bbraun.io/api/image/BM221R?countryISOCode=01
BM224R,https://products.api.bbraun.io/api/image/BM224R?countryISOCode=01
BM226SU,https://products.api.bbraun.io/api/image/BM226SU?countryISOCode=01
BM235R,https://products.api.bbraun.io/api/image/BM235R?countryISOCode=01
BM235SU,https://products.api.bbraun.io/api/image/BM235SU?countryISOCode=01
BM236R,https://products.api.bbraun.io/api/image/BM236R?countryISOCode=01
BM237R,https://products.api.bbraun.io/api/image/BM237R?countryISOCode=01
BM238R,https://products.api.bbraun.io/api/image/BM238R?countryISOCode=01
BM240R,https://products.api.bbraun.io/api/image/BM240R?countryISOCode=01
BM241R,https://products.api.bbraun.io/api/image/BM241R?countryISOCode=01
BM242R,https://products.api.bbraun.io/api/image/BM242R?countryISOCode=01
BM245R,https://products.api.bbraun.io/api/image/BM245R?countryISOCode=01
BM247R,https://products.api.bbraun.io/api/image/BM247R?countryISOCode=01
BM249R,https://products.api.bbraun.io/api/image/BM249R?countryISOCode=01
BM255R,https://products.api.bbraun.io/api/image/BM255R?countryISOCode=01
BM259R,https://products.api.bbraun.io/api/image/BM259R?countryISOCode=01
BM270R,https://products.api.bbraun.io/api/image/BM270R?countryISOCode=01
BM272R,https://products.api.bbraun.io/api/image/BM272R?countryISOCode=01
BM275R,https://products.api.bbraun.io/api/image/BM275R?countryISOCode=01
BM280R,https://products.api.bbraun.io/api/image/BM280R?countryISOCode=01
BM290R,https://products.api.bbraun.io/api/image/BM290R?countryISOCode=01
BM291R,https://products.api.bbraun.io/api/image/BM291R?countryISOCode=01
BM298R,https://products.api.bbraun.io/api/image/BM298R?countryISOCode=01
BM299R,https://products.api.bbraun.io/api/image/BM299R?countryISOCode=01
BM301R,https://products.api.bbraun.io/api/image/BM301R?countryISOCode=01
BM302R,https://products.api.bbraun.io/api/image/BM302R?countryISOCode=01
BM320R,None
BM325R,https://products.api.bbraun.io/api/image/BM325R?countryISOCode=01
BM327R,https://products.api.bbraun.io/api/image/BM327R?countryISOCode=01
BM328R,https://products.api.bbraun.io/api/image/BM328R?countryISOCode=01
BM360R,https://products.api.bbraun.io/api/image/BM360R?countryISOCode=01
BM361R,https://products.api.bbraun.io/api/image/BM361R?countryISOCode=01
BM362R,https://products.api.bbraun.io/api/image/BM362R?countryISOCode=01
BM406R,None
BM407R,None
BM503R,https://products.api.bbraun.io/api/image/BM503R?countryISOCode=01
BM510R,https://products.api.bbraun.io/api/image/BM510R?countryISOCode=01
BM560R,https://products.api.bbraun.io/api/image/BM560R?countryISOCode=01
BM562R,https://products.api.bbraun.io/api/image/BM562R?countryISOCode=01
BM563R,https://products.api.bbraun.io/api/image/BM563R?countryISOCode=01
BM564R,https://products.api.bbraun.io/api/image/BM564R?countryISOCode=01
BM711R,https://products.api.bbraun.io/api/image/BM711R?countryISOCode=01
BM712R,https://products.api.bbraun.io/api/image/BM712R?countryISOCode=01
BM713R,https://products.api.bbraun.io/api/image/BM713R?countryISOCode=01
BM714R,https://products.api.bbraun.io/api/image/BM714R?countryISOCode=01
BM726R,https://products.api.bbraun.io/api/image/BM726R?countryISOCode=01
BM727R,https://products.api.bbraun.io/api/image/BM727R?countryISOCode=01
BM728R,https://products.api.bbraun.io/api/image/BM728R?countryISOCode=01
BM729R,https://products.api.bbraun.io/api/image/BM729R?countryISOCode=01
BM748R,https://products.api.bbraun.io/api/image/BM748R?countryISOCode=01
BM749R,https://products.api.bbraun.io/api/image/BM749R?countryISOCode=01
BM755R,https://products.api.bbraun.io/api/image/BM755R?countryISOCode=01
BM770R,https://products.api.bbraun.io/api/image/BM770R?countryISOCode=01
BM771R,https://products.api.bbraun.io/api/image/BM771R?countryISOCode=01
BM780R,https://products.api.bbraun.io/api/image/BM780R?countryISOCode=01
BM781R,https://products.api.bbraun.io/api/image/BM781R?countryISOCode=01
BM801R,https://products.api.bbraun.io/api/image/BM801R?countryISOCode=01
BM802R,https://products.api.bbraun.io/api/image/BM802R?countryISOCode=01
BM806R,https://products.api.bbraun.io/api/image/BM806R?countryISOCode=01
BM807R,https://products.api.bbraun.io/api/image/BM807R?countryISOCode=01
BM808R,https://products.api.bbraun.io/api/image/BM808R?countryISOCode=01
BM809R,https://products.api.bbraun.io/api/image/BM809R?countryISOCode=01
BM810R,https://products.api.bbraun.io/api/image/BM810R?countryISOCode=01
BM811R,https://products.api.bbraun.io/api/image/BM811R?countryISOCode=01
BM812R,https://products.api.bbraun.io/api/image/BM812R?countryISOCode=01
BM813R,https://products.api.bbraun.io/api/image/BM813R?countryISOCode=01
BM814R,None
BM822R,https://products.api.bbraun.io/api/image/BM822R?countryISOCode=01
BM823R,https://products.api.bbraun.io/api/image/BM823R?countryISOCode=01
BM824R,https://products.api.bbraun.io/api/image/BM824R?countryISOCode=01
BM825R,https://products.api.bbraun.io/api/image/BM825R?countryISOCode=01
BM831R,https://products.api.bbraun.io/api/image/BM831R?countryISOCode=01
BM832R,https://products.api.bbraun.io/api/image/BM832R?countryISOCode=01
BM855R,https://products.api.bbraun.io/api/image/BM855R?countryISOCode=01
BM856R,https://products.api.bbraun.io/api/image/BM856R?countryISOCode=01
BM858R,https://products.api.bbraun.io/api/image/BM858R?countryISOCode=01
BM861R,None
BM900R,https://products.api.bbraun.io/api/image/BM900R?countryISOCode=01
BM901R,https://products.api.bbraun.io/api/image/BM901R?countryISOCode=01
BM902R,https://products.api.bbraun.io/api/image/BM902R?countryISOCode=01
BM905R,https://products.api.bbraun.io/api/image/BM905R?countryISOCode=01
BM911R,https://products.api.bbraun.io/api/image/BM911R?countryISOCode=01
BM913R,https://products.api.bbraun.io/api/image/BM913R?countryISOCode=01
BM920R,https://products.api.bbraun.io/api/image/BM920R?countryISOCode=01
BM922R,https://products.api.bbraun.io/api/image/BM922R?countryISOCode=01
BM924R,None
BM925R,None
BM931R,None
BM932R,None
BM950R,https://products.api.bbraun.io/api/image/BM950R?countryISOCode=01
BM976R,https://products.api.bbraun.io/api/image/BM976R?countryISOCode=01
BN003R,https://products.api.bbraun.io/api/image/BN003R?countryISOCode=01
BN004R,https://products.api.bbraun.io/api/image/BN004R?countryISOCode=01
BN006R,https://products.api.bbraun.io/api/image/BN006R?countryISOCode=01
BN010R,https://products.api.bbraun.io/api/image/BN010R?countryISOCode=01
BN012R,https://products.api.bbraun.io/api/image/BN012R?countryISOCode=01
BN015R,https://products.api.bbraun.io/api/image/BN015R?countryISOCode=01
BN020R,https://products.api.bbraun.io/api/image/BN020R?countryISOCode=01
BN021R,https://products.api.bbraun.io/api/image/BN021R?countryISOCode=01
BN022R,https://products.api.bbraun.io/api/image/BN022R?countryISOCode=01
BN023R,https://products.api.bbraun.io/api/image/BN023R?countryISOCode=01
BN024R,https://products.api.bbraun.io/api/image/BN024R?countryISOCode=01
BN026R,https://products.api.bbraun.io/api/image/BN026R?countryISOCode=01
BN034R,https://products.api.bbraun.io/api/image/BN034R?countryISOCode=01
BN036R,https://products.api.bbraun.io/api/image/BN036R?countryISOCode=01
BN040R,https://products.api.bbraun.io/api/image/BN040R?countryISOCode=01
BN054R,https://products.api.bbraun.io/api/image/BN054R?countryISOCode=01
BN063R,https://products.api.bbraun.io/api/image/BN063R?countryISOCode=01
BN064R,https://products.api.bbraun.io/api/image/BN064R?countryISOCode=01
BN066R,https://products.api.bbraun.io/api/image/BN066R?countryISOCode=01
BN068R,https://products.api.bbraun.io/api/image/BN068R?countryISOCode=01
BN070R,https://products.api.bbraun.io/api/image/BN070R?countryISOCode=01
BN090R,https://products.api.bbraun.io/api/image/BN090R?countryISOCode=01
BN095,https://products.api.bbraun.io/api/image/BN095?countryISOCode=01
BN096,https://products.api.bbraun.io/api/image/BN096?countryISOCode=01
BN099,https://products.api.bbraun.io/api/image/BN099?countryISOCode=01
BN101R,https://products.api.bbraun.io/api/image/BN101R?countryISOCode=01
BN104R,https://products.api.bbraun.io/api/image/BN104R?countryISOCode=01
BN110,https://products.api.bbraun.io/api/image/BN110?countryISOCode=01
BN113R,https://products.api.bbraun.io/api/image/BN113R?countryISOCode=01
BN114R,https://products.api.bbraun.io/api/image/BN114R?countryISOCode=01
BN116R,https://products.api.bbraun.io/api/image/BN116R?countryISOCode=01
BN118R,https://products.api.bbraun.io/api/image/BN118R?countryISOCode=01
BN120R,https://products.api.bbraun.io/api/image/BN120R?countryISOCode=01
BN125R,https://products.api.bbraun.io/api/image/BN125R?countryISOCode=01
BN134R,https://products.api.bbraun.io/api/image/BN134R?countryISOCode=01
BN136R,https://products.api.bbraun.io/api/image/BN136R?countryISOCode=01
BN138R,https://products.api.bbraun.io/api/image/BN138R?countryISOCode=01
BN140R,https://products.api.bbraun.io/api/image/BN140R?countryISOCode=01
BN150R,https://products.api.bbraun.io/api/image/BN150R?countryISOCode=01
BN160,https://products.api.bbraun.io/api/image/BN160?countryISOCode=01
BN170R,https://products.api.bbraun.io/api/image/BN170R?countryISOCode=01
BN172R,https://products.api.bbraun.io/api/image/BN172R?countryISOCode=01
BN184R,https://products.api.bbraun.io/api/image/BN184R?countryISOCode=01
BN320R,None
BN321R,None
BN400R,https://products.api.bbraun.io/api/image/BN400R?countryISOCode=01
BN403,https://products.api.bbraun.io/api/image/BN403?countryISOCode=01
BN440R,https://products.api.bbraun.io/api/image/BN440R?countryISOCode=01
BN452R,https://products.api.bbraun.io/api/image/BN452R?countryISOCode=01
BN457R,https://products.api.bbraun.io/api/image/BN457R?countryISOCode=01
BN460R,https://products.api.bbraun.io/api/image/BN460R?countryISOCode=01
BN461R,https://products.api.bbraun.io/api/image/BN461R?countryISOCode=01
BN465R,https://products.api.bbraun.io/api/image/BN465R?countryISOCode=01
BN466R,https://products.api.bbraun.io/api/image/BN466R?countryISOCode=01
BN467R,https://products.api.bbraun.io/api/image/BN467R?countryISOCode=01
BN468R,None
BN507R,None
BN511R,None
BN512R,None
BN515R,None
BN516R,None
BN518R,None
BN520R,None
BN522R,None
BN730R,https://products.api.bbraun.io/api/image/BN730R?countryISOCode=01
BN731R,https://products.api.bbraun.io/api/image/BN731R?countryISOCode=01
BN750R,None
BN754R,None
BN757R,https://products.api.bbraun.io/api/image/BN757R?countryISOCode=01
BN758R,https://products.api.bbraun.io/api/image/BN758R?countryISOCode=01
BN902R,https://products.api.bbraun.io/api/image/BN902R?countryISOCode=01
BN903R,https://products.api.bbraun.io/api/image/BN903R?countryISOCode=01
BN904R,https://products.api.bbraun.io/api/image/BN904R?countryISOCode=01
BN905R,https://products.api.bbraun.io/api/image/BN905R?countryISOCode=01
BN906R,https://products.api.bbraun.io/api/image/BN906R?countryISOCode=01
BN907R,https://products.api.bbraun.io/api/image/BN907R?countryISOCode=01
BN912R,https://products.api.bbraun.io/api/image/BN912R?countryISOCode=01
BN913R,https://products.api.bbraun.io/api/image/BN913R?countryISOCode=01
BN914R,https://products.api.bbraun.io/api/image/BN914R?countryISOCode=01
BN915R,https://products.api.bbraun.io/api/image/BN915R?countryISOCode=01
BN916R,https://products.api.bbraun.io/api/image/BN916R?countryISOCode=01
BN917R,https://products.api.bbraun.io/api/image/BN917R?countryISOCode=01
BN922R,https://products.api.bbraun.io/api/image/BN922R?countryISOCode=01
BN923R,https://products.api.bbraun.io/api/image/BN923R?countryISOCode=01
BN924R,https://products.api.bbraun.io/api/image/BN924R?countryISOCode=01
BN925R,https://products.api.bbraun.io/api/image/BN925R?countryISOCode=01
BN926R,https://products.api.bbraun.io/api/image/BN926R?countryISOCode=01
BN942R,https://products.api.bbraun.io/api/image/BN942R?countryISOCode=01
BN943R,https://products.api.bbraun.io/api/image/BN943R?countryISOCode=01
BN944R,https://products.api.bbraun.io/api/image/BN944R?countryISOCode=01
BN945R,https://products.api.bbraun.io/api/image/BN945R?countryISOCode=01
BN946R,https://products.api.bbraun.io/api/image/BN946R?countryISOCode=01
BN947R,https://products.api.bbraun.io/api/image/BN947R?countryISOCode=01
BT001R,https://products.api.bbraun.io/api/image/BT001R?countryISOCode=01
BT004R,https://products.api.bbraun.io/api/image/BT004R?countryISOCode=01
BT005R,https://products.api.bbraun.io/api/image/BT005R?countryISOCode=01
BT006R,https://products.api.bbraun.io/api/image/BT006R?countryISOCode=01
BT007R,https://products.api.bbraun.io/api/image/BT007R?countryISOCode=01
BT008R,https://products.api.bbraun.io/api/image/BT008R?countryISOCode=01
BT010R,https://products.api.bbraun.io/api/image/BT010R?countryISOCode=01
BT011R,https://products.api.bbraun.io/api/image/BT011R?countryISOCode=01
BT012R,https://products.api.bbraun.io/api/image/BT012R?countryISOCode=01
BT019R,https://products.api.bbraun.io/api/image/BT019R?countryISOCode=01
BT020R,https://products.api.bbraun.io/api/image/BT020R?countryISOCode=01
BT021R,https://products.api.bbraun.io/api/image/BT021R?countryISOCode=01
BT022R,https://products.api.bbraun.io/api/image/BT022R?countryISOCode=01
BT025R,https://products.api.bbraun.io/api/image/BT025R?countryISOCode=01
BT026R,https://products.api.bbraun.io/api/image/BT026R?countryISOCode=01
BT028R,https://products.api.bbraun.io/api/image/BT028R?countryISOCode=01
BT028SU,https://products.api.bbraun.io/api/image/BT028SU?countryISOCode=01
BT029R,https://products.api.bbraun.io/api/image/BT029R?countryISOCode=01
BT030R,https://products.api.bbraun.io/api/image/BT030R?countryISOCode=01
BT031R,https://products.api.bbraun.io/api/image/BT031R?countryISOCode=01
BT032R,https://products.api.bbraun.io/api/image/BT032R?countryISOCode=01
BT033R,https://products.api.bbraun.io/api/image/BT033R?countryISOCode=01
BT034R,https://products.api.bbraun.io/api/image/BT034R?countryISOCode=01
BT035R,https://products.api.bbraun.io/api/image/BT035R?countryISOCode=01
BT036R,https://products.api.bbraun.io/api/image/BT036R?countryISOCode=01
BT037R,https://products.api.bbraun.io/api/image/BT037R?countryISOCode=01
BT038R,https://products.api.bbraun.io/api/image/BT038R?countryISOCode=01
BT039R,None
BT040R,https://products.api.bbraun.io/api/image/BT040R?countryISOCode=01
BT041R,https://products.api.bbraun.io/api/image/BT041R?countryISOCode=01
BT042R,https://products.api.bbraun.io/api/image/BT042R?countryISOCode=01
BT047R,https://products.api.bbraun.io/api/image/BT047R?countryISOCode=01
BT048R,https://products.api.bbraun.io/api/image/BT048R?countryISOCode=01
BT049R,https://products.api.bbraun.io/api/image/BT049R?countryISOCode=01
BT075R,https://products.api.bbraun.io/api/image/BT075R?countryISOCode=01
BT080R,https://products.api.bbraun.io/api/image/BT080R?countryISOCode=01
BT082R,https://products.api.bbraun.io/api/image/BT082R?countryISOCode=01
BT083R,https://products.api.bbraun.io/api/image/BT083R?countryISOCode=01
BT084R,https://products.api.bbraun.io/api/image/BT084R?countryISOCode=01
BT088R,https://products.api.bbraun.io/api/image/BT088R?countryISOCode=01
BT089R,https://products.api.bbraun.io/api/image/BT089R?countryISOCode=01
BT090R,https://products.api.bbraun.io/api/image/BT090R?countryISOCode=01
BT091R,https://products.api.bbraun.io/api/image/BT091R?countryISOCode=01
BT100R,None
BT103R,https://products.api.bbraun.io/api/image/BT103R?countryISOCode=01
BT106R,https://products.api.bbraun.io/api/image/BT106R?countryISOCode=01
BT107R,https://products.api.bbraun.io/api/image/BT107R?countryISOCode=01
BT111R,https://products.api.bbraun.io/api/image/BT111R?countryISOCode=01
BT112R,https://products.api.bbraun.io/api/image/BT112R?countryISOCode=01
BT113R,https://products.api.bbraun.io/api/image/BT113R?countryISOCode=01
BT114R,https://products.api.bbraun.io/api/image/BT114R?countryISOCode=01
BT116R,https://products.api.bbraun.io/api/image/BT116R?countryISOCode=01
BT117R,https://products.api.bbraun.io/api/image/BT117R?countryISOCode=01
BT118R,https://products.api.bbraun.io/api/image/BT118R?countryISOCode=01
BT119R,https://products.api.bbraun.io/api/image/BT119R?countryISOCode=01
BT120R,https://products.api.bbraun.io/api/image/BT120R?countryISOCode=01
BT121R,https://products.api.bbraun.io/api/image/BT121R?countryISOCode=01
BT122R,https://products.api.bbraun.io/api/image/BT122R?countryISOCode=01
BT123R,https://products.api.bbraun.io/api/image/BT123R?countryISOCode=01
BT124R,https://products.api.bbraun.io/api/image/BT124R?countryISOCode=01
BT126R,https://products.api.bbraun.io/api/image/BT126R?countryISOCode=01
BT127R,https://products.api.bbraun.io/api/image/BT127R?countryISOCode=01
BT128R,https://products.api.bbraun.io/api/image/BT128R?countryISOCode=01
BT129R,https://products.api.bbraun.io/api/image/BT129R?countryISOCode=01
BT132R,None
BT133R,None
BT134R,None
BT136R,None
BT137R,None
BT138R,None
BT161R,https://products.api.bbraun.io/api/image/BT161R?countryISOCode=01
BT166R,https://products.api.bbraun.io/api/image/BT166R?countryISOCode=01
BT167R,https://products.api.bbraun.io/api/image/BT167R?countryISOCode=01
BT170R,https://products.api.bbraun.io/api/image/BT170R?countryISOCode=01
BT171R,https://products.api.bbraun.io/api/image/BT171R?countryISOCode=01
BT172R,https://products.api.bbraun.io/api/image/BT172R?countryISOCode=01
BT173R,https://products.api.bbraun.io/api/image/BT173R?countryISOCode=01
BT174R,https://products.api.bbraun.io/api/image/BT174R?countryISOCode=01
BT177R,https://products.api.bbraun.io/api/image/BT177R?countryISOCode=01
BT178R,https://products.api.bbraun.io/api/image/BT178R?countryISOCode=01
BT179R,https://products.api.bbraun.io/api/image/BT179R?countryISOCode=01
BT180R,https://products.api.bbraun.io/api/image/BT180R?countryISOCode=01
BT181R,https://products.api.bbraun.io/api/image/BT181R?countryISOCode=01
BT182R,https://products.api.bbraun.io/api/image/BT182R?countryISOCode=01
BT183R,https://products.api.bbraun.io/api/image/BT183R?countryISOCode=01
BT184R,https://products.api.bbraun.io/api/image/BT184R?countryISOCode=01
BT185R,https://products.api.bbraun.io/api/image/BT185R?countryISOCode=01
BT187R,https://products.api.bbraun.io/api/image/BT187R?countryISOCode=01
BT190R,https://products.api.bbraun.io/api/image/BT190R?countryISOCode=01
BT192R,https://products.api.bbraun.io/api/image/BT192R?countryISOCode=01
BT193R,https://products.api.bbraun.io/api/image/BT193R?countryISOCode=01
BT194R,https://products.api.bbraun.io/api/image/BT194R?countryISOCode=01
BT195R,https://products.api.bbraun.io/api/image/BT195R?countryISOCode=01
BT196R,https://products.api.bbraun.io/api/image/BT196R?countryISOCode=01
BT197R,https://products.api.bbraun.io/api/image/BT197R?countryISOCode=01
BT198R,https://products.api.bbraun.io/api/image/BT198R?countryISOCode=01
BT199R,https://products.api.bbraun.io/api/image/BT199R?countryISOCode=01
BT200R,https://products.api.bbraun.io/api/image/BT200R?countryISOCode=01
BT201R,https://products.api.bbraun.io/api/image/BT201R?countryISOCode=01
BT202R,https://products.api.bbraun.io/api/image/BT202R?countryISOCode=01
BT206R,https://products.api.bbraun.io/api/image/BT206R?countryISOCode=01
BT210R,https://products.api.bbraun.io/api/image/BT210R?countryISOCode=01
BT211R,https://products.api.bbraun.io/api/image/BT211R?countryISOCode=01
BT212R,https://products.api.bbraun.io/api/image/BT212R?countryISOCode=01
BT213R,https://products.api.bbraun.io/api/image/BT213R?countryISOCode=01
BT214R,https://products.api.bbraun.io/api/image/BT214R?countryISOCode=01
BT215R,https://products.api.bbraun.io/api/image/BT215R?countryISOCode=01
BT216R,https://products.api.bbraun.io/api/image/BT216R?countryISOCode=01
BT217R,https://products.api.bbraun.io/api/image/BT217R?countryISOCode=01
BT221R,https://products.api.bbraun.io/api/image/BT221R?countryISOCode=01
BT222R,https://products.api.bbraun.io/api/image/BT222R?countryISOCode=01
BT223R,https://products.api.bbraun.io/api/image/BT223R?countryISOCode=01
BT224R,https://products.api.bbraun.io/api/image/BT224R?countryISOCode=01
BT225R,https://products.api.bbraun.io/api/image/BT225R?countryISOCode=01
BT227R,https://products.api.bbraun.io/api/image/BT227R?countryISOCode=01
BT228R,https://products.api.bbraun.io/api/image/BT228R?countryISOCode=01
BT229R,https://products.api.bbraun.io/api/image/BT229R?countryISOCode=01
BT230R,https://products.api.bbraun.io/api/image/BT230R?countryISOCode=01
BT232R,https://products.api.bbraun.io/api/image/BT232R?countryISOCode=01
BT234R,https://products.api.bbraun.io/api/image/BT234R?countryISOCode=01
BT238R,https://products.api.bbraun.io/api/image/BT238R?countryISOCode=01
BT239R,https://products.api.bbraun.io/api/image/BT239R?countryISOCode=01
BT240R,https://products.api.bbraun.io/api/image/BT240R?countryISOCode=01
BT241R,https://products.api.bbraun.io/api/image/BT241R?countryISOCode=01
BT242R,https://products.api.bbraun.io/api/image/BT242R?countryISOCode=01
BT243R,https://products.api.bbraun.io/api/image/BT243R?countryISOCode=01
BT244R,https://products.api.bbraun.io/api/image/BT244R?countryISOCode=01
BT246R,https://products.api.bbraun.io/api/image/BT246R?countryISOCode=01
BT248R,https://products.api.bbraun.io/api/image/BT248R?countryISOCode=01
BT252R,https://products.api.bbraun.io/api/image/BT252R?countryISOCode=01
BT253R,https://products.api.bbraun.io/api/image/BT253R?countryISOCode=01
BT254R,https://products.api.bbraun.io/api/image/BT254R?countryISOCode=01
BT256R,https://products.api.bbraun.io/api/image/BT256R?countryISOCode=01
BT257R,https://products.api.bbraun.io/api/image/BT257R?countryISOCode=01
BT258R,https://products.api.bbraun.io/api/image/BT258R?countryISOCode=01
BT259R,https://products.api.bbraun.io/api/image/BT259R?countryISOCode=01
BT260R,https://products.api.bbraun.io/api/image/BT260R?countryISOCode=01
BT261R,https://products.api.bbraun.io/api/image/BT261R?countryISOCode=01
BT262R,https://products.api.bbraun.io/api/image/BT262R?countryISOCode=01
BT263R,https://products.api.bbraun.io/api/image/BT263R?countryISOCode=01
BT264R,https://products.api.bbraun.io/api/image/BT264R?countryISOCode=01
BT265R,https://products.api.bbraun.io/api/image/BT265R?countryISOCode=01
BT266R,https://products.api.bbraun.io/api/image/BT266R?countryISOCode=01
BT272R,https://products.api.bbraun.io/api/image/BT272R?countryISOCode=01
BT273R,https://products.api.bbraun.io/api/image/BT273R?countryISOCode=01
BT274R,https://products.api.bbraun.io/api/image/BT274R?countryISOCode=01
BT276R,https://products.api.bbraun.io/api/image/BT276R?countryISOCode=01
BT278R,https://products.api.bbraun.io/api/image/BT278R?countryISOCode=01
BT279R,https://products.api.bbraun.io/api/image/BT279R?countryISOCode=01
BT280R,https://products.api.bbraun.io/api/image/BT280R?countryISOCode=01
BT284R,https://products.api.bbraun.io/api/image/BT284R?countryISOCode=01
BT285R,https://products.api.bbraun.io/api/image/BT285R?countryISOCode=01
BT286R,https://products.api.bbraun.io/api/image/BT286R?countryISOCode=01
BT287R,https://products.api.bbraun.io/api/image/BT287R?countryISOCode=01
BT288R,https://products.api.bbraun.io/api/image/BT288R?countryISOCode=01
BT290R,https://products.api.bbraun.io/api/image/BT290R?countryISOCode=01
BT293R,https://products.api.bbraun.io/api/image/BT293R?countryISOCode=01
BT294R,https://products.api.bbraun.io/api/image/BT294R?countryISOCode=01
BT295R,https://products.api.bbraun.io/api/image/BT295R?countryISOCode=01
BT296R,https://products.api.bbraun.io/api/image/BT296R?countryISOCode=01
BT311R,https://products.api.bbraun.io/api/image/BT311R?countryISOCode=01
BT315R,https://products.api.bbraun.io/api/image/BT315R?countryISOCode=01
BT316R,https://products.api.bbraun.io/api/image/BT316R?countryISOCode=01
BT320R,https://products.api.bbraun.io/api/image/BT320R?countryISOCode=01
BT321R,https://products.api.bbraun.io/api/image/BT321R?countryISOCode=01
BT322R,https://products.api.bbraun.io/api/image/BT322R?countryISOCode=01
BT323R,https://products.api.bbraun.io/api/image/BT323R?countryISOCode=01
BT325R,https://products.api.bbraun.io/api/image/BT325R?countryISOCode=01
BT326R,https://products.api.bbraun.io/api/image/BT326R?countryISOCode=01
BT327R,https://products.api.bbraun.io/api/image/BT327R?countryISOCode=01
BT328R,https://products.api.bbraun.io/api/image/BT328R?countryISOCode=01
BT329R,https://products.api.bbraun.io/api/image/BT329R?countryISOCode=01
BT330R,https://products.api.bbraun.io/api/image/BT330R?countryISOCode=01
BT331R,https://products.api.bbraun.io/api/image/BT331R?countryISOCode=01
BT332R,https://products.api.bbraun.io/api/image/BT332R?countryISOCode=01
BT340R,https://products.api.bbraun.io/api/image/BT340R?countryISOCode=01
BT343R,https://products.api.bbraun.io/api/image/BT343R?countryISOCode=01
BT351R,https://products.api.bbraun.io/api/image/BT351R?countryISOCode=01
BT352R,https://products.api.bbraun.io/api/image/BT352R?countryISOCode=01
BT353R,https://products.api.bbraun.io/api/image/BT353R?countryISOCode=01
BT354R,https://products.api.bbraun.io/api/image/BT354R?countryISOCode=01
BT356R,https://products.api.bbraun.io/api/image/BT356R?countryISOCode=01
BT357R,https://products.api.bbraun.io/api/image/BT357R?countryISOCode=01
BT358R,https://products.api.bbraun.io/api/image/BT358R?countryISOCode=01
BT359R,https://products.api.bbraun.io/api/image/BT359R?countryISOCode=01
BT361R,https://products.api.bbraun.io/api/image/BT361R?countryISOCode=01
BT363R,https://products.api.bbraun.io/api/image/BT363R?countryISOCode=01
BT364R,https://products.api.bbraun.io/api/image/BT364R?countryISOCode=01
BT365R,https://products.api.bbraun.io/api/image/BT365R?countryISOCode=01
BT369R,https://products.api.bbraun.io/api/image/BT369R?countryISOCode=01
BT370R,https://products.api.bbraun.io/api/image/BT370R?countryISOCode=01
BT371R,https://products.api.bbraun.io/api/image/BT371R?countryISOCode=01
BT372R,https://products.api.bbraun.io/api/image/BT372R?countryISOCode=01
BT373R,https://products.api.bbraun.io/api/image/BT373R?countryISOCode=01
BT400R,https://products.api.bbraun.io/api/image/BT400R?countryISOCode=01
BT404R,https://products.api.bbraun.io/api/image/BT404R?countryISOCode=01
BT405R,https://products.api.bbraun.io/api/image/BT405R?countryISOCode=01
BT406R,https://products.api.bbraun.io/api/image/BT406R?countryISOCode=01
BT408R,https://products.api.bbraun.io/api/image/BT408R?countryISOCode=01
BT419R,https://products.api.bbraun.io/api/image/BT419R?countryISOCode=01
BT420R,https://products.api.bbraun.io/api/image/BT420R?countryISOCode=01
BT421R,https://products.api.bbraun.io/api/image/BT421R?countryISOCode=01
BT422R,https://products.api.bbraun.io/api/image/BT422R?countryISOCode=01
BT423R,https://products.api.bbraun.io/api/image/BT423R?countryISOCode=01
BT424R,https://products.api.bbraun.io/api/image/BT424R?countryISOCode=01
BT425R,https://products.api.bbraun.io/api/image/BT425R?countryISOCode=01
BT430R,https://products.api.bbraun.io/api/image/BT430R?countryISOCode=01
BT440R,https://products.api.bbraun.io/api/image/BT440R?countryISOCode=01
BT441R,https://products.api.bbraun.io/api/image/BT441R?countryISOCode=01
BT442R,https://products.api.bbraun.io/api/image/BT442R?countryISOCode=01
BT443R,https://products.api.bbraun.io/api/image/BT443R?countryISOCode=01
BT444R,https://products.api.bbraun.io/api/image/BT444R?countryISOCode=01
BT445R,https://products.api.bbraun.io/api/image/BT445R?countryISOCode=01
BT446R,https://products.api.bbraun.io/api/image/BT446R?countryISOCode=01
BT457R,https://products.api.bbraun.io/api/image/BT457R?countryISOCode=01
BT458R,https://products.api.bbraun.io/api/image/BT458R?countryISOCode=01
BT459R,https://products.api.bbraun.io/api/image/BT459R?countryISOCode=01
BT460R,https://products.api.bbraun.io/api/image/BT460R?countryISOCode=01
BT461R,https://products.api.bbraun.io/api/image/BT461R?countryISOCode=01
BT462R,https://products.api.bbraun.io/api/image/BT462R?countryISOCode=01
BT463R,https://products.api.bbraun.io/api/image/BT463R?countryISOCode=01
BT464R,https://products.api.bbraun.io/api/image/BT464R?countryISOCode=01
BT465R,https://products.api.bbraun.io/api/image/BT465R?countryISOCode=01
BT470R,https://products.api.bbraun.io/api/image/BT470R?countryISOCode=01
BT471R,https://products.api.bbraun.io/api/image/BT471R?countryISOCode=01
BT472R,https://products.api.bbraun.io/api/image/BT472R?countryISOCode=01
BT475R,https://products.api.bbraun.io/api/image/BT475R?countryISOCode=01
BT476R,https://products.api.bbraun.io/api/image/BT476R?countryISOCode=01
BT477R,https://products.api.bbraun.io/api/image/BT477R?countryISOCode=01
BT478R,https://products.api.bbraun.io/api/image/BT478R?countryISOCode=01
BT479R,https://products.api.bbraun.io/api/image/BT479R?countryISOCode=01
BT481R,https://products.api.bbraun.io/api/image/BT481R?countryISOCode=01
BT482R,https://products.api.bbraun.io/api/image/BT482R?countryISOCode=01
BT483R,https://products.api.bbraun.io/api/image/BT483R?countryISOCode=01
BT484R,https://products.api.bbraun.io/api/image/BT484R?countryISOCode=01
BT485R,https://products.api.bbraun.io/api/image/BT485R?countryISOCode=01
BT486R,https://products.api.bbraun.io/api/image/BT486R?countryISOCode=01
BT487R,https://products.api.bbraun.io/api/image/BT487R?countryISOCode=01
BT490R,https://products.api.bbraun.io/api/image/BT490R?countryISOCode=01
BT492R,https://products.api.bbraun.io/api/image/BT492R?countryISOCode=01
BT494R,https://products.api.bbraun.io/api/image/BT494R?countryISOCode=01
BT498R,https://products.api.bbraun.io/api/image/BT498R?countryISOCode=01
BT500R,https://products.api.bbraun.io/api/image/BT500R?countryISOCode=01
BT501R,https://products.api.bbraun.io/api/image/BT501R?countryISOCode=01
BT502R,https://products.api.bbraun.io/api/image/BT502R?countryISOCode=01
BT503R,https://products.api.bbraun.io/api/image/BT503R?countryISOCode=01
BT504R,https://products.api.bbraun.io/api/image/BT504R?countryISOCode=01
BT505R,https://products.api.bbraun.io/api/image/BT505R?countryISOCode=01
BT508R,https://products.api.bbraun.io/api/image/BT508R?countryISOCode=01
BT509R,https://products.api.bbraun.io/api/image/BT509R?countryISOCode=01
BT510R,https://products.api.bbraun.io/api/image/BT510R?countryISOCode=01
BT511R,https://products.api.bbraun.io/api/image/BT511R?countryISOCode=01
BT512R,https://products.api.bbraun.io/api/image/BT512R?countryISOCode=01
BT513R,https://products.api.bbraun.io/api/image/BT513R?countryISOCode=01
BT514R,https://products.api.bbraun.io/api/image/BT514R?countryISOCode=01
BT521R,https://products.api.bbraun.io/api/image/BT521R?countryISOCode=01
BT522R,https://products.api.bbraun.io/api/image/BT522R?countryISOCode=01
BT523R,https://products.api.bbraun.io/api/image/BT523R?countryISOCode=01
BT524R,https://products.api.bbraun.io/api/image/BT524R?countryISOCode=01
BT525R,https://products.api.bbraun.io/api/image/BT525R?countryISOCode=01
BT526R,https://products.api.bbraun.io/api/image/BT526R?countryISOCode=01
BT527R,https://products.api.bbraun.io/api/image/BT527R?countryISOCode=01
BT528R,https://products.api.bbraun.io/api/image/BT528R?countryISOCode=01
BT529R,https://products.api.bbraun.io/api/image/BT529R?countryISOCode=01
BT530R,https://products.api.bbraun.io/api/image/BT530R?countryISOCode=01
BT531R,https://products.api.bbraun.io/api/image/BT531R?countryISOCode=01
BT542P,https://products.api.bbraun.io/api/image/BT542P?countryISOCode=01
BT545P,https://products.api.bbraun.io/api/image/BT545P?countryISOCode=01
BT551R,https://products.api.bbraun.io/api/image/BT551R?countryISOCode=01
BT552R,https://products.api.bbraun.io/api/image/BT552R?countryISOCode=01
BT553R,https://products.api.bbraun.io/api/image/BT553R?countryISOCode=01
BT559R,https://products.api.bbraun.io/api/image/BT559R?countryISOCode=01
BT560R,https://products.api.bbraun.io/api/image/BT560R?countryISOCode=01
BT561R,https://products.api.bbraun.io/api/image/BT561R?countryISOCode=01
BT594R,https://products.api.bbraun.io/api/image/BT594R?countryISOCode=01
BT595R,https://products.api.bbraun.io/api/image/BT595R?countryISOCode=01
BT596R,https://products.api.bbraun.io/api/image/BT596R?countryISOCode=01
BT597R,https://products.api.bbraun.io/api/image/BT597R?countryISOCode=01
BT600R,https://products.api.bbraun.io/api/image/BT600R?countryISOCode=01
BT601R,https://products.api.bbraun.io/api/image/BT601R?countryISOCode=01
BT602R,https://products.api.bbraun.io/api/image/BT602R?countryISOCode=01
BT603R,https://products.api.bbraun.io/api/image/BT603R?countryISOCode=01
BT604R,https://products.api.bbraun.io/api/image/BT604R?countryISOCode=01
BT605R,https://products.api.bbraun.io/api/image/BT605R?countryISOCode=01
BT606R,https://products.api.bbraun.io/api/image/BT606R?countryISOCode=01
BT607R,https://products.api.bbraun.io/api/image/BT607R?countryISOCode=01
BT608R,https://products.api.bbraun.io/api/image/BT608R?countryISOCode=01
BT611R,https://products.api.bbraun.io/api/image/BT611R?countryISOCode=01
BT613R,https://products.api.bbraun.io/api/image/BT613R?countryISOCode=01
BT614R,https://products.api.bbraun.io/api/image/BT614R?countryISOCode=01
BT615R,https://products.api.bbraun.io/api/image/BT615R?countryISOCode=01
BT617R,https://products.api.bbraun.io/api/image/BT617R?countryISOCode=01
BT618R,https://products.api.bbraun.io/api/image/BT618R?countryISOCode=01
BT621R,https://products.api.bbraun.io/api/image/BT621R?countryISOCode=01
BT622R,https://products.api.bbraun.io/api/image/BT622R?countryISOCode=01
BT623R,https://products.api.bbraun.io/api/image/BT623R?countryISOCode=01
BT624R,https://products.api.bbraun.io/api/image/BT624R?countryISOCode=01
BT625R,https://products.api.bbraun.io/api/image/BT625R?countryISOCode=01
BT626R,https://products.api.bbraun.io/api/image/BT626R?countryISOCode=01
BT630R,https://products.api.bbraun.io/api/image/BT630R?countryISOCode=01
BT633R,https://products.api.bbraun.io/api/image/BT633R?countryISOCode=01
BT655R,https://products.api.bbraun.io/api/image/BT655R?countryISOCode=01
BT656R,https://products.api.bbraun.io/api/image/BT656R?countryISOCode=01
BT657R,https://products.api.bbraun.io/api/image/BT657R?countryISOCode=01
BT658R,https://products.api.bbraun.io/api/image/BT658R?countryISOCode=01
BT659R,https://products.api.bbraun.io/api/image/BT659R?countryISOCode=01
BT667R,https://products.api.bbraun.io/api/image/BT667R?countryISOCode=01
BT669R,https://products.api.bbraun.io/api/image/BT669R?countryISOCode=01
BT670R,https://products.api.bbraun.io/api/image/BT670R?countryISOCode=01
BT672R,https://products.api.bbraun.io/api/image/BT672R?countryISOCode=01
BT674R,https://products.api.bbraun.io/api/image/BT674R?countryISOCode=01
BT680R,https://products.api.bbraun.io/api/image/BT680R?countryISOCode=01
BT681R,https://products.api.bbraun.io/api/image/BT681R?countryISOCode=01
BT703R,https://products.api.bbraun.io/api/image/BT703R?countryISOCode=01
BT704R,https://products.api.bbraun.io/api/image/BT704R?countryISOCode=01
BT708R,https://products.api.bbraun.io/api/image/BT708R?countryISOCode=01
BT709R,https://products.api.bbraun.io/api/image/BT709R?countryISOCode=01
BT710R,https://products.api.bbraun.io/api/image/BT710R?countryISOCode=01
BT711R,https://products.api.bbraun.io/api/image/BT711R?countryISOCode=01
BT712R,https://products.api.bbraun.io/api/image/BT712R?countryISOCode=01
BT713R,https://products.api.bbraun.io/api/image/BT713R?countryISOCode=01
BT714R,https://products.api.bbraun.io/api/image/BT714R?countryISOCode=01
BT715R,https://products.api.bbraun.io/api/image/BT715R?countryISOCode=01
BT721R,https://products.api.bbraun.io/api/image/BT721R?countryISOCode=01
BT723R,https://products.api.bbraun.io/api/image/BT723R?countryISOCode=01
BT724R,https://products.api.bbraun.io/api/image/BT724R?countryISOCode=01
BT725R,https://products.api.bbraun.io/api/image/BT725R?countryISOCode=01
BT730R,https://products.api.bbraun.io/api/image/BT730R?countryISOCode=01
BT732R,https://products.api.bbraun.io/api/image/BT732R?countryISOCode=01
BT740R,https://products.api.bbraun.io/api/image/BT740R?countryISOCode=01
BT742R,https://products.api.bbraun.io/api/image/BT742R?countryISOCode=01
BT746R,https://products.api.bbraun.io/api/image/BT746R?countryISOCode=01
BT747R,https://products.api.bbraun.io/api/image/BT747R?countryISOCode=01
BT749R,https://products.api.bbraun.io/api/image/BT749R?countryISOCode=01
BT750R,https://products.api.bbraun.io/api/image/BT750R?countryISOCode=01
BT751R,https://products.api.bbraun.io/api/image/BT751R?countryISOCode=01
BT752R,https://products.api.bbraun.io/api/image/BT752R?countryISOCode=01
BT755R,https://products.api.bbraun.io/api/image/BT755R?countryISOCode=01
BT756R,https://products.api.bbraun.io/api/image/BT756R?countryISOCode=01
BT758R,https://products.api.bbraun.io/api/image/BT758R?countryISOCode=01
BT761R,https://products.api.bbraun.io/api/image/BT761R?countryISOCode=01
BT762R,https://products.api.bbraun.io/api/image/BT762R?countryISOCode=01
BT763R,https://products.api.bbraun.io/api/image/BT763R?countryISOCode=01
BT773R,https://products.api.bbraun.io/api/image/BT773R?countryISOCode=01
BT774R,https://products.api.bbraun.io/api/image/BT774R?countryISOCode=01
BT775R,https://products.api.bbraun.io/api/image/BT775R?countryISOCode=01
BT776R,https://products.api.bbraun.io/api/image/BT776R?countryISOCode=01
BT777R,https://products.api.bbraun.io/api/image/BT777R?countryISOCode=01
BT795R,https://products.api.bbraun.io/api/image/BT795R?countryISOCode=01
BT799R,https://products.api.bbraun.io/api/image/BT799R?countryISOCode=01
BT800R,https://products.api.bbraun.io/api/image/BT800R?countryISOCode=01
BT801R,https://products.api.bbraun.io/api/image/BT801R?countryISOCode=01
BT802R,https://products.api.bbraun.io/api/image/BT802R?countryISOCode=01
BT803R,https://products.api.bbraun.io/api/image/BT803R?countryISOCode=01
BT806R,https://products.api.bbraun.io/api/image/BT806R?countryISOCode=01
BT807R,https://products.api.bbraun.io/api/image/BT807R?countryISOCode=01
BT808R,https://products.api.bbraun.io/api/image/BT808R?countryISOCode=01
BT812R,https://products.api.bbraun.io/api/image/BT812R?countryISOCode=01
BT813R,https://products.api.bbraun.io/api/image/BT813R?countryISOCode=01
BT814R,https://products.api.bbraun.io/api/image/BT814R?countryISOCode=01
BT815R,https://products.api.bbraun.io/api/image/BT815R?countryISOCode=01
BT817R,https://products.api.bbraun.io/api/image/BT817R?countryISOCode=01
BT818R,https://products.api.bbraun.io/api/image/BT818R?countryISOCode=01
BT819R,https://products.api.bbraun.io/api/image/BT819R?countryISOCode=01
BT820R,https://products.api.bbraun.io/api/image/BT820R?countryISOCode=01
BT821R,https://products.api.bbraun.io/api/image/BT821R?countryISOCode=01
BT822R,https://products.api.bbraun.io/api/image/BT822R?countryISOCode=01
BT901R,https://products.api.bbraun.io/api/image/BT901R?countryISOCode=01
BT902R,https://products.api.bbraun.io/api/image/BT902R?countryISOCode=01
BT904R,https://products.api.bbraun.io/api/image/BT904R?countryISOCode=01
BT906R,https://products.api.bbraun.io/api/image/BT906R?countryISOCode=01
BT911R,https://products.api.bbraun.io/api/image/BT911R?countryISOCode=01
BT912R,https://products.api.bbraun.io/api/image/BT912R?countryISOCode=01
BT913R,https://products.api.bbraun.io/api/image/BT913R?countryISOCode=01
BT916R,https://products.api.bbraun.io/api/image/BT916R?countryISOCode=01
BT917R,https://products.api.bbraun.io/api/image/BT917R?countryISOCode=01
BT918R,https://products.api.bbraun.io/api/image/BT918R?countryISOCode=01
BT921R,https://products.api.bbraun.io/api/image/BT921R?countryISOCode=01
BT922R,https://products.api.bbraun.io/api/image/BT922R?countryISOCode=01
BT923R,https://products.api.bbraun.io/api/image/BT923R?countryISOCode=01
BT926R,https://products.api.bbraun.io/api/image/BT926R?countryISOCode=01
BT927R,https://products.api.bbraun.io/api/image/BT927R?countryISOCode=01
BT928R,https://products.api.bbraun.io/api/image/BT928R?countryISOCode=01
BT933R,None
BT940R,https://products.api.bbraun.io/api/image/BT940R?countryISOCode=01
BT943R,https://products.api.bbraun.io/api/image/BT943R?countryISOCode=01
BT944R,https://products.api.bbraun.io/api/image/BT944R?countryISOCode=01
BT945R,https://products.api.bbraun.io/api/image/BT945R?countryISOCode=01
BT946R,https://products.api.bbraun.io/api/image/BT946R?countryISOCode=01
BT948R,https://products.api.bbraun.io/api/image/BT948R?countryISOCode=01
BT949R,https://products.api.bbraun.io/api/image/BT949R?countryISOCode=01
BT951R,https://products.api.bbraun.io/api/image/BT951R?countryISOCode=01
BT958R,https://products.api.bbraun.io/api/image/BT958R?countryISOCode=01
BT964R,https://products.api.bbraun.io/api/image/BT964R?countryISOCode=01
BT966R,https://products.api.bbraun.io/api/image/BT966R?countryISOCode=01
BV001R,https://products.api.bbraun.io/api/image/BV001R?countryISOCode=01
BV002R,https://products.api.bbraun.io/api/image/BV002R?countryISOCode=01
BV003R,https://products.api.bbraun.io/api/image/BV003R?countryISOCode=01
BV005R,https://products.api.bbraun.io/api/image/BV005R?countryISOCode=01
BV006R,https://products.api.bbraun.io/api/image/BV006R?countryISOCode=01
BV007R,https://products.api.bbraun.io/api/image/BV007R?countryISOCode=01
BV008R,https://products.api.bbraun.io/api/image/BV008R?countryISOCode=01
BV009R,https://products.api.bbraun.io/api/image/BV009R?countryISOCode=01
BV010R,https://products.api.bbraun.io/api/image/BV010R?countryISOCode=01
BV011R,https://products.api.bbraun.io/api/image/BV011R?countryISOCode=01
BV013R,https://products.api.bbraun.io/api/image/BV013R?countryISOCode=01
BV014R,https://products.api.bbraun.io/api/image/BV014R?countryISOCode=01
BV015R,https://products.api.bbraun.io/api/image/BV015R?countryISOCode=01
BV021R,https://products.api.bbraun.io/api/image/BV021R?countryISOCode=01
BV022R,https://products.api.bbraun.io/api/image/BV022R?countryISOCode=01
BV023R,https://products.api.bbraun.io/api/image/BV023R?countryISOCode=01
BV024R,https://products.api.bbraun.io/api/image/BV024R?countryISOCode=01
BV028R,https://products.api.bbraun.io/api/image/BV028R?countryISOCode=01
BV030R,https://products.api.bbraun.io/api/image/BV030R?countryISOCode=01
BV032R,https://products.api.bbraun.io/api/image/BV032R?countryISOCode=01
BV033R,https://products.api.bbraun.io/api/image/BV033R?countryISOCode=01
BV059R,https://products.api.bbraun.io/api/image/BV059R?countryISOCode=01
BV066R,https://products.api.bbraun.io/api/image/BV066R?countryISOCode=01
BV067R,https://products.api.bbraun.io/api/image/BV067R?countryISOCode=01
BV067SU,https://products.api.bbraun.io/api/image/BV067SU?countryISOCode=01
BV068R,https://products.api.bbraun.io/api/image/BV068R?countryISOCode=01
BV070R,https://products.api.bbraun.io/api/image/BV070R?countryISOCode=01
BV071R,https://products.api.bbraun.io/api/image/BV071R?countryISOCode=01
BV072R,https://products.api.bbraun.io/api/image/BV072R?countryISOCode=01
BV073R,https://products.api.bbraun.io/api/image/BV073R?countryISOCode=01
BV074R,https://products.api.bbraun.io/api/image/BV074R?countryISOCode=01
BV075R,https://products.api.bbraun.io/api/image/BV075R?countryISOCode=01
BV076R,https://products.api.bbraun.io/api/image/BV076R?countryISOCode=01
BV077R,https://products.api.bbraun.io/api/image/BV077R?countryISOCode=01
BV078R,https://products.api.bbraun.io/api/image/BV078R?countryISOCode=01
BV079R,https://products.api.bbraun.io/api/image/BV079R?countryISOCode=01
BV084R,https://products.api.bbraun.io/api/image/BV084R?countryISOCode=01
BV085R,https://products.api.bbraun.io/api/image/BV085R?countryISOCode=01
BV086R,https://products.api.bbraun.io/api/image/BV086R?countryISOCode=01
BV087R,https://products.api.bbraun.io/api/image/BV087R?countryISOCode=01
BV088R,https://products.api.bbraun.io/api/image/BV088R?countryISOCode=01
BV090R,https://products.api.bbraun.io/api/image/BV090R?countryISOCode=01
BV091R,https://products.api.bbraun.io/api/image/BV091R?countryISOCode=01
BV092R,https://products.api.bbraun.io/api/image/BV092R?countryISOCode=01
BV093R,https://products.api.bbraun.io/api/image/BV093R?countryISOCode=01
BV094R,https://products.api.bbraun.io/api/image/BV094R?countryISOCode=01
BV097R,https://products.api.bbraun.io/api/image/BV097R?countryISOCode=01
BV098R,https://products.api.bbraun.io/api/image/BV098R?countryISOCode=01
BV099R,https://products.api.bbraun.io/api/image/BV099R?countryISOCode=01
BV101R,https://products.api.bbraun.io/api/image/BV101R?countryISOCode=01
BV104R,https://products.api.bbraun.io/api/image/BV104R?countryISOCode=01
BV112R,https://products.api.bbraun.io/api/image/BV112R?countryISOCode=01
BV113R,https://products.api.bbraun.io/api/image/BV113R?countryISOCode=01
BV120R,https://products.api.bbraun.io/api/image/BV120R?countryISOCode=01
BV199R,https://products.api.bbraun.io/api/image/BV199R?countryISOCode=01
BV200R,https://products.api.bbraun.io/api/image/BV200R?countryISOCode=01
BV201R,https://products.api.bbraun.io/api/image/BV201R?countryISOCode=01
BV203R,https://products.api.bbraun.io/api/image/BV203R?countryISOCode=01
BV205R,https://products.api.bbraun.io/api/image/BV205R?countryISOCode=01
BV206R,https://products.api.bbraun.io/api/image/BV206R?countryISOCode=01
BV207R,https://products.api.bbraun.io/api/image/BV207R?countryISOCode=01
BV208R,https://products.api.bbraun.io/api/image/BV208R?countryISOCode=01
BV209R,https://products.api.bbraun.io/api/image/BV209R?countryISOCode=01
BV247R,https://products.api.bbraun.io/api/image/BV247R?countryISOCode=01
BV248R,https://products.api.bbraun.io/api/image/BV248R?countryISOCode=01
BV249R,https://products.api.bbraun.io/api/image/BV249R?countryISOCode=01
BV250R,https://products.api.bbraun.io/api/image/BV250R?countryISOCode=01
BV251R,https://products.api.bbraun.io/api/image/BV251R?countryISOCode=01
BV252R,https://products.api.bbraun.io/api/image/BV252R?countryISOCode=01
BV254R,https://products.api.bbraun.io/api/image/BV254R?countryISOCode=01
BV255R,https://products.api.bbraun.io/api/image/BV255R?countryISOCode=01
BV258R,https://products.api.bbraun.io/api/image/BV258R?countryISOCode=01
BV260R,https://products.api.bbraun.io/api/image/BV260R?countryISOCode=01
BV271R,https://products.api.bbraun.io/api/image/BV271R?countryISOCode=01
BV272R,https://products.api.bbraun.io/api/image/BV272R?countryISOCode=01
BV273R,https://products.api.bbraun.io/api/image/BV273R?countryISOCode=01
BV276R,https://products.api.bbraun.io/api/image/BV276R?countryISOCode=01
BV296R,https://products.api.bbraun.io/api/image/BV296R?countryISOCode=01
BV297R,https://products.api.bbraun.io/api/image/BV297R?countryISOCode=01
BV298R,https://products.api.bbraun.io/api/image/BV298R?countryISOCode=01
BV299R,https://products.api.bbraun.io/api/image/BV299R?countryISOCode=01
BV326R,https://products.api.bbraun.io/api/image/BV326R?countryISOCode=01
BV327R,https://products.api.bbraun.io/api/image/BV327R?countryISOCode=01
BV328R,https://products.api.bbraun.io/api/image/BV328R?countryISOCode=01
BV329R,https://products.api.bbraun.io/api/image/BV329R?countryISOCode=01
BV338R,https://products.api.bbraun.io/api/image/BV338R?countryISOCode=01
BV348R,https://products.api.bbraun.io/api/image/BV348R?countryISOCode=01
BV349R,https://products.api.bbraun.io/api/image/BV349R?countryISOCode=01
BV361R,https://products.api.bbraun.io/api/image/BV361R?countryISOCode=01
BV362R,https://products.api.bbraun.io/api/image/BV362R?countryISOCode=01
BV363R,https://products.api.bbraun.io/api/image/BV363R?countryISOCode=01
BV366R,https://products.api.bbraun.io/api/image/BV366R?countryISOCode=01
BV367R,https://products.api.bbraun.io/api/image/BV367R?countryISOCode=01
BV369R,https://products.api.bbraun.io/api/image/BV369R?countryISOCode=01
BV379R,None
BV380R,None
BV381R,None
BV382R,None
BV383R,None
BV384R,None
BV385R,None
BV391R,None
BV392R,None
BV393R,None
BV394R,None
BV395R,None
BV399R,https://products.api.bbraun.io/api/image/BV399R?countryISOCode=01
BV400R,https://products.api.bbraun.io/api/image/BV400R?countryISOCode=01
BV401R,https://products.api.bbraun.io/api/image/BV401R?countryISOCode=01
BV403R,https://products.api.bbraun.io/api/image/BV403R?countryISOCode=01
BV405R,https://products.api.bbraun.io/api/image/BV405R?countryISOCode=01
BV406R,https://products.api.bbraun.io/api/image/BV406R?countryISOCode=01
BV409R,None
BV411R,None
BV435R,None
BV437R,None
BV441R,None
BV442R,None
BV443R,None
BV444R,None
BV445R,None
BV446R,None
BV449R,None
BV451R,None
BV452R,None
BV453R,None
BV454R,None
BV455R,None
BV456R,None
BV457R,None
BV458R,None
BV461R,None
BV462R,None
BV463R,None
BV464R,None
BV465R,None
BV466R,None
BV467R,None
BV468R,None
BV500R,https://products.api.bbraun.io/api/image/BV500R?countryISOCode=01
BV502R,https://products.api.bbraun.io/api/image/BV502R?countryISOCode=01
BV505R,https://products.api.bbraun.io/api/image/BV505R?countryISOCode=01
BV506R,https://products.api.bbraun.io/api/image/BV506R?countryISOCode=01
BV509R,https://products.api.bbraun.io/api/image/BV510R?countryISOCode=01
BV510R,https://products.api.bbraun.io/api/image/BV510R?countryISOCode=01
BV512R,https://products.api.bbraun.io/api/image/BV512R?countryISOCode=01
BV516R,https://products.api.bbraun.io/api/image/BV516R?countryISOCode=01
BV517R,https://products.api.bbraun.io/api/image/BV517R?countryISOCode=01
BV518R,https://products.api.bbraun.io/api/image/BV518R?countryISOCode=01
BV519R,https://products.api.bbraun.io/api/image/BV519R?countryISOCode=01
BV520R,https://products.api.bbraun.io/api/image/BV520R?countryISOCode=01
BV522R,https://products.api.bbraun.io/api/image/BV522R?countryISOCode=01
BV523R,https://products.api.bbraun.io/api/image/BV523R?countryISOCode=01
BV524R,https://products.api.bbraun.io/api/image/BV524R?countryISOCode=01
BV527R,https://products.api.bbraun.io/api/image/BV527R?countryISOCode=01
BV528R,https://products.api.bbraun.io/api/image/BV528R?countryISOCode=01
BV530R,https://products.api.bbraun.io/api/image/BV530R?countryISOCode=01
BV531R,https://products.api.bbraun.io/api/image/BV531R?countryISOCode=01
BV532R,https://products.api.bbraun.io/api/image/BV532R?countryISOCode=01
BV533R,https://products.api.bbraun.io/api/image/BV533R?countryISOCode=01
BV535R,https://products.api.bbraun.io/api/image/BV535R?countryISOCode=01
BV536R,https://products.api.bbraun.io/api/image/BV536R?countryISOCode=01
BV542R,https://products.api.bbraun.io/api/image/BV542R?countryISOCode=01
BV543R,https://products.api.bbraun.io/api/image/BV543R?countryISOCode=01
BV545R,https://products.api.bbraun.io/api/image/BV545R?countryISOCode=01
BV551R,https://products.api.bbraun.io/api/image/BV551R?countryISOCode=01
BV552R,https://products.api.bbraun.io/api/image/BV552R?countryISOCode=01
BV553R,https://products.api.bbraun.io/api/image/BV553R?countryISOCode=01
BV554R,https://products.api.bbraun.io/api/image/BV554R?countryISOCode=01
BV555R,https://products.api.bbraun.io/api/image/BV555R?countryISOCode=01
BV556R,https://products.api.bbraun.io/api/image/BV556R?countryISOCode=01
BV557R,https://products.api.bbraun.io/api/image/BV557R?countryISOCode=01
BV558R,https://products.api.bbraun.io/api/image/BV558R?countryISOCode=01
BV575R,https://products.api.bbraun.io/api/image/BV575R?countryISOCode=01
BV576R,https://products.api.bbraun.io/api/image/BV576R?countryISOCode=01
BV577R,https://products.api.bbraun.io/api/image/BV577R?countryISOCode=01
BV578R,https://products.api.bbraun.io/api/image/BV578R?countryISOCode=01
BV580R,https://products.api.bbraun.io/api/image/BV576R?countryISOCode=01
BV581R,https://products.api.bbraun.io/api/image/BV581R?countryISOCode=01
BV582R,https://products.api.bbraun.io/api/image/BV582R?countryISOCode=01
BV583R,https://products.api.bbraun.io/api/image/BV583R?countryISOCode=01
BV584R,https://products.api.bbraun.io/api/image/BV584R?countryISOCode=01
BV585R,https://products.api.bbraun.io/api/image/BV585R?countryISOCode=01
BV586R,https://products.api.bbraun.io/api/image/BV586R?countryISOCode=01
BV589R,https://products.api.bbraun.io/api/image/BV589R?countryISOCode=01
BV601R,https://products.api.bbraun.io/api/image/BV601R?countryISOCode=01
BV602R,https://products.api.bbraun.io/api/image/BV602R?countryISOCode=01
BV605R,https://products.api.bbraun.io/api/image/BV605R?countryISOCode=01
BV606R,https://products.api.bbraun.io/api/image/BV606R?countryISOCode=01
BV608R,https://products.api.bbraun.io/api/image/BV608R?countryISOCode=01
BV609R,https://products.api.bbraun.io/api/image/BV609R?countryISOCode=01
BV610R,https://products.api.bbraun.io/api/image/BV610R?countryISOCode=01
BV611R,https://products.api.bbraun.io/api/image/BV611R?countryISOCode=01
BV615R,https://products.api.bbraun.io/api/image/BV615R?countryISOCode=01
BV616R,https://products.api.bbraun.io/api/image/BV616R?countryISOCode=01
BV617R,https://products.api.bbraun.io/api/image/BV617R?countryISOCode=01
BV618R,https://products.api.bbraun.io/api/image/BV618R?countryISOCode=01
BV621R,https://products.api.bbraun.io/api/image/BV621R?countryISOCode=01
BV622R,https://products.api.bbraun.io/api/image/BV622R?countryISOCode=01
BV624R,https://products.api.bbraun.io/api/image/BV624R?countryISOCode=01
BV626R,https://products.api.bbraun.io/api/image/BV626R?countryISOCode=01
BV628R,https://products.api.bbraun.io/api/image/BV628R?countryISOCode=01
BV632R,https://products.api.bbraun.io/api/image/BV632R?countryISOCode=01
BV634R,https://products.api.bbraun.io/api/image/BV634R?countryISOCode=01
BV636R,https://products.api.bbraun.io/api/image/BV636R?countryISOCode=01
BV638R,https://products.api.bbraun.io/api/image/BV638R?countryISOCode=01
BV645R,https://products.api.bbraun.io/api/image/BV645R?countryISOCode=01
BV646R,https://products.api.bbraun.io/api/image/BV646R?countryISOCode=01
BV647R,https://products.api.bbraun.io/api/image/BV647R?countryISOCode=01
BV648R,https://products.api.bbraun.io/api/image/BV648R?countryISOCode=01
BV649R,https://products.api.bbraun.io/api/image/BV649R?countryISOCode=01
BV650R,https://products.api.bbraun.io/api/image/BV650R?countryISOCode=01
BV653R,https://products.api.bbraun.io/api/image/BV653R?countryISOCode=01
BV654R,https://products.api.bbraun.io/api/image/BV654R?countryISOCode=01
BV655R,https://products.api.bbraun.io/api/image/BV655R?countryISOCode=01
BV656R,https://products.api.bbraun.io/api/image/BV656R?countryISOCode=01
BV657R,https://products.api.bbraun.io/api/image/BV657R?countryISOCode=01
BV658R,https://products.api.bbraun.io/api/image/BV658R?countryISOCode=01
BV659R,https://products.api.bbraun.io/api/image/BV659R?countryISOCode=01
BV660R,https://products.api.bbraun.io/api/image/BV660R?countryISOCode=01
BV661R,https://products.api.bbraun.io/api/image/BV661R?countryISOCode=01
BV662R,https://products.api.bbraun.io/api/image/BV662R?countryISOCode=01
BV663R,https://products.api.bbraun.io/api/image/BV663R?countryISOCode=01
BV664R,https://products.api.bbraun.io/api/image/BV664R?countryISOCode=01
BV665R,https://products.api.bbraun.io/api/image/BV665R?countryISOCode=01
BV668R,https://products.api.bbraun.io/api/image/BV668R?countryISOCode=01
BV669R,https://products.api.bbraun.io/api/image/BV669R?countryISOCode=01
BV670R,https://products.api.bbraun.io/api/image/BV670R?countryISOCode=01
BV672R,https://products.api.bbraun.io/api/image/BV672R?countryISOCode=01
BV674R,https://products.api.bbraun.io/api/image/BV674R?countryISOCode=01
BV675R,https://products.api.bbraun.io/api/image/BV675R?countryISOCode=01
BV676R,https://products.api.bbraun.io/api/image/BV676R?countryISOCode=01
BV680R,https://products.api.bbraun.io/api/image/BV680R?countryISOCode=01
BV682R,https://products.api.bbraun.io/api/image/BV682R?countryISOCode=01
BV684R,https://products.api.bbraun.io/api/image/BV684R?countryISOCode=01
BV709R,https://products.api.bbraun.io/api/image/BV709R?countryISOCode=01
BV710R,https://products.api.bbraun.io/api/image/BV710R?countryISOCode=01
BV711R,https://products.api.bbraun.io/api/image/BV711R?countryISOCode=01
BV712T,https://products.api.bbraun.io/api/image/BV712T?countryISOCode=01
BV713T,https://products.api.bbraun.io/api/image/BV713T?countryISOCode=01
BV814R,https://products.api.bbraun.io/api/image/BV814R?countryISOCode=01
BV815R,https://products.api.bbraun.io/api/image/BV815R?countryISOCode=01
BV817R,https://products.api.bbraun.io/api/image/BV817R?countryISOCode=01
BV819R,https://products.api.bbraun.io/api/image/BV819R?countryISOCode=01
BV820R,None
BV821R,https://products.api.bbraun.io/api/image/BV821R?countryISOCode=01
BV822R,https://products.api.bbraun.io/api/image/BV822R?countryISOCode=01
BV823R,https://products.api.bbraun.io/api/image/BV823R?countryISOCode=01
BV825R,https://products.api.bbraun.io/api/image/BV825R?countryISOCode=01
BV826R,https://products.api.bbraun.io/api/image/BV826R?countryISOCode=01
BV827R,https://products.api.bbraun.io/api/image/BV827R?countryISOCode=01
BV828R,https://products.api.bbraun.io/api/image/BV828R?countryISOCode=01
BV829R,https://products.api.bbraun.io/api/image/BV829R?countryISOCode=01
BV831R,https://products.api.bbraun.io/api/image/BV831R?countryISOCode=01
BV832R,https://products.api.bbraun.io/api/image/BV832R?countryISOCode=01
BV833R,https://products.api.bbraun.io/api/image/BV833R?countryISOCode=01
BV834R,https://products.api.bbraun.io/api/image/BV834R?countryISOCode=01
BV835R,https://products.api.bbraun.io/api/image/BV835R?countryISOCode=01
BV836R,None
BV837R,https://products.api.bbraun.io/api/image/BV837R?countryISOCode=01
BV838R,https://products.api.bbraun.io/api/image/BV838R?countryISOCode=01
BV839R,https://products.api.bbraun.io/api/image/BV839R?countryISOCode=01
BV840R,https://products.api.bbraun.io/api/image/BV840R?countryISOCode=01
BV842R,https://products.api.bbraun.io/api/image/BV842R?countryISOCode=01
BV843R,https://products.api.bbraun.io/api/image/BV843R?countryISOCode=01
BV848R,None
BV849R,https://products.api.bbraun.io/api/image/BV849R?countryISOCode=01
BV906R,https://products.api.bbraun.io/api/image/BV906R?countryISOCode=01
BV907R,https://products.api.bbraun.io/api/image/BV907R?countryISOCode=01
BV921R,None
BV922R,None
BV924R,None
BV925R,None
BV926R,None
BV927R,None
BV928R,None
BV929R,None
BV941R,None
BV945R,https://products.api.bbraun.io/api/image/BV945R?countryISOCode=01
BV946R,https://products.api.bbraun.io/api/image/BV946R?countryISOCode=01
BV947R,https://products.api.bbraun.io/api/image/BV947R?countryISOCode=01
BV948R,https://products.api.bbraun.io/api/image/BV948R?countryISOCode=01
BV949R,https://products.api.bbraun.io/api/image/BV949R?countryISOCode=01
BV950R,https://products.api.bbraun.io/api/image/BV950R?countryISOCode=01
BV951R,https://products.api.bbraun.io/api/image/BV951R?countryISOCode=01
BV952R,https://products.api.bbraun.io/api/image/BV952R?countryISOCode=01
BV953R,https://products.api.bbraun.io/api/image/BV953R?countryISOCode=01
BV954R,https://products.api.bbraun.io/api/image/BV954R?countryISOCode=01
BV955R,https://products.api.bbraun.io/api/image/BV955R?countryISOCode=01
BV956R,https://products.api.bbraun.io/api/image/BV956R?countryISOCode=01
BV957R,https://products.api.bbraun.io/api/image/BV957R?countryISOCode=01
BV958R,https://products.api.bbraun.io/api/image/BV958R?countryISOCode=01
BV959R,https://products.api.bbraun.io/api/image/BV959R?countryISOCode=01
BV960R,https://products.api.bbraun.io/api/image/BV960R?countryISOCode=01
BV961R,https://products.api.bbraun.io/api/image/BV961R?countryISOCode=01
BV962R,https://products.api.bbraun.io/api/image/BV962R?countryISOCode=01
BV963R,None
BV964R,None
BV965R,None
BV966R,None
BV967R,None
BV968R,None
BV972R,https://products.api.bbraun.io/api/image/BV972R?countryISOCode=01
BV973R,https://products.api.bbraun.io/api/image/BV973R?countryISOCode=01
BV993R,https://products.api.bbraun.io/api/image/BV993R?countryISOCode=01
BV996R,https://products.api.bbraun.io/api/image/BV996R?countryISOCode=01
BV997R,https://products.api.bbraun.io/api/image/BV997R?countryISOCode=01
BV998R,https://products.api.bbraun.io/api/image/BV998R?countryISOCode=01
BV999R,https://products.api.bbraun.io/api/image/BV999R?countryISOCode=01
BW080R,https://products.api.bbraun.io/api/image/BW080R?countryISOCode=01
BW081R,https://products.api.bbraun.io/api/image/BW081R?countryISOCode=01
BW082R,https://products.api.bbraun.io/api/image/BW082R?countryISOCode=01
BW085R,https://products.api.bbraun.io/api/image/BW085R?countryISOCode=01
BW086R,https://products.api.bbraun.io/api/image/BW086R?countryISOCode=01
BW087R,https://products.api.bbraun.io/api/image/BW087R?countryISOCode=01
BW088R,https://products.api.bbraun.io/api/image/BW088R?countryISOCode=01
BW090R,https://products.api.bbraun.io/api/image/BW090R?countryISOCode=01
BW091R,https://products.api.bbraun.io/api/image/BW091R?countryISOCode=01
BW092R,https://products.api.bbraun.io/api/image/BW092R?countryISOCode=01
BW093R,https://products.api.bbraun.io/api/image/BW093R?countryISOCode=01
BW094R,https://products.api.bbraun.io/api/image/BW094R?countryISOCode=01
BW099R,None
DA005C,None
DA026R,None
DA027R,None
DA036R,None
DA037R,None
DA043R,None
DA044R,None
DA045R,None
DA046R,None
DA074R,None
DA076R,None
DA080R,None
DA090,None
DA091,None
DA092,None
DA093,None
DA204R,None
DA208R,None
DA212R,None
DA221R,None
DA225R,None
DA231R,None
DA240R,None
DA241R,None
DA243R,None
DA244R,None
DA251R,None
DA254R,https://products.api.bbraun.io/api/image/DA254R?countryISOCode=01
DA271R,None
DA291R,None
DA296R,None
DA297R,None
DA300R,https://products.api.bbraun.io/api/image/DA300R?countryISOCode=01
DA440R,None
DA802R,None
DA806R,None
DA809R,None
DA810R,None
DA816R,None
DA818R,None
DA823R,None
DA863R,None
DA868R,None
DA870R,None
DA871R,None
DB025R,https://products.api.bbraun.io/api/image/DB025R?countryISOCode=01
DB086,None
DB090,None
DB091,None
DB095,None
DB096,None
DB097,None
DB098,None
DB105R,None
DB106R,None
DB180T,None
DB181T,None
DB182T,None
DB243R,None
DB252R,None
DB257R,None
DB270R,None
DB271R,None
DB272R,None
DB280R,None
DB281R,None
DB293R,None
DB300R,None
DB327R,None
DB328R,None
DB330R,None
DB331R,None
DB332R,None
DB340R,None
DB342R,None
DB344R,None
DB345R,None
DB346R,None
DB349R,None
DB350R,None
DB351R,None
DB352R,None
DB354R,None
DB362R,None
DB363R,None
DB368R,None
DB370R,None
DB373R,None
DB376R,None
DB377R,None
DB380R,None
DB381R,None
DB382R,None
DB383R,None
DB384R,None
DB385R,None
DB386R,None
DB387R,None
DB388R,None
DB389R,None
DB390R,None
DB391R,None
DB392R,None
DB393R,None
DB395R,None
DB400R,None
DB402R,None
DB406R,None
DB407R,None
DB409R,None
DB411R,None
DB470R,None
DB471R,None
DB472R,None
DB473R,None
DB475R,None
DB476R,None
DB512R,None
DB515R,None
DB582R,None
DB583R,None
DB585R,None
DB586R,None
DB590R,None
DB591R,None
DB592R,None
DB593R,None
DB595R,None
DB596R,None
DB599R,None
DB600R,None
DB601R,None
DB602R,None
DB603R,None
DB604R,None
DB605R,None
DB606R,None
DB607R,None
DB608R,None
DB620R,None
DB629R,None
DB657T,None
DB658T,None
DB659T,None
DB660T,None
DB662R,None
DB663R,None
DB668R,None
DB672R,None
DB673R,None
DB675R,None
DB676R,None
DB690R,None
DB691R,None
DB764R,None
DB765R,None
DB775R,None
DB776R,None
DB826R,None
DB827R,https://products.api.bbraun.io/api/image/DB827R?countryISOCode=01
DB828R,https://products.api.bbraun.io/api/image/DB828R?countryISOCode=01
DB835R,None
DB836R,None
DB838R,None
DB850R,https://products.api.bbraun.io/api/image/DB850R?countryISOCode=01
DB862R,None
DB865R,None
DB867R,None
DB868R,None
DB874R,None
DB939R,None
DC064R,None
DC081R,None
DC083R,None
DC084R,None
DC094R,None
DC200R,None
DC211R,None
DC213R,None
DC219R,None
DC221R,None
DC225R,None
DC226R,None
DC227R,None
DC228R,None
DC229R,None
DC230R,None
DC239R,None
DC241R,None
DC250R,None
DC251R,None
DC252R,None
DC253R,None
DC254R,None
DC271R,None
DC275R,None
DC279R,None
DC321R,None
DC322R,None
DE006R,None
DE007R,None
DE030R,None
DE031R,None
DE032R,None
DE036R,None
DE050R,None
DE051R,None
DE052R,None
DE053R,None
DE054R,None
DE055R,None
DE056R,None
DE057R,None
DE058R,None
DE059R,None
DE060R,None
DE101R,None
DE102R,None
DE107R,None
DE108R,None
DE109R,None
DE110R,None
DE111R,None
DE112R,None
DE114R,None
DE115R,None
DE116R,None
DE117R,None
DE118R,None
DE120R,None
DE125R,None
DE126R,None
DE127R,None
DE134R,None
DE135R,None
DE136R,None
DE150R,None
DE151R,None
DE152R,None
DE153R,None
DE154R,None
DE155R,None
DE156R,None
DE157R,None
DE158R,None
DE159R,None
DE217R,None
DE219R,None
DE292R,None
DE293R,None
DE295R,None
DE297R,None
DE303R,None
DE305R,None
DE306R,None
DE307R,None
DE308R,None
DE402R,None
DE403R,None
DE406R,None
DE408R,None
DE414R,None
DE417R,None
DE419R,None
DE420R,None
DE421R,None
DE422R,None
DE424R,None
DE425R,None
DE426R,None
DE427R,None
DE431R,None
DE440R,None
DE442R,None
DE443R,None
DE444R,None
DE445R,None
DE602R,None
DE621R,None
DE622R,None
DE631R,None
DE671R,None
DE672R,None
DE673R,None
DE676R,None
DF021R,None
DF022R,None
DF028R,None
DF029R,None
DF032R,None
DF033R,None
DF055R,None
DF056R,None
DF060R,None
DF061R,None
DF066R,None
DF077R,None
DF078R,None
DF079R,None
DF080R,None
DF081R,None
DF082R,None
DF083R,None
DF084R,None
DF085R,None
DF086R,None
DF088R,None
DF090R,None
DF112R,https://products.api.bbraun.io/api/image/DF112R?countryISOCode=01
DF114R,https://products.api.bbraun.io/api/image/DF114R?countryISOCode=01
DF121,None
DF138R,None
DF150R,None
DF153R,None
DF161R,None
DF163R,None
DF165R,None
DF250R,None
DF251R,None
DF253R,None
DF256R,None
DF257R,None
DF258R,None
DF259R,None
DF260R,None
DF261R,None
DF262R,None
DF263R,None
DF270R,None
DF350R,None
DF351R,None
DF352R,None
DF354R,None
DF355R,None
DF358R,None
DF385R,None
DF386R,None
DF387R,None
DF388R,None
DF392R,None
DF396R,None
DF397R,None
DF398R,None
DF401R,None
DF404R,None
DF405R,None
DF406R,None
DF771R,None
DF773R,None
DF774R,None
DF775R,None
DF781R,None
DF783R,None
DF784R,None
DF785R,None
DG005R,None
DG006R,None
DG025R,None
DG030R,None
DG032R,None
DG101R,None
DG107R,None
DG117R,None
DG118R,None
DG130R,None
DG189R,None
DG190R,None
DG195R,None
DG250R,None
DG252R,None
DG270R,None
DG300R,None
DG305R,None
DG320R,None
DG330R,None
DG331R,None
DG340R,None
DG346R,None
DG350R,None
DG351R,None
DG352R,None
DG355R,None
DG365R,None
DG404R,None
DG413R,None
DG430R,None
DG440R,None
DG500R,None
DG522R,None
DG541R,None
DG542R,None
DG555R,None
DG561R,None
DG570R,None
DG573R,None
DG585R,None
DG650R,None
DG659R,None
DG700R,None
DG704R,None
DG727R,None
DG729R,None
DG732R,None
DG733R,None
DG751R,None
DG797R,None
DG805R,None
DH701R,None
DH702R,None
DH707R,None
DH713R,None
DH717R,None
DH718R,None
DH722R,None
DH732R,None
DH733R,None
DH736R,None
DH750R,None
DH751R,None
DH755R,None
DH767R,None
DH774R,None
DH778R,None
DH779R,None
DI001R,None
DI014R,None
DI015R,None
DI017R,None
DI030R,None
DI110R,None
DI117R,None
DI118R,None
DI121R,None
DI153R,None
DI154R,None
DI188R,None
DI189R,None
DI300R,None
DI320R,None
DI331R,None
DI400R,None
DI401R,None
DI500R,None
DI501R,None
DI517R,None
DI650R,None
DI675R,None
DK001R,None
DK009R,None
DK011R,None
DK012R,None
DK017R,None
DK018R,None
DK021R,None
DK052R,None
DK060R,None
DK061R,None
DK070R,None
DK071R,None
DK101R,None
DK111R,None
DK115R,None
DK122R,None
DK150R,None
DK160R,None
DK170R,None
DK221R,None
DK225R,None
DL011R,None
DL015R,None
DL020R,None
DL025R,None
DL026R,None
DL027R,None
DL028R,None
DL032R,None
DL033R,None
DL034R,None
DL038R,None
DL046R,None
DL047R,None
DL048R,None
DL050R,None
DL052R,None
DL055R,None
DL056R,None
DL057R,None
DL062R,None
DL063R,None
DL069R,None
DL211R,None
DL212R,None
DL221R,None
DL222R,None
DL225R,None
DL226R,None
DL229R,None
DL230R,None
DL236R,None
DL237R,None
DL238R,None
DL239R,None
DL241R,None
DL242R,None
DL243R,None
DL263R,None
DL264R,None
DL271R,None
DL272R,None
DL360R,None
DL361R,None
DL362R,None
DL363R,None
DL364R,None
DL365R,None
DL366R,None
DL370R,None
DL371R,None
DL372R,None
DL373R,None
DL374R,None
DL375R,None
DL376R,None
DL409R,None
DL410R,None
DL421R,None
DL422R,None
DL427R,None
DL428R,None
DO010R,None
DO011R,None
DO208R,https://products.api.bbraun.io/api/image/DO208R?countryISOCode=01
DO209R,https://products.api.bbraun.io/api/image/DO209R?countryISOCode=01
DO210R,https://products.api.bbraun.io/api/image/DO210R?countryISOCode=01
DO211R,https://products.api.bbraun.io/api/image/DO211R?countryISOCode=01
DO218R,https://products.api.bbraun.io/api/image/DO218R?countryISOCode=01
DO219R,https://products.api.bbraun.io/api/image/DO219R?countryISOCode=01
DO250R,https://products.api.bbraun.io/api/image/DO250R?countryISOCode=01
DO251R,https://products.api.bbraun.io/api/image/DO251R?countryISOCode=01
DO301R,None
DO302R,None
DO303R,None
DO315R,None
DO321R,None
DO322R,None
DO373R,None
DO407R,https://products.api.bbraun.io/api/image/DO407R?countryISOCode=01
DO408R,https://products.api.bbraun.io/api/image/DO408R?countryISOCode=01
DO409R,https://products.api.bbraun.io/api/image/DO409R?countryISOCode=01
DO410R,https://products.api.bbraun.io/api/image/DO410R?countryISOCode=01
DO411R,https://products.api.bbraun.io/api/image/DO411R?countryISOCode=01
DO412R,https://products.api.bbraun.io/api/image/DO412R?countryISOCode=01
DO417R,https://products.api.bbraun.io/api/image/DO417R?countryISOCode=01
DO418R,https://products.api.bbraun.io/api/image/DO418R?countryISOCode=01
DO420R,https://products.api.bbraun.io/api/image/DO420R?countryISOCode=01
DO421R,https://products.api.bbraun.io/api/image/DO421R?countryISOCode=01
DO422R,https://products.api.bbraun.io/api/image/DO422R?countryISOCode=01
DO432R,https://products.api.bbraun.io/api/image/DO432R?countryISOCode=01
DO434R,None
DO435R,None
DO438R,None
DO439R,None
DO440R,None
DO441R,None
DO450R,https://products.api.bbraun.io/api/image/DO450R?countryISOCode=01
DO451R,https://products.api.bbraun.io/api/image/DO451R?countryISOCode=01
DO452R,https://products.api.bbraun.io/api/image/DO452R?countryISOCode=01
DO453R,https://products.api.bbraun.io/api/image/DO453R?countryISOCode=01
DO454R,https://products.api.bbraun.io/api/image/DO454R?countryISOCode=01
DO455R,https://products.api.bbraun.io/api/image/DO455R?countryISOCode=01
DO460R,https://products.api.bbraun.io/api/image/DO460R?countryISOCode=01
DO461R,https://products.api.bbraun.io/api/image/DO461R?countryISOCode=01
DO462R,https://products.api.bbraun.io/api/image/DO462R?countryISOCode=01
DO463R,https://products.api.bbraun.io/api/image/DO463R?countryISOCode=01
DO464R,https://products.api.bbraun.io/api/image/DO464R?countryISOCode=01
DO465R,https://products.api.bbraun.io/api/image/DO465R?countryISOCode=01
DO470R,https://products.api.bbraun.io/api/image/DO470R?countryISOCode=01
DO471R,https://products.api.bbraun.io/api/image/DO471R?countryISOCode=01
DO472R,https://products.api.bbraun.io/api/image/DO472R?countryISOCode=01
DO473R,https://products.api.bbraun.io/api/image/DO473R?countryISOCode=01
DO501R,None
DO502R,None
DO503R,None
DO510R,https://products.api.bbraun.io/api/image/DO510R?countryISOCode=01
DO518R,https://products.api.bbraun.io/api/image/DO518R?countryISOCode=01
DO520R,https://products.api.bbraun.io/api/image/DO520R?countryISOCode=01
DO523R,https://products.api.bbraun.io/api/image/DO523R?countryISOCode=01
DO525R,None
DO530R,https://products.api.bbraun.io/api/image/DO530R?countryISOCode=01
DO543R,https://products.api.bbraun.io/api/image/DO543R?countryISOCode=01
DO546R,None
DO547R,https://products.api.bbraun.io/api/image/DO547R?countryISOCode=01
DO552R,None
DO553R,None
DO571R,None
DO572R,None
DO573R,None
DO574R,None
DO575R,None
DO577R,None
DO606R,https://products.api.bbraun.io/api/image/DO606R?countryISOCode=01
DO608R,https://products.api.bbraun.io/api/image/DO608R?countryISOCode=01
DO609R,https://products.api.bbraun.io/api/image/DO609R?countryISOCode=01
DO612R,https://products.api.bbraun.io/api/image/DB022R?countryISOCode=01
DO642R,https://products.api.bbraun.io/api/image/DB022R?countryISOCode=01
DO650R,https://products.api.bbraun.io/api/image/DO650R?countryISOCode=01
DO651R,https://products.api.bbraun.io/api/image/DO651R?countryISOCode=01
DO655R,https://products.api.bbraun.io/api/image/DO655R?countryISOCode=01
DO656R,https://products.api.bbraun.io/api/image/DO656R?countryISOCode=01
DO670R,https://products.api.bbraun.io/api/image/DO670R?countryISOCode=01
DO671R,https://products.api.bbraun.io/api/image/DO671R?countryISOCode=01
DO672R,https://products.api.bbraun.io/api/image/DO672R?countryISOCode=01
DO673R,https://products.api.bbraun.io/api/image/DO673R?countryISOCode=01
DO674R,https://products.api.bbraun.io/api/image/DO674R?countryISOCode=01
DO704R,https://products.api.bbraun.io/api/image/DO704R?countryISOCode=01
DO706R,https://products.api.bbraun.io/api/image/DO706R?countryISOCode=01
DO711R,https://products.api.bbraun.io/api/image/DO711R?countryISOCode=01
DO713R,None
DO715R,https://products.api.bbraun.io/api/image/DO715R?countryISOCode=01
DO717R,None
DO720R,https://products.api.bbraun.io/api/image/DO720R?countryISOCode=01
DO722R,https://products.api.bbraun.io/api/image/DO722R?countryISOCode=01
DO723R,https://products.api.bbraun.io/api/image/DO723R?countryISOCode=01
DO728R,https://products.api.bbraun.io/api/image/DO728R?countryISOCode=01
DO730R,https://products.api.bbraun.io/api/image/DO730R?countryISOCode=01
DO732R,https://products.api.bbraun.io/api/image/DO732R?countryISOCode=01
DO733R,https://products.api.bbraun.io/api/image/DO733R?countryISOCode=01
DO750R,https://products.api.bbraun.io/api/image/DO750R?countryISOCode=01
DO751R,https://products.api.bbraun.io/api/image/DO751R?countryISOCode=01
DO752R,https://products.api.bbraun.io/api/image/DO752R?countryISOCode=01
DO753R,https://products.api.bbraun.io/api/image/DO753R?countryISOCode=01
DO754R,https://products.api.bbraun.io/api/image/DO754R?countryISOCode=01
DO755R,https://products.api.bbraun.io/api/image/DO755R?countryISOCode=01
DO771R,https://products.api.bbraun.io/api/image/DO771R?countryISOCode=01
DO772R,https://products.api.bbraun.io/api/image/DO772R?countryISOCode=01
DO773R,https://products.api.bbraun.io/api/image/DO773R?countryISOCode=01
DO801R,None
DO802R,None
DO803R,None
DO810R,https://products.api.bbraun.io/api/image/DO810R?countryISOCode=01
DO811R,https://products.api.bbraun.io/api/image/DO811R?countryISOCode=01
DO812R,https://products.api.bbraun.io/api/image/DO812R?countryISOCode=01
DO870R,None
DO872R,None
DP001R,None
DP007R,None
DP011R,None
DP021R,None
DP029R,None
DP031R,https://products.api.bbraun.io/api/image/DP031R?countryISOCode=01
DP032R,https://products.api.bbraun.io/api/image/DP032R?countryISOCode=01
DP035R,https://products.api.bbraun.io/api/image/DP035R?countryISOCode=01
DP036R,None
DP037R,None
DP121R,None
DP131R,None
DP133R,None
DP134R,None
DP150R,None
DP151R,None
DP152R,None
DP301R,None
DP308R,None
DP309R,None
DP311R,None
DP312R,None
DP315R,None
DP316R,None
DP317R,None
DP323R,None
DP324R,None
DP330R,None
DP335R,None
DP380R,None
DP385R,None
DP387R,None
DP390R,https://products.api.bbraun.io/api/image/DP390R?countryISOCode=01
DP393R,https://products.api.bbraun.io/api/image/DP393R?countryISOCode=01
DP501R,https://products.api.bbraun.io/api/image/DP501R?countryISOCode=01
DP505R,https://products.api.bbraun.io/api/image/DP505R?countryISOCode=01
DP511R,None
DP512R,None
DP520R,https://products.api.bbraun.io/api/image/DP520R?countryISOCode=01
DP530R,https://products.api.bbraun.io/api/image/DP530R?countryISOCode=01
DP540R,https://products.api.bbraun.io/api/image/DP540R?countryISOCode=01
DP541R,https://products.api.bbraun.io/api/image/DP541R?countryISOCode=01
DP542R,None
DP551R,https://products.api.bbraun.io/api/image/DP551R?countryISOCode=01
DP552R,https://products.api.bbraun.io/api/image/DP552R?countryISOCode=01
DP560R,None
DP561R,None
DP563R,None
DP569R,None
DP725R,https://products.api.bbraun.io/api/image/DP725R?countryISOCode=01
DP726R,https://products.api.bbraun.io/api/image/DP726R?countryISOCode=01
DP741R,None
DP744R,None
DP752R,None
DP756R,None
DP770R,None
DP771R,None
DP781R,None
DP783R,None
DP784R,None
DP787R,None
DP788R,None
DR081R,None
DR082R,None
DR083R,None
DR084R,None
DR201R,None
DR202R,None
DR203R,None
DR204R,None
DR780R,None
DS015R,None
DS103R,None
DS210R,None
DX050R,https://products.api.bbraun.io/api/image/DX050R?countryISOCode=01
DX051R,https://products.api.bbraun.io/api/image/DX051R?countryISOCode=01
DX052R,https://products.api.bbraun.io/api/image/DX052R?countryISOCode=01
DX055R,https://products.api.bbraun.io/api/image/DX055R?countryISOCode=01
DX100R,https://products.api.bbraun.io/api/image/DX100R?countryISOCode=01
DX101R,https://products.api.bbraun.io/api/image/DX101R?countryISOCode=01
DX102R,https://products.api.bbraun.io/api/image/DX102R?countryISOCode=01
DX105R,https://products.api.bbraun.io/api/image/DX105R?countryISOCode=01
DX113,None
DX200R,https://products.api.bbraun.io/api/image/DX200R?countryISOCode=01
DX201R,https://products.api.bbraun.io/api/image/DX201R?countryISOCode=01
DX252R,https://products.api.bbraun.io/api/image/DX252R?countryISOCode=01
DX253R,https://products.api.bbraun.io/api/image/DX253R?countryISOCode=01
DX254R,https://products.api.bbraun.io/api/image/DX254R?countryISOCode=01
DX301R,https://products.api.bbraun.io/api/image/DX301R?countryISOCode=01
DX303R,https://products.api.bbraun.io/api/image/DX303R?countryISOCode=01
DX305R,None
DX360T,None
DX361T,None
DX400R,None
DX401R,None
DX402R,None
DX405R,None
DX450R,None
DX500R,https://products.api.bbraun.io/api/image/FO409R?countryISOCode=01
DX501R,https://products.api.bbraun.io/api/image/FO604R?countryISOCode=01
DX505R,None
DX509R,None
DX510R,https://products.api.bbraun.io/api/image/DX510R?countryISOCode=01
DX511R,https://products.api.bbraun.io/api/image/DX511R?countryISOCode=01
DX512R,https://products.api.bbraun.io/api/image/DX512R?countryISOCode=01
DX513R,https://products.api.bbraun.io/api/image/DX513R?countryISOCode=01
DX517R,https://products.api.bbraun.io/api/image/DX517R?countryISOCode=01
DX518R,https://products.api.bbraun.io/api/image/DX518R?countryISOCode=01
DX522R,None
DX530R,None
DX531R,None
DX532R,None
DX533R,None
DX534R,None
DX535R,None
DX536R,None
DX537R,None
DX538R,None
DX539R,None
DX545R,https://products.api.bbraun.io/api/image/DX545R?countryISOCode=01
DX546,https://products.api.bbraun.io/api/image/DX546?countryISOCode=01
DX555R,None
DX560R,None
DX561R,None
DX570R,None
DX571R,None
DX572R,None
DX573R,None
DX574R,None
DX575R,None
DX576R,None
DX577R,None
DX578R,None
DX579R,None
DX600R,None
DX601R,None
DX705,None
DX707,None
DX708,None
DX710,None
DX720,None
DX800,None
DX801R,None
DX803R,None
DX810R,None
DX811R,None
EA010R,https://products.api.bbraun.io/api/image/EA010R?countryISOCode=01
EA012R,https://products.api.bbraun.io/api/image/EA012R?countryISOCode=01
EA013R,https://products.api.bbraun.io/api/image/EA013R?countryISOCode=01
EA014R,https://products.api.bbraun.io/api/image/EA014R?countryISOCode=01
EA015R,https://products.api.bbraun.io/api/image/EA015R?countryISOCode=01
EA016R,https://products.api.bbraun.io/api/image/EA016R?countryISOCode=01
EA017R,https://products.api.bbraun.io/api/image/EA017R?countryISOCode=01
EA018R,https://products.api.bbraun.io/api/image/EA018R?countryISOCode=01
EA020R,https://products.api.bbraun.io/api/image/EA020R?countryISOCode=01
EA022R,https://products.api.bbraun.io/api/image/EA022R?countryISOCode=01
EA023R,https://products.api.bbraun.io/api/image/EA023R?countryISOCode=01
EA025R,https://products.api.bbraun.io/api/image/EA025R?countryISOCode=01
EA026R,https://products.api.bbraun.io/api/image/EA026R?countryISOCode=01
EA027R,https://products.api.bbraun.io/api/image/EA027R?countryISOCode=01
EA028R,https://products.api.bbraun.io/api/image/EA028R?countryISOCode=01
EA030R,https://products.api.bbraun.io/api/image/EA030R?countryISOCode=01
EA031R,https://products.api.bbraun.io/api/image/EA031R?countryISOCode=01
EA032R,https://products.api.bbraun.io/api/image/EA032R?countryISOCode=01
EA033R,https://products.api.bbraun.io/api/image/EA033R?countryISOCode=01
EA036R,https://products.api.bbraun.io/api/image/EA036R?countryISOCode=01
EA037R,https://products.api.bbraun.io/api/image/EA037R?countryISOCode=01
EA039R,https://products.api.bbraun.io/api/image/EA039R?countryISOCode=01
EA040R,https://products.api.bbraun.io/api/image/EA040R?countryISOCode=01
EA041R,https://products.api.bbraun.io/api/image/EA041R?countryISOCode=01
EA042R,https://products.api.bbraun.io/api/image/EA042R?countryISOCode=01
EA050R,https://products.api.bbraun.io/api/image/EA050R?countryISOCode=01
EA052R,https://products.api.bbraun.io/api/image/EA052R?countryISOCode=01
EA061R,https://products.api.bbraun.io/api/image/EA061R?countryISOCode=01
EA062R,https://products.api.bbraun.io/api/image/EA062R?countryISOCode=01
EA092R,https://products.api.bbraun.io/api/image/EA092R?countryISOCode=01
EA095R,https://products.api.bbraun.io/api/image/EA095R?countryISOCode=01
EA096R,https://products.api.bbraun.io/api/image/EA096R?countryISOCode=01
EA097R,https://products.api.bbraun.io/api/image/EA097R?countryISOCode=01
EA099R,https://products.api.bbraun.io/api/image/EA099R?countryISOCode=01
EA100R,https://products.api.bbraun.io/api/image/EA100R?countryISOCode=01
EA101R,https://products.api.bbraun.io/api/image/EA101R?countryISOCode=01
EA106R,https://products.api.bbraun.io/api/image/EA106R?countryISOCode=01
EA107R,https://products.api.bbraun.io/api/image/EA107R?countryISOCode=01
EA114R,https://products.api.bbraun.io/api/image/EA114R?countryISOCode=01
EA116R,https://products.api.bbraun.io/api/image/EA116R?countryISOCode=01
EA117R,https://products.api.bbraun.io/api/image/EA117R?countryISOCode=01
EA120R,https://products.api.bbraun.io/api/image/EA120R?countryISOCode=01
EA121R,https://products.api.bbraun.io/api/image/EA121R?countryISOCode=01
EA124R,https://products.api.bbraun.io/api/image/EA124R?countryISOCode=01
EA125R,https://products.api.bbraun.io/api/image/EA125R?countryISOCode=01
EA126R,https://products.api.bbraun.io/api/image/EA126R?countryISOCode=01
EA127R,https://products.api.bbraun.io/api/image/EA127R?countryISOCode=01
EA130R,https://products.api.bbraun.io/api/image/EA130R?countryISOCode=01
EA131R,https://products.api.bbraun.io/api/image/EA131R?countryISOCode=01
EA132R,https://products.api.bbraun.io/api/image/EA132R?countryISOCode=01
EA140R,https://products.api.bbraun.io/api/image/EA140R?countryISOCode=01
EA141R,https://products.api.bbraun.io/api/image/EA141R?countryISOCode=01
EA145R,https://products.api.bbraun.io/api/image/EA145R?countryISOCode=01
EA146R,https://products.api.bbraun.io/api/image/EA146R?countryISOCode=01
EA150R,https://products.api.bbraun.io/api/image/EA150R?countryISOCode=01
EA151R,https://products.api.bbraun.io/api/image/EA151R?countryISOCode=01
EA152R,https://products.api.bbraun.io/api/image/EA152R?countryISOCode=01
EA155R,https://products.api.bbraun.io/api/image/EA155R?countryISOCode=01
EA156R,https://products.api.bbraun.io/api/image/EA156R?countryISOCode=01
EA157R,https://products.api.bbraun.io/api/image/EA157R?countryISOCode=01
EA170R,https://products.api.bbraun.io/api/image/EA170R?countryISOCode=01
EA171R,https://products.api.bbraun.io/api/image/EA171R?countryISOCode=01
EA182R,https://products.api.bbraun.io/api/image/EA182R?countryISOCode=01
EA191R,https://products.api.bbraun.io/api/image/EA191R?countryISOCode=01
EA202R,https://products.api.bbraun.io/api/image/EA202R?countryISOCode=01
EA203R,https://products.api.bbraun.io/api/image/EA203R?countryISOCode=01
EA204R,https://products.api.bbraun.io/api/image/EA204R?countryISOCode=01
EA205R,https://products.api.bbraun.io/api/image/EA205R?countryISOCode=01
EA206R,https://products.api.bbraun.io/api/image/EA206R?countryISOCode=01
EA207R,https://products.api.bbraun.io/api/image/EA207R?countryISOCode=01
EA210R,https://products.api.bbraun.io/api/image/EA210R?countryISOCode=01
EA211R,https://products.api.bbraun.io/api/image/EA211R?countryISOCode=01
EA212R,https://products.api.bbraun.io/api/image/EA212R?countryISOCode=01
EA213R,https://products.api.bbraun.io/api/image/EA213R?countryISOCode=01
EA216R,https://products.api.bbraun.io/api/image/EA216R?countryISOCode=01
EA217R,https://products.api.bbraun.io/api/image/EA217R?countryISOCode=01
EA220R,https://products.api.bbraun.io/api/image/EA220R?countryISOCode=01
EA221R,https://products.api.bbraun.io/api/image/EA221R?countryISOCode=01
EA222R,https://products.api.bbraun.io/api/image/EA222R?countryISOCode=01
EA223R,https://products.api.bbraun.io/api/image/EA223R?countryISOCode=01
EA240R,https://products.api.bbraun.io/api/image/EA240R?countryISOCode=01
EA305R,https://products.api.bbraun.io/api/image/EA305R?countryISOCode=01
EA306R,https://products.api.bbraun.io/api/image/EA306R?countryISOCode=01
EA309R,https://products.api.bbraun.io/api/image/EA309R?countryISOCode=01
EA321R,https://products.api.bbraun.io/api/image/EA321R?countryISOCode=01
EA323R,https://products.api.bbraun.io/api/image/EA323R?countryISOCode=01
EA331R,None
EA332R,None
EA334R,None
EA336R,None
EA338R,None
EA355R,https://products.api.bbraun.io/api/image/EA355R?countryISOCode=01
EA356R,https://products.api.bbraun.io/api/image/EA356R?countryISOCode=01
EA360R,https://products.api.bbraun.io/api/image/EA360R?countryISOCode=01
EA362R,https://products.api.bbraun.io/api/image/EA362R?countryISOCode=01
EA365R,https://products.api.bbraun.io/api/image/EA365R?countryISOCode=01
EA397R,https://products.api.bbraun.io/api/image/EA397R?countryISOCode=01
EA440R,https://products.api.bbraun.io/api/image/EA440R?countryISOCode=01
EA441R,None
EA450R,https://products.api.bbraun.io/api/image/EA450R?countryISOCode=01
EA466R,https://products.api.bbraun.io/api/image/EA466R?countryISOCode=01
EA800R,https://products.api.bbraun.io/api/image/EA800R?countryISOCode=01
EA820R,https://products.api.bbraun.io/api/image/EA820R?countryISOCode=01
EA821R,https://products.api.bbraun.io/api/image/EA821R?countryISOCode=01
EA825R,https://products.api.bbraun.io/api/image/EA825R?countryISOCode=01
EA826R,https://products.api.bbraun.io/api/image/EA826R?countryISOCode=01
EA828R,https://products.api.bbraun.io/api/image/EA828R?countryISOCode=01
EA829R,https://products.api.bbraun.io/api/image/EA829R?countryISOCode=01
EA831R,https://products.api.bbraun.io/api/image/EA831R?countryISOCode=01
EA843R,https://products.api.bbraun.io/api/image/EA843R?countryISOCode=01
EA853R,https://products.api.bbraun.io/api/image/EA853R?countryISOCode=01
EA862C,https://products.api.bbraun.io/api/image/EA862C?countryISOCode=01
EA863C,https://products.api.bbraun.io/api/image/EA863C?countryISOCode=01
EA864C,https://products.api.bbraun.io/api/image/EA864C?countryISOCode=01
EA880R,https://products.api.bbraun.io/api/image/EA880R?countryISOCode=01
EA882R,https://products.api.bbraun.io/api/image/EA882R?countryISOCode=01
EA883R,https://products.api.bbraun.io/api/image/EA883R?countryISOCode=01
EA887R,https://products.api.bbraun.io/api/image/EA887R?countryISOCode=01
EA890R,https://products.api.bbraun.io/api/image/EA890R?countryISOCode=01
EA903R,https://products.api.bbraun.io/api/image/EA903R?countryISOCode=01
EA921R,None
EA922R,None
EA923R,None
EA989R,https://products.api.bbraun.io/api/image/EA989R?countryISOCode=01
EA990R,https://products.api.bbraun.io/api/image/EA990R?countryISOCode=01
EA991R,https://products.api.bbraun.io/api/image/EA992R?countryISOCode=01
EA992R,https://products.api.bbraun.io/api/image/EA992R?countryISOCode=01
EA993,https://products.api.bbraun.io/api/image/EA993?countryISOCode=01
EA999P,None
EB001R,https://products.api.bbraun.io/api/image/EB001R?countryISOCode=01
EB003R,https://products.api.bbraun.io/api/image/EB003R?countryISOCode=01
EB008R,https://products.api.bbraun.io/api/image/EB008R?countryISOCode=01
EB009R,https://products.api.bbraun.io/api/image/EB009R?countryISOCode=01
EB011R,https://products.api.bbraun.io/api/image/EB011R?countryISOCode=01
EB012R,https://products.api.bbraun.io/api/image/EB012R?countryISOCode=01
EB061R,https://products.api.bbraun.io/api/image/EB061R?countryISOCode=01
EB062R,https://products.api.bbraun.io/api/image/EB062R?countryISOCode=01
EB063R,https://products.api.bbraun.io/api/image/EB063R?countryISOCode=01
EB064R,https://products.api.bbraun.io/api/image/EB064R?countryISOCode=01
EB065R,https://products.api.bbraun.io/api/image/EB065R?countryISOCode=01
EB066R,https://products.api.bbraun.io/api/image/EB066R?countryISOCode=01
EB067R,https://products.api.bbraun.io/api/image/EB067R?countryISOCode=01
EB068R,https://products.api.bbraun.io/api/image/EB068R?countryISOCode=01
EB069R,https://products.api.bbraun.io/api/image/EB069R?countryISOCode=01
EB070R,https://products.api.bbraun.io/api/image/EB070R?countryISOCode=01
EB071R,https://products.api.bbraun.io/api/image/EB071R?countryISOCode=01
EB072R,https://products.api.bbraun.io/api/image/EB072R?countryISOCode=01
EB073R,https://products.api.bbraun.io/api/image/EB073R?countryISOCode=01
EB074R,https://products.api.bbraun.io/api/image/EB074R?countryISOCode=01
EB111R,https://products.api.bbraun.io/api/image/EB111R?countryISOCode=01
EB112R,https://products.api.bbraun.io/api/image/EB112R?countryISOCode=01
EB113R,https://products.api.bbraun.io/api/image/EB113R?countryISOCode=01
EB114R,https://products.api.bbraun.io/api/image/EB114R?countryISOCode=01
EB168R,https://products.api.bbraun.io/api/image/EB168R?countryISOCode=01
EB169R,https://products.api.bbraun.io/api/image/EB169R?countryISOCode=01
EB170R,https://products.api.bbraun.io/api/image/EB170R?countryISOCode=01
EB171R,https://products.api.bbraun.io/api/image/EB171R?countryISOCode=01
EB172R,https://products.api.bbraun.io/api/image/EB172R?countryISOCode=01
EB173R,https://products.api.bbraun.io/api/image/EB173R?countryISOCode=01
EB174R,https://products.api.bbraun.io/api/image/EB174R?countryISOCode=01
EB175R,https://products.api.bbraun.io/api/image/EB175R?countryISOCode=01
EB220R,https://products.api.bbraun.io/api/image/EB220R?countryISOCode=01
EB221R,https://products.api.bbraun.io/api/image/EB221R?countryISOCode=01
EB225R,https://products.api.bbraun.io/api/image/EB225R?countryISOCode=01
EB231R,https://products.api.bbraun.io/api/image/EB231R?countryISOCode=01
EB232R,https://products.api.bbraun.io/api/image/EB232R?countryISOCode=01
EB233R,https://products.api.bbraun.io/api/image/EB233R?countryISOCode=01
EB234R,https://products.api.bbraun.io/api/image/EB234R?countryISOCode=01
EB240R,https://products.api.bbraun.io/api/image/EB240R?countryISOCode=01
EB242R,https://products.api.bbraun.io/api/image/EB242R?countryISOCode=01
EB244R,https://products.api.bbraun.io/api/image/EB244R?countryISOCode=01
EB246R,https://products.api.bbraun.io/api/image/EB246R?countryISOCode=01
EF001R,https://products.api.bbraun.io/api/image/EF001R?countryISOCode=01
EF002R,https://products.api.bbraun.io/api/image/EF002R?countryISOCode=01
EF003R,https://products.api.bbraun.io/api/image/EF003R?countryISOCode=01
EF010R,https://products.api.bbraun.io/api/image/EF010R?countryISOCode=01
EF011R,https://products.api.bbraun.io/api/image/EF011R?countryISOCode=01
EF012R,https://products.api.bbraun.io/api/image/EF012R?countryISOCode=01
EF015R,https://products.api.bbraun.io/api/image/EF015R?countryISOCode=01
EF016R,https://products.api.bbraun.io/api/image/EF016R?countryISOCode=01
EF030R,https://products.api.bbraun.io/api/image/EF030R?countryISOCode=01
EF047R,https://products.api.bbraun.io/api/image/EF047R?countryISOCode=01
EF048R,https://products.api.bbraun.io/api/image/EF048R?countryISOCode=01
EF051R,https://products.api.bbraun.io/api/image/EF051R?countryISOCode=01
EF052R,https://products.api.bbraun.io/api/image/EF052R?countryISOCode=01
EF053R,https://products.api.bbraun.io/api/image/EF053R?countryISOCode=01
EF054R,https://products.api.bbraun.io/api/image/EF054R?countryISOCode=01
EF055R,https://products.api.bbraun.io/api/image/EF055R?countryISOCode=01
EF056R,https://products.api.bbraun.io/api/image/EF056R?countryISOCode=01
EF070R,https://products.api.bbraun.io/api/image/EF070R?countryISOCode=01
EF155R,https://products.api.bbraun.io/api/image/EF155R?countryISOCode=01
EF163R,https://products.api.bbraun.io/api/image/EF163R?countryISOCode=01
EF164R,https://products.api.bbraun.io/api/image/EF164R?countryISOCode=01
EF167R,https://products.api.bbraun.io/api/image/EF167R?countryISOCode=01
EF168R,https://products.api.bbraun.io/api/image/EF168R?countryISOCode=01
EF170R,None
EF195R,https://products.api.bbraun.io/api/image/EF195R?countryISOCode=01
EF312C,None
EF400R,https://products.api.bbraun.io/api/image/EF400R?countryISOCode=01
EF401R,None
EF492R,None
EF638R,https://products.api.bbraun.io/api/image/EF638R?countryISOCode=01
EF639R,https://products.api.bbraun.io/api/image/EF639R?countryISOCode=01
EF640R,https://products.api.bbraun.io/api/image/EF640R?countryISOCode=01
EF641R,https://products.api.bbraun.io/api/image/EF641R?countryISOCode=01
EF642R,https://products.api.bbraun.io/api/image/EF642R?countryISOCode=01
EF643R,https://products.api.bbraun.io/api/image/EF643R?countryISOCode=01
EF644R,https://products.api.bbraun.io/api/image/EF644R?countryISOCode=01
EF645R,https://products.api.bbraun.io/api/image/EF645R?countryISOCode=01
EF646R,https://products.api.bbraun.io/api/image/EF646R?countryISOCode=01
EF647R,https://products.api.bbraun.io/api/image/EF647R?countryISOCode=01
EF648R,https://products.api.bbraun.io/api/image/EF648R?countryISOCode=01
EF649R,https://products.api.bbraun.io/api/image/EF649R?countryISOCode=01
EF650R,https://products.api.bbraun.io/api/image/EF650R?countryISOCode=01
EF651R,https://products.api.bbraun.io/api/image/EF651R?countryISOCode=01
EF652R,https://products.api.bbraun.io/api/image/EF652R?countryISOCode=01
EF653R,https://products.api.bbraun.io/api/image/EF653R?countryISOCode=01
EF654R,https://products.api.bbraun.io/api/image/EF654R?countryISOCode=01
EF655R,https://products.api.bbraun.io/api/image/EF655R?countryISOCode=01
EF656R,https://products.api.bbraun.io/api/image/EF656R?countryISOCode=01
EF657R,https://products.api.bbraun.io/api/image/EF657R?countryISOCode=01
EF658R,https://products.api.bbraun.io/api/image/EF658R?countryISOCode=01
EF659R,https://products.api.bbraun.io/api/image/EF659R?countryISOCode=01
EF660R,https://products.api.bbraun.io/api/image/EF660R?countryISOCode=01
EF800R,None
EF801R,None
EF802R,None
EF803R,None
EF804R,None
EF805R,None
EF806R,None
EF807R,None
EF808R,None
EF809R,None
EF810R,None
EF811R,None
EF812R,None
EF813R,None
EF814R,None
EF824R,https://products.api.bbraun.io/api/image/EF824R?countryISOCode=01
EF826R,https://products.api.bbraun.io/api/image/EF826R?countryISOCode=01
EF828R,https://products.api.bbraun.io/api/image/EF828R?countryISOCode=01
EF830R,https://products.api.bbraun.io/api/image/EF830R?countryISOCode=01
EF832R,https://products.api.bbraun.io/api/image/EF832R?countryISOCode=01
EF834R,https://products.api.bbraun.io/api/image/EF834R?countryISOCode=01
EF836R,https://products.api.bbraun.io/api/image/EF836R?countryISOCode=01
EF838R,https://products.api.bbraun.io/api/image/EF838R?countryISOCode=01
EF840R,https://products.api.bbraun.io/api/image/EF840R?countryISOCode=01
EF842R,https://products.api.bbraun.io/api/image/EF842R?countryISOCode=01
EF844R,https://products.api.bbraun.io/api/image/EF844R?countryISOCode=01
EF846R,https://products.api.bbraun.io/api/image/EF846R?countryISOCode=01
EF848R,https://products.api.bbraun.io/api/image/EF848R?countryISOCode=01
EF850R,https://products.api.bbraun.io/api/image/EF850R?countryISOCode=01
EF852R,https://products.api.bbraun.io/api/image/EF852R?countryISOCode=01
EF854R,https://products.api.bbraun.io/api/image/EF854R?countryISOCode=01
EF856R,https://products.api.bbraun.io/api/image/EF856R?countryISOCode=01
EF858R,https://products.api.bbraun.io/api/image/EF858R?countryISOCode=01
EF860R,https://products.api.bbraun.io/api/image/EF860R?countryISOCode=01
EF928R,https://products.api.bbraun.io/api/image/EF928R?countryISOCode=01
EF965R,https://products.api.bbraun.io/api/image/EF965R?countryISOCode=01
EF966R,https://products.api.bbraun.io/api/image/EF966R?countryISOCode=01
EF967R,https://products.api.bbraun.io/api/image/EF967R?countryISOCode=01
EJ022SU,None
EJ023SU,None
EJ024SU,None
EJ025SU,None
EJ126R,https://products.api.bbraun.io/api/image/EJ126R?countryISOCode=01
EJ315R,https://products.api.bbraun.io/api/image/EJ315R?countryISOCode=01
EJ316R,https://products.api.bbraun.io/api/image/EJ316R?countryISOCode=01
EJ317R,https://products.api.bbraun.io/api/image/EJ317R?countryISOCode=01
EJ318R,https://products.api.bbraun.io/api/image/EJ318R?countryISOCode=01
EJ430R,None
EJ432R,None
EJ433R,None
EJ441R,None
EJ473P,None
EJ475,None
EJ477R,None
EJ480R,None
EJ482R,None
EJ558R,None
EJ568R,None
EJ570P,None
EJ571P,None
EJ572P,None
EJ580R,None
EJ581R,None
EJ582R,None
EJ583R,None
EJ584R,None
EJ585R,None
EJ586R,None
EJ587R,None
EJ588R,None
EJ590R,None
EJ595R,None
EJ601R,None
EJ602R,None
EJ604R,None
EJ614R,None
EJ624P,None
EJ640P,None
EJ641P,None
EJ642P,None
EJ643P,None
EJ644P,None
EJ645P,None
EJ650R,None
EJ651R,None
EJ700R,None
EJ701R,None
EJ702R,None
EJ703R,None
EJ704P,None
EJ705R,None
EJ706R,None
EJ710R,None
EJ712R,None
EJ713R,None
EJ714P,None
EJ715R,None
EJ716R,None
EJ718R,None
EJ720R,None
EJ722R,None
EJ725R,None
EJ750R,None
EJ751R,None
EJ752R,None
EJ753R,None
EJ754P,None
EJ755R,None
EJ756R,None
EJ760R,None
EJ762R,None
EJ764P,None
EJ765R,None
EJ766R,None
EJ800R,None
EJ801R,None
EJ804P,None
EJ806P,None
EJ807R,None
EJ824P,None
EJ826P,None
EJ830R,None
EJ831R,None
EJ870P,None
EJ871R,None
EJ872R,None
EJ873R,None
EJ995,None
EJ996,None
EK001SU,None
EK002SU,None
EK010R,None
EK011R,None
EK012R,None
EK013R,None
EK014R,None
EK015R,None
EK016R,None
EK017R,None
EK018R,None
EK024R,None
EK025R,None
EK026R,None
EK027R,None
EK028R,None
EK030R,None
EK032R,None
EK034R,None
EK035R,None
EK036R,None
EK037R,None
EK038R,None
EK043R,None
EK044R,None
EK045R,None
EK046R,None
EK047R,None
EK048R,None
EK049R,None
EK050R,None
EK051R,None
EK052R,None
EK053R,None
EK056R,None
EK057R,None
EK058R,None
EK059R,None
EK060R,None
EK062R,None
EK063R,None
EK064R,None
EK066R,None
EK067R,None
EK069R,None
EK070R,None
EK072R,None
EK073R,None
EK074R,None
EK076R,None
EK080P,None
EK081P,None
EK082P,None
EK083P,None
EK084P,None
EK085P,None
EK086P,None
EK087P,None
EK088P,None
EK090R,None
EK091R,None
EK093P,None
EK094P,None
EK097R,None
EK098R,None
EK099R,None
EK110SU,None
EK111SU,None
EK112SU,None
EK113SU,None
EK114SU,None
EK115SU,None
EK116SU,None
EK117SU,None
EK118SU,None
EK124SU,None
EK126SU,None
EK128SU,None
EK134SU,None
EK136SU,None
EK148SU,None
EK149SU,None
EK150SU,None
EK159SU,None
EK160SU,None
EK169SU,None
EK170SU,None
EK210SU,None
EK212SU,None
EK214SU,None
EK216SU,None
EK218SU,None
EK224SU,None
EK226SU,None
EK228SU,None
EK230SU,None
EK234SU,None
EK236SU,None
EK240SU,None
EK310R,None
EK311R,None
EK314R,None
EK315R,None
EK345R,None
EK346R,None
EK348R,None
EK349R,None
EK355R,None
EK356R,None
EK358R,None
EK359R,None
EK380P,None
EK381P,None
EK382P,None
EK390R,None
EK391R,None
EK397R,None
EK500SU,None
EK501SU,None
EK502SU,None
EK503SU,None
EK504SU,None
EK505SU,None
EK506SU,None
EK507SU,None
EK508SU,None
EK509SU,None
EK510SU,None
EK511SU,None
EK512SU,None
EK513SU,None
EK514SU,None
EK515SU,None
EK516SU,None
EK517SU,None
EK520SU,None
EK521SU,None
EK522SU,None
EK523SU,None
EK524SU,None
EK530SU,None
EK531SU,None
EK534SU,None
EK536SU,None
EK537SU,None
EK538SU,None
EK540SU,None
EK541SU,None
EK542SU,None
EK543SU,None
EK550SU,None
EK551SU,None
EK554SU,None
EK557SU,None
EK559SU,None
EK560SU,None
EK561SU,None
EK562SU,None
EK563SU,None
EK570SU,None
EK571SU,None
EK574SU,None
EK577SU,None
EK578SU,None
EK579SU,None
EK580SU,None
EK581SU,None
EK582SU,None
EK583SU,None
EK588SU,None
EK589SU,None
EK590SU,None
EK591SU,None
EK594SU,None
EK597SU,None
EK598SU,None
EL011R,https://products.api.bbraun.io/api/image/EL011R?countryISOCode=01
EL013R,https://products.api.bbraun.io/api/image/EL013R?countryISOCode=01
EL014R,https://products.api.bbraun.io/api/image/EL014R?countryISOCode=01
EL015R,https://products.api.bbraun.io/api/image/EL015R?countryISOCode=01
EL016R,https://products.api.bbraun.io/api/image/EL016R?countryISOCode=01
EL040R,https://products.api.bbraun.io/api/image/EL040R?countryISOCode=01
EL041R,https://products.api.bbraun.io/api/image/EL041R?countryISOCode=01
EL042R,https://products.api.bbraun.io/api/image/EL042R?countryISOCode=01
EL043R,https://products.api.bbraun.io/api/image/EL043R?countryISOCode=01
EL044R,https://products.api.bbraun.io/api/image/EL044R?countryISOCode=01
EL056R,https://products.api.bbraun.io/api/image/EL056R?countryISOCode=01
EL057R,https://products.api.bbraun.io/api/image/EL057R?countryISOCode=01
EL058R,https://products.api.bbraun.io/api/image/EL058R?countryISOCode=01
EL075R,https://products.api.bbraun.io/api/image/EL075R?countryISOCode=01
EL076R,https://products.api.bbraun.io/api/image/EL076R?countryISOCode=01
EL077R,https://products.api.bbraun.io/api/image/EL077R?countryISOCode=01
EL078R,https://products.api.bbraun.io/api/image/EL078R?countryISOCode=01
EL079R,https://products.api.bbraun.io/api/image/EL079R?countryISOCode=01
EL086R,https://products.api.bbraun.io/api/image/EL086R?countryISOCode=01
EL087R,https://products.api.bbraun.io/api/image/EL087R?countryISOCode=01
EL088R,https://products.api.bbraun.io/api/image/EL088R?countryISOCode=01
EL150R,None
EL151R,None
EL152R,None
EL180R,https://products.api.bbraun.io/api/image/EL180R?countryISOCode=01
EL181R,https://products.api.bbraun.io/api/image/EL181R?countryISOCode=01
EL182R,https://products.api.bbraun.io/api/image/EL182R?countryISOCode=01
EL183R,https://products.api.bbraun.io/api/image/EL183R?countryISOCode=01
EL184R,https://products.api.bbraun.io/api/image/EL184R?countryISOCode=01
EL185R,https://products.api.bbraun.io/api/image/EL185R?countryISOCode=01
EL192R,https://products.api.bbraun.io/api/image/EL192R?countryISOCode=01
EL193R,https://products.api.bbraun.io/api/image/EL193R?countryISOCode=01
EL194R,https://products.api.bbraun.io/api/image/EL194R?countryISOCode=01
EL195R,https://products.api.bbraun.io/api/image/EL195R?countryISOCode=01
EL196R,https://products.api.bbraun.io/api/image/EL196R?countryISOCode=01
EL407R,https://products.api.bbraun.io/api/image/EL407R?countryISOCode=01
EL408R,https://products.api.bbraun.io/api/image/EL408R?countryISOCode=01
EL409R,https://products.api.bbraun.io/api/image/EL409R?countryISOCode=01
EL410R,https://products.api.bbraun.io/api/image/EL410R?countryISOCode=01
EL411R,https://products.api.bbraun.io/api/image/EL411R?countryISOCode=01
EL413R,https://products.api.bbraun.io/api/image/EL413R?countryISOCode=01
EL420R,https://products.api.bbraun.io/api/image/EL420R?countryISOCode=01
EL421R,https://products.api.bbraun.io/api/image/EL421R?countryISOCode=01
EL422R,https://products.api.bbraun.io/api/image/EL422R?countryISOCode=01
EL423R,https://products.api.bbraun.io/api/image/EL423R?countryISOCode=01
EL424R,https://products.api.bbraun.io/api/image/EL424R?countryISOCode=01
EL425R,https://products.api.bbraun.io/api/image/EL425R?countryISOCode=01
EL426R,https://products.api.bbraun.io/api/image/EL426R?countryISOCode=01
EL427R,https://products.api.bbraun.io/api/image/EL427R?countryISOCode=01
EL428R,https://products.api.bbraun.io/api/image/EL428R?countryISOCode=01
EL440R,https://products.api.bbraun.io/api/image/EL440R?countryISOCode=01
EL441R,https://products.api.bbraun.io/api/image/EL441R?countryISOCode=01
EL442R,https://products.api.bbraun.io/api/image/EL442R?countryISOCode=01
EL443R,https://products.api.bbraun.io/api/image/EL443R?countryISOCode=01
EL444R,https://products.api.bbraun.io/api/image/EL444R?countryISOCode=01
EL445R,https://products.api.bbraun.io/api/image/EL445R?countryISOCode=01
EL446R,https://products.api.bbraun.io/api/image/EL446R?countryISOCode=01
EL447R,https://products.api.bbraun.io/api/image/EL447R?countryISOCode=01
EL448R,https://products.api.bbraun.io/api/image/EL448R?countryISOCode=01
EL450R,https://products.api.bbraun.io/api/image/EL450R?countryISOCode=01
EL451R,https://products.api.bbraun.io/api/image/EL451R?countryISOCode=01
EL452R,https://products.api.bbraun.io/api/image/EL452R?countryISOCode=01
EL453R,https://products.api.bbraun.io/api/image/EL453R?countryISOCode=01
EL454R,https://products.api.bbraun.io/api/image/EL454R?countryISOCode=01
EL455R,https://products.api.bbraun.io/api/image/EL455R?countryISOCode=01
EL456R,https://products.api.bbraun.io/api/image/EL456R?countryISOCode=01
EL457R,https://products.api.bbraun.io/api/image/EL457R?countryISOCode=01
EL458R,https://products.api.bbraun.io/api/image/EL458R?countryISOCode=01
EL480R,https://products.api.bbraun.io/api/image/EL480R?countryISOCode=01
EL481R,https://products.api.bbraun.io/api/image/EL481R?countryISOCode=01
EL491R,None
EL492R,None
EL493R,None
EL494R,https://products.api.bbraun.io/api/image/EL494R?countryISOCode=01
EL495R,https://products.api.bbraun.io/api/image/EL495R?countryISOCode=01
EL496R,https://products.api.bbraun.io/api/image/EL496R?countryISOCode=01
EL497R,https://products.api.bbraun.io/api/image/EL497R?countryISOCode=01
EL498R,https://products.api.bbraun.io/api/image/EL498R?countryISOCode=01
EL499R,https://products.api.bbraun.io/api/image/EL499R?countryISOCode=01
EL550R,https://products.api.bbraun.io/api/image/EL550R?countryISOCode=01
EL551R,https://products.api.bbraun.io/api/image/EL551R?countryISOCode=01
EL558R,https://products.api.bbraun.io/api/image/EL558R?countryISOCode=01
EL559R,https://products.api.bbraun.io/api/image/EL559R?countryISOCode=01
EL578R,https://products.api.bbraun.io/api/image/EL578R?countryISOCode=01
EL579R,https://products.api.bbraun.io/api/image/EL579R?countryISOCode=01
EL627R,https://products.api.bbraun.io/api/image/EL627R?countryISOCode=01
EL628R,https://products.api.bbraun.io/api/image/EL628R?countryISOCode=01
EL629R,https://products.api.bbraun.io/api/image/EL629R?countryISOCode=01
EL631R,https://products.api.bbraun.io/api/image/EL631R?countryISOCode=01
EL632R,https://products.api.bbraun.io/api/image/EL632R?countryISOCode=01
EL633R,https://products.api.bbraun.io/api/image/EL633R?countryISOCode=01
EL634R,https://products.api.bbraun.io/api/image/EL634R?countryISOCode=01
EL635R,https://products.api.bbraun.io/api/image/EL635R?countryISOCode=01
EL636R,https://products.api.bbraun.io/api/image/EL636R?countryISOCode=01
EL637R,https://products.api.bbraun.io/api/image/EL637R?countryISOCode=01
EL638R,https://products.api.bbraun.io/api/image/EL638R?countryISOCode=01
EL639R,https://products.api.bbraun.io/api/image/EL639R?countryISOCode=01
EL642R,https://products.api.bbraun.io/api/image/EL642R?countryISOCode=01
EL644R,https://products.api.bbraun.io/api/image/EL644R?countryISOCode=01
EL660R,https://products.api.bbraun.io/api/image/EL660R?countryISOCode=01
EL690R,https://products.api.bbraun.io/api/image/EL690R?countryISOCode=01
EL691R,https://products.api.bbraun.io/api/image/EL691R?countryISOCode=01
EL693R,https://products.api.bbraun.io/api/image/EL693R?countryISOCode=01
EL694R,https://products.api.bbraun.io/api/image/EL694R?countryISOCode=01
EL695R,https://products.api.bbraun.io/api/image/EL695R?countryISOCode=01
EL697R,https://products.api.bbraun.io/api/image/EL697R?countryISOCode=01
EL698R,https://products.api.bbraun.io/api/image/EL698R?countryISOCode=01
EL700R,https://products.api.bbraun.io/api/image/EL700R?countryISOCode=01
EL702R,https://products.api.bbraun.io/api/image/EL702R?countryISOCode=01
EL703R,https://products.api.bbraun.io/api/image/EL703R?countryISOCode=01
EL704R,https://products.api.bbraun.io/api/image/EL704R?countryISOCode=01
EL705R,https://products.api.bbraun.io/api/image/EL705R?countryISOCode=01
EL707R,https://products.api.bbraun.io/api/image/EL707R?countryISOCode=01
EL708R,https://products.api.bbraun.io/api/image/EL708R?countryISOCode=01
EL721C,None
EL722C,None
EL736R,https://products.api.bbraun.io/api/image/EL736R?countryISOCode=01
EL738R,https://products.api.bbraun.io/api/image/EL738R?countryISOCode=01
EL739R,https://products.api.bbraun.io/api/image/EL739R?countryISOCode=01
EL740R,https://products.api.bbraun.io/api/image/EL740R?countryISOCode=01
EL741R,https://products.api.bbraun.io/api/image/EL741R?countryISOCode=01
EL742R,https://products.api.bbraun.io/api/image/EL742R?countryISOCode=01
EL743R,https://products.api.bbraun.io/api/image/EL743R?countryISOCode=01
EL744R,https://products.api.bbraun.io/api/image/EL744R?countryISOCode=01
EL745R,https://products.api.bbraun.io/api/image/EL745R?countryISOCode=01
EL746R,https://products.api.bbraun.io/api/image/EL746R?countryISOCode=01
EL747R,https://products.api.bbraun.io/api/image/EL747R?countryISOCode=01
EL748R,https://products.api.bbraun.io/api/image/EL748R?countryISOCode=01
EL751R,https://products.api.bbraun.io/api/image/EL751R?countryISOCode=01
EL752R,https://products.api.bbraun.io/api/image/EL752R?countryISOCode=01
EL753R,https://products.api.bbraun.io/api/image/EL753R?countryISOCode=01
EL754R,https://products.api.bbraun.io/api/image/EL754R?countryISOCode=01
EL755R,https://products.api.bbraun.io/api/image/EL755R?countryISOCode=01
EL756R,https://products.api.bbraun.io/api/image/EL756R?countryISOCode=01
EL757R,https://products.api.bbraun.io/api/image/EL757R?countryISOCode=01
EL758R,https://products.api.bbraun.io/api/image/EL758R?countryISOCode=01
EL759R,https://products.api.bbraun.io/api/image/EL759R?countryISOCode=01
EL859R,https://products.api.bbraun.io/api/image/EL859R?countryISOCode=01
EL860R,https://products.api.bbraun.io/api/image/EL860R?countryISOCode=01
EL865R,https://products.api.bbraun.io/api/image/EL865R?countryISOCode=01
EL868R,https://products.api.bbraun.io/api/image/EL868R?countryISOCode=01
EL870R,https://products.api.bbraun.io/api/image/EL870R?countryISOCode=01
EL872R,https://products.api.bbraun.io/api/image/EL872R?countryISOCode=01
EL873R,https://products.api.bbraun.io/api/image/EL873R?countryISOCode=01
EM097R,https://products.api.bbraun.io/api/image/EM097R?countryISOCode=01
EM098R,https://products.api.bbraun.io/api/image/EM098R?countryISOCode=01
EM099R,https://products.api.bbraun.io/api/image/EM099R?countryISOCode=01
EM100R,https://products.api.bbraun.io/api/image/EM100R?countryISOCode=01
EM101R,https://products.api.bbraun.io/api/image/EM101R?countryISOCode=01
EM102R,https://products.api.bbraun.io/api/image/EM102R?countryISOCode=01
EM103R,https://products.api.bbraun.io/api/image/EM103R?countryISOCode=01
EM104R,https://products.api.bbraun.io/api/image/EM104R?countryISOCode=01
EM105R,https://products.api.bbraun.io/api/image/EM105R?countryISOCode=01
EM106R,https://products.api.bbraun.io/api/image/EM106R?countryISOCode=01
EM107R,https://products.api.bbraun.io/api/image/EM107R?countryISOCode=01
EM108R,https://products.api.bbraun.io/api/image/EM108R?countryISOCode=01
EM109R,https://products.api.bbraun.io/api/image/EM109R?countryISOCode=01
EM110R,https://products.api.bbraun.io/api/image/EM110R?countryISOCode=01
EM111R,https://products.api.bbraun.io/api/image/EM111R?countryISOCode=01
EM112R,https://products.api.bbraun.io/api/image/EM112R?countryISOCode=01
EM113R,https://products.api.bbraun.io/api/image/EM113R?countryISOCode=01
EM114R,https://products.api.bbraun.io/api/image/EM114R?countryISOCode=01
EM115R,https://products.api.bbraun.io/api/image/EM115R?countryISOCode=01
EM116R,https://products.api.bbraun.io/api/image/EM116R?countryISOCode=01
EM117R,https://products.api.bbraun.io/api/image/EM117R?countryISOCode=01
EM118R,https://products.api.bbraun.io/api/image/EM118R?countryISOCode=01
EM119R,https://products.api.bbraun.io/api/image/EM119R?countryISOCode=01
EM120R,https://products.api.bbraun.io/api/image/EM120R?countryISOCode=01
EM121R,https://products.api.bbraun.io/api/image/EM121R?countryISOCode=01
EM122R,https://products.api.bbraun.io/api/image/EM122R?countryISOCode=01
EM123R,https://products.api.bbraun.io/api/image/EM123R?countryISOCode=01
EM124R,https://products.api.bbraun.io/api/image/EM124R?countryISOCode=01
EM125R,https://products.api.bbraun.io/api/image/EM125R?countryISOCode=01
EM126R,https://products.api.bbraun.io/api/image/EM126R?countryISOCode=01
EM131R,https://products.api.bbraun.io/api/image/EM131R?countryISOCode=01
EM132R,https://products.api.bbraun.io/api/image/EM132R?countryISOCode=01
EM133R,https://products.api.bbraun.io/api/image/EM133R?countryISOCode=01
EM134R,https://products.api.bbraun.io/api/image/EM134R?countryISOCode=01
EM135R,https://products.api.bbraun.io/api/image/EM135R?countryISOCode=01
EM136R,https://products.api.bbraun.io/api/image/EM136R?countryISOCode=01
EM137R,https://products.api.bbraun.io/api/image/EM137R?countryISOCode=01
EM138R,https://products.api.bbraun.io/api/image/EM138R?countryISOCode=01
EM139R,https://products.api.bbraun.io/api/image/EM139R?countryISOCode=01
EM140R,https://products.api.bbraun.io/api/image/EM140R?countryISOCode=01
EM141R,https://products.api.bbraun.io/api/image/EM141R?countryISOCode=01
EM142R,https://products.api.bbraun.io/api/image/EM142R?countryISOCode=01
EM143R,https://products.api.bbraun.io/api/image/EM143R?countryISOCode=01
EM144R,https://products.api.bbraun.io/api/image/EM144R?countryISOCode=01
EM145R,https://products.api.bbraun.io/api/image/EM145R?countryISOCode=01
EM146R,https://products.api.bbraun.io/api/image/EM146R?countryISOCode=01
EM147R,https://products.api.bbraun.io/api/image/EM147R?countryISOCode=01
EM193R,https://products.api.bbraun.io/api/image/EM193R?countryISOCode=01
EM194R,https://products.api.bbraun.io/api/image/EM194R?countryISOCode=01
EM231R,https://products.api.bbraun.io/api/image/EM231R?countryISOCode=01
EM232R,https://products.api.bbraun.io/api/image/EM232R?countryISOCode=01
EM233R,https://products.api.bbraun.io/api/image/EM233R?countryISOCode=01
EM234R,https://products.api.bbraun.io/api/image/EM234R?countryISOCode=01
EM235R,https://products.api.bbraun.io/api/image/EM235R?countryISOCode=01
EM236R,https://products.api.bbraun.io/api/image/EM236R?countryISOCode=01
EM237R,https://products.api.bbraun.io/api/image/EM237R?countryISOCode=01
EM238R,https://products.api.bbraun.io/api/image/EM238R?countryISOCode=01
EM239R,https://products.api.bbraun.io/api/image/EM239R?countryISOCode=01
EM244R,https://products.api.bbraun.io/api/image/EM244R?countryISOCode=01
EM271R,https://products.api.bbraun.io/api/image/EM271R?countryISOCode=01
EM272R,https://products.api.bbraun.io/api/image/EM272R?countryISOCode=01
EM273R,https://products.api.bbraun.io/api/image/EM273R?countryISOCode=01
EM274R,https://products.api.bbraun.io/api/image/EM274R?countryISOCode=01
EM275R,https://products.api.bbraun.io/api/image/EM275R?countryISOCode=01
EM276R,https://products.api.bbraun.io/api/image/EM276R?countryISOCode=01
EM277R,https://products.api.bbraun.io/api/image/EM277R?countryISOCode=01
EM278R,https://products.api.bbraun.io/api/image/EM278R?countryISOCode=01
EM710R,https://products.api.bbraun.io/api/image/EM710R?countryISOCode=01
EM711R,https://products.api.bbraun.io/api/image/EM711R?countryISOCode=01
EO005R,https://products.api.bbraun.io/api/image/EO005R?countryISOCode=01
EO010R,https://products.api.bbraun.io/api/image/EO010R?countryISOCode=01
EO012R,https://products.api.bbraun.io/api/image/EO012R?countryISOCode=01
EO013R,https://products.api.bbraun.io/api/image/EO013R?countryISOCode=01
EO015R,https://products.api.bbraun.io/api/image/EO015R?countryISOCode=01
EO016R,None
EO020,https://products.api.bbraun.io/api/image/EO020?countryISOCode=01
EO030R,https://products.api.bbraun.io/api/image/EO030R?countryISOCode=01
EO060R,https://products.api.bbraun.io/api/image/EO060R?countryISOCode=01
EO061R,https://products.api.bbraun.io/api/image/EO061R?countryISOCode=01
EO075R,https://products.api.bbraun.io/api/image/EO075R?countryISOCode=01
EO077R,https://products.api.bbraun.io/api/image/EO077R?countryISOCode=01
EO080R,https://products.api.bbraun.io/api/image/EO080R?countryISOCode=01
EO082R,https://products.api.bbraun.io/api/image/EO082R?countryISOCode=01
EO085R,https://products.api.bbraun.io/api/image/EO085R?countryISOCode=01
EO105R,https://products.api.bbraun.io/api/image/EO105R?countryISOCode=01
EO106R,https://products.api.bbraun.io/api/image/EO106R?countryISOCode=01
EO108R,https://products.api.bbraun.io/api/image/EO108R?countryISOCode=01
EO110R,https://products.api.bbraun.io/api/image/EO110R?countryISOCode=01
EO111R,https://products.api.bbraun.io/api/image/EO111R?countryISOCode=01
EO112R,https://products.api.bbraun.io/api/image/EO112R?countryISOCode=01
EO115R,https://products.api.bbraun.io/api/image/EO115R?countryISOCode=01
EO122R,https://products.api.bbraun.io/api/image/EO122R?countryISOCode=01
EO125R,https://products.api.bbraun.io/api/image/EO125R?countryISOCode=01
EO130R,https://products.api.bbraun.io/api/image/EO130R?countryISOCode=01
EO140R,https://products.api.bbraun.io/api/image/EO140R?countryISOCode=01
EO150R,https://products.api.bbraun.io/api/image/EO150R?countryISOCode=01
EO151R,https://products.api.bbraun.io/api/image/EO151R?countryISOCode=01
EO163R,https://products.api.bbraun.io/api/image/EO163R?countryISOCode=01
EO164R,https://products.api.bbraun.io/api/image/EO164R?countryISOCode=01
EO165R,https://products.api.bbraun.io/api/image/EO165R?countryISOCode=01
EO166R,https://products.api.bbraun.io/api/image/EO166R?countryISOCode=01
EO177R,https://products.api.bbraun.io/api/image/EO177R?countryISOCode=01
EO180R,https://products.api.bbraun.io/api/image/EO180R?countryISOCode=01
EO202R,https://products.api.bbraun.io/api/image/EO202R?countryISOCode=01
EO216R,https://products.api.bbraun.io/api/image/EO216R?countryISOCode=01
EO218R,https://products.api.bbraun.io/api/image/EO218R?countryISOCode=01
EO220R,https://products.api.bbraun.io/api/image/EO220R?countryISOCode=01
EO221R,https://products.api.bbraun.io/api/image/EO221R?countryISOCode=01
EO222R,https://products.api.bbraun.io/api/image/EO222R?countryISOCode=01
EO225R,https://products.api.bbraun.io/api/image/EO225R?countryISOCode=01
EO226R,https://products.api.bbraun.io/api/image/EO226R?countryISOCode=01
EO240R,https://products.api.bbraun.io/api/image/EO240R?countryISOCode=01
EO242R,https://products.api.bbraun.io/api/image/EO242R?countryISOCode=01
EO300R,https://products.api.bbraun.io/api/image/EO300R?countryISOCode=01
EO310R,https://products.api.bbraun.io/api/image/EO310R?countryISOCode=01
EO315R,https://products.api.bbraun.io/api/image/EO315R?countryISOCode=01
EO332R,https://products.api.bbraun.io/api/image/EO332R?countryISOCode=01
EO338R,https://products.api.bbraun.io/api/image/EO338R?countryISOCode=01
EO340R,https://products.api.bbraun.io/api/image/EO340R?countryISOCode=01
EO342R,https://products.api.bbraun.io/api/image/EO342R?countryISOCode=01
EO405R,https://products.api.bbraun.io/api/image/EO405R?countryISOCode=01
EO407R,https://products.api.bbraun.io/api/image/EO407R?countryISOCode=01
EO415R,https://products.api.bbraun.io/api/image/EO415R?countryISOCode=01
EO420R,https://products.api.bbraun.io/api/image/EO420R?countryISOCode=01
EO433R,https://products.api.bbraun.io/api/image/EO433R?countryISOCode=01
EO435R,https://products.api.bbraun.io/api/image/EO435R?countryISOCode=01
ER002R,https://products.api.bbraun.io/api/image/ER002R?countryISOCode=01
ER005R,https://products.api.bbraun.io/api/image/ER005R?countryISOCode=01
ER011R,https://products.api.bbraun.io/api/image/ER011R?countryISOCode=01
ER012R,https://products.api.bbraun.io/api/image/ER012R?countryISOCode=01
ER015R,https://products.api.bbraun.io/api/image/ER015R?countryISOCode=01
ER016R,https://products.api.bbraun.io/api/image/ER016R?countryISOCode=01
ER025R,https://products.api.bbraun.io/api/image/ER025R?countryISOCode=01
ER050R,https://products.api.bbraun.io/api/image/ER050R?countryISOCode=01
ER054R,https://products.api.bbraun.io/api/image/ER054R?countryISOCode=01
ER055R,https://products.api.bbraun.io/api/image/ER055R?countryISOCode=01
ER058R,https://products.api.bbraun.io/api/image/ER058R?countryISOCode=01
ER061R,https://products.api.bbraun.io/api/image/ER061R?countryISOCode=01
ER062R,https://products.api.bbraun.io/api/image/ER062R?countryISOCode=01
ER063R,https://products.api.bbraun.io/api/image/ER063R?countryISOCode=01
ER064R,https://products.api.bbraun.io/api/image/ER064R?countryISOCode=01
ER066R,https://products.api.bbraun.io/api/image/ER066R?countryISOCode=01
ER068R,https://products.api.bbraun.io/api/image/ER068R?countryISOCode=01
ER070R,https://products.api.bbraun.io/api/image/ER070R?countryISOCode=01
ER071R,https://products.api.bbraun.io/api/image/ER071R?countryISOCode=01
ER072R,https://products.api.bbraun.io/api/image/ER072R?countryISOCode=01
ER073R,https://products.api.bbraun.io/api/image/ER073R?countryISOCode=01
ER076R,https://products.api.bbraun.io/api/image/ER076R?countryISOCode=01
ER101R,https://products.api.bbraun.io/api/image/FK644NR?countryISOCode=01
ER102R,https://products.api.bbraun.io/api/image/FK645NR?countryISOCode=01
ER103R,https://products.api.bbraun.io/api/image/FK646NR?countryISOCode=01
ER104R,https://products.api.bbraun.io/api/image/FK647NR?countryISOCode=01
ER105R,https://products.api.bbraun.io/api/image/FK648NR?countryISOCode=01
ER106R,https://products.api.bbraun.io/api/image/FK649NR?countryISOCode=01
ER111R,https://products.api.bbraun.io/api/image/ER111R?countryISOCode=01
ER112R,https://products.api.bbraun.io/api/image/ER112R?countryISOCode=01
ER113R,https://products.api.bbraun.io/api/image/ER113R?countryISOCode=01
ER114R,https://products.api.bbraun.io/api/image/ER114R?countryISOCode=01
ER115R,https://products.api.bbraun.io/api/image/ER115R?countryISOCode=01
ER116R,https://products.api.bbraun.io/api/image/ER116R?countryISOCode=01
ER126R,https://products.api.bbraun.io/api/image/ER126R?countryISOCode=01
ER128R,https://products.api.bbraun.io/api/image/ER128R?countryISOCode=01
ER130R,https://products.api.bbraun.io/api/image/ER130R?countryISOCode=01
ER132R,https://products.api.bbraun.io/api/image/ER132R?countryISOCode=01
ER134R,https://products.api.bbraun.io/api/image/ER134R?countryISOCode=01
ER219R,https://products.api.bbraun.io/api/image/ER219R?countryISOCode=01
ER220R,https://products.api.bbraun.io/api/image/ER220R?countryISOCode=01
ER221R,https://products.api.bbraun.io/api/image/ER221R?countryISOCode=01
ER222R,https://products.api.bbraun.io/api/image/ER222R?countryISOCode=01
ER223R,https://products.api.bbraun.io/api/image/ER223R?countryISOCode=01
ER224R,https://products.api.bbraun.io/api/image/ER224R?countryISOCode=01
ER225R,https://products.api.bbraun.io/api/image/ER225R?countryISOCode=01
ER226R,https://products.api.bbraun.io/api/image/ER226R?countryISOCode=01
ER227R,https://products.api.bbraun.io/api/image/ER227R?countryISOCode=01
ER228R,https://products.api.bbraun.io/api/image/ER228R?countryISOCode=01
ER229R,https://products.api.bbraun.io/api/image/ER229R?countryISOCode=01
ER230R,https://products.api.bbraun.io/api/image/ER230R?countryISOCode=01
ER241R,https://products.api.bbraun.io/api/image/ER241R?countryISOCode=01
ER242R,https://products.api.bbraun.io/api/image/ER242R?countryISOCode=01
ER243R,https://products.api.bbraun.io/api/image/ER243R?countryISOCode=01
ER244R,https://products.api.bbraun.io/api/image/ER244R?countryISOCode=01
ER245R,https://products.api.bbraun.io/api/image/ER245R?countryISOCode=01
ER246R,https://products.api.bbraun.io/api/image/ER246R?countryISOCode=01
ER247R,https://products.api.bbraun.io/api/image/ER247R?countryISOCode=01
ER248R,https://products.api.bbraun.io/api/image/ER248R?countryISOCode=01
ER320R,https://products.api.bbraun.io/api/image/ER320R?countryISOCode=01
ER321R,https://products.api.bbraun.io/api/image/ER321R?countryISOCode=01
ER322R,https://products.api.bbraun.io/api/image/ER322R?countryISOCode=01
ER323R,https://products.api.bbraun.io/api/image/ER323R?countryISOCode=01
ER324R,https://products.api.bbraun.io/api/image/ER324R?countryISOCode=01
ER325R,https://products.api.bbraun.io/api/image/ER325R?countryISOCode=01
ER326R,https://products.api.bbraun.io/api/image/ER326R?countryISOCode=01
ER327R,https://products.api.bbraun.io/api/image/ER327R?countryISOCode=01
ER328R,https://products.api.bbraun.io/api/image/ER328R?countryISOCode=01
ER329R,https://products.api.bbraun.io/api/image/ER329R?countryISOCode=01
ER330R,https://products.api.bbraun.io/api/image/ER330R?countryISOCode=01
ER401R,https://products.api.bbraun.io/api/image/ER401R?countryISOCode=01
ER402R,https://products.api.bbraun.io/api/image/ER402R?countryISOCode=01
ER403R,https://products.api.bbraun.io/api/image/ER403R?countryISOCode=01
ER404R,https://products.api.bbraun.io/api/image/ER404R?countryISOCode=01
ER405R,https://products.api.bbraun.io/api/image/ER405R?countryISOCode=01
ER406R,https://products.api.bbraun.io/api/image/ER406R?countryISOCode=01
ER411R,https://products.api.bbraun.io/api/image/ER411R?countryISOCode=01
ER412R,https://products.api.bbraun.io/api/image/ER412R?countryISOCode=01
ER413R,https://products.api.bbraun.io/api/image/ER413R?countryISOCode=01
ER414R,https://products.api.bbraun.io/api/image/ER414R?countryISOCode=01
ER415R,https://products.api.bbraun.io/api/image/ER415R?countryISOCode=01
ER416R,https://products.api.bbraun.io/api/image/ER416R?countryISOCode=01
ER421R,https://products.api.bbraun.io/api/image/ER421R?countryISOCode=01
ER422R,https://products.api.bbraun.io/api/image/ER422R?countryISOCode=01
ER423R,https://products.api.bbraun.io/api/image/ER423R?countryISOCode=01
ER424R,https://products.api.bbraun.io/api/image/ER424R?countryISOCode=01
ER425R,https://products.api.bbraun.io/api/image/ER425R?countryISOCode=01
ER426R,https://products.api.bbraun.io/api/image/ER426R?countryISOCode=01
ER520R,https://products.api.bbraun.io/api/image/ER520R?countryISOCode=01
ER521R,https://products.api.bbraun.io/api/image/ER521R?countryISOCode=01
ER522R,https://products.api.bbraun.io/api/image/ER522R?countryISOCode=01
ER523R,https://products.api.bbraun.io/api/image/ER523R?countryISOCode=01
ER524R,https://products.api.bbraun.io/api/image/ER524R?countryISOCode=01
ER525R,https://products.api.bbraun.io/api/image/ER525R?countryISOCode=01
ER526R,https://products.api.bbraun.io/api/image/ER526R?countryISOCode=01
ER580R,https://products.api.bbraun.io/api/image/ER580R?countryISOCode=01
ER585R,https://products.api.bbraun.io/api/image/ER585R?countryISOCode=01
ER602R,https://products.api.bbraun.io/api/image/ER602R?countryISOCode=01
ER611R,https://products.api.bbraun.io/api/image/ER611R?countryISOCode=01
ER612R,https://products.api.bbraun.io/api/image/ER612R?countryISOCode=01
ER621R,https://products.api.bbraun.io/api/image/ER621R?countryISOCode=01
ER623R,https://products.api.bbraun.io/api/image/ER623R?countryISOCode=01
ER626R,https://products.api.bbraun.io/api/image/ER626R?countryISOCode=01
ER627R,https://products.api.bbraun.io/api/image/ER627R?countryISOCode=01
ER628R,https://products.api.bbraun.io/api/image/ER628R?countryISOCode=01
ER800R,None
ER801R,None
ER802R,None
ER803R,None
ER804R,None
ER805R,None
ER806P,None
ER807P,None
ER840R,None
ER874R,https://products.api.bbraun.io/api/image/ER874R?countryISOCode=01
ER875,None
ER876,https://products.api.bbraun.io/api/image/ER876?countryISOCode=01
ET002,https://products.api.bbraun.io/api/image/ET002?countryISOCode=01
ET005R,https://products.api.bbraun.io/api/image/ET005R?countryISOCode=01
ET073R,https://products.api.bbraun.io/api/image/ET073R?countryISOCode=01
ET096R,https://products.api.bbraun.io/api/image/ET096R?countryISOCode=01
ET102R,https://products.api.bbraun.io/api/image/ET102R?countryISOCode=01
ET106R,https://products.api.bbraun.io/api/image/ET106R?countryISOCode=01
ET130R,https://products.api.bbraun.io/api/image/ET130R?countryISOCode=01
ET140R,https://products.api.bbraun.io/api/image/ET140R?countryISOCode=01
ET141R,https://products.api.bbraun.io/api/image/ET141R?countryISOCode=01
ET142R,https://products.api.bbraun.io/api/image/ET142R?countryISOCode=01
ET150R,https://products.api.bbraun.io/api/image/ET150R?countryISOCode=01
ET152R,https://products.api.bbraun.io/api/image/ET152R?countryISOCode=01
ET160R,https://products.api.bbraun.io/api/image/ET160R?countryISOCode=01
ET205R,https://products.api.bbraun.io/api/image/ET205R?countryISOCode=01
ET210R,https://products.api.bbraun.io/api/image/ET210R?countryISOCode=01
ET220R,https://products.api.bbraun.io/api/image/ET220R?countryISOCode=01
ET221R,https://products.api.bbraun.io/api/image/ET221R?countryISOCode=01
ET237R,https://products.api.bbraun.io/api/image/ET237R?countryISOCode=01
ET245R,https://products.api.bbraun.io/api/image/ET245R?countryISOCode=01
ET246R,https://products.api.bbraun.io/api/image/ET246R?countryISOCode=01
ET251R,None
ET255R,https://products.api.bbraun.io/api/image/ET255R?countryISOCode=01
ET268R,https://products.api.bbraun.io/api/image/ET268R?countryISOCode=01
ET269R,https://products.api.bbraun.io/api/image/ET269R?countryISOCode=01
ET270R,https://products.api.bbraun.io/api/image/ET270R?countryISOCode=01
ET301R,https://products.api.bbraun.io/api/image/ET301R?countryISOCode=01
ET302R,https://products.api.bbraun.io/api/image/ET302R?countryISOCode=01
ET306R,https://products.api.bbraun.io/api/image/ET306R?countryISOCode=01
ET307R,https://products.api.bbraun.io/api/image/ET307R?countryISOCode=01
ET308R,https://products.api.bbraun.io/api/image/ET308R?countryISOCode=01
ET315R,https://products.api.bbraun.io/api/image/ET315R?countryISOCode=01
ET316R,https://products.api.bbraun.io/api/image/ET316R?countryISOCode=01
ET325R,https://products.api.bbraun.io/api/image/ET325R?countryISOCode=01
ET326R,https://products.api.bbraun.io/api/image/ET326R?countryISOCode=01
ET327R,https://products.api.bbraun.io/api/image/ET327R?countryISOCode=01
ET329R,https://products.api.bbraun.io/api/image/ET329R?countryISOCode=01
EV-000020,None
EV-000022,None
EV-000023,None
EV-000024,None
EV-000039,None
EV-000046,None
EV2-000016,None
EV2-000016A,None
EV2-000017,None
EV2-000018,None
EV2-000019,None
EV2-000021,None
EV2-000022,None
EV2-000027,None
EV2-000053,None
EV2-000054,None
EV2-000055,None
EV2-000056,None
EV2-000058,None
EV2-000082,None
EV2-000083,None
FA001R,https://products.api.bbraun.io/api/image/FA001R?countryISOCode=01
FA005R,https://products.api.bbraun.io/api/image/FA005R?countryISOCode=01
FA006R,https://products.api.bbraun.io/api/image/FA006R?countryISOCode=01
FA007R,https://products.api.bbraun.io/api/image/FA007R?countryISOCode=01
FA025R,https://products.api.bbraun.io/api/image/FA025R?countryISOCode=01
FA026R,https://products.api.bbraun.io/api/image/FA026R?countryISOCode=01
FA030R,https://products.api.bbraun.io/api/image/FA030R?countryISOCode=01
FA031R,https://products.api.bbraun.io/api/image/FA031R?countryISOCode=01
FA034R,https://products.api.bbraun.io/api/image/FA034R?countryISOCode=01
FA035R,https://products.api.bbraun.io/api/image/FA035R?countryISOCode=01
FA036R,https://products.api.bbraun.io/api/image/FA036R?countryISOCode=01
FA037R,https://products.api.bbraun.io/api/image/FA037R?countryISOCode=01
FA038R,https://products.api.bbraun.io/api/image/FA038R?countryISOCode=01
FA039R,https://products.api.bbraun.io/api/image/FA039R?countryISOCode=01
FA040R,https://products.api.bbraun.io/api/image/FA040R?countryISOCode=01
FA041R,https://products.api.bbraun.io/api/image/FA041R?countryISOCode=01
FA042R,https://products.api.bbraun.io/api/image/FA042R?countryISOCode=01
FA043R,https://products.api.bbraun.io/api/image/FA043R?countryISOCode=01
FA044R,https://products.api.bbraun.io/api/image/FA044R?countryISOCode=01
FA045R,https://products.api.bbraun.io/api/image/FA045R?countryISOCode=01
FA046R,https://products.api.bbraun.io/api/image/FA046R?countryISOCode=01
FA047R,https://products.api.bbraun.io/api/image/FA047R?countryISOCode=01
FA060R,https://products.api.bbraun.io/api/image/FA060R?countryISOCode=01
FA061R,https://products.api.bbraun.io/api/image/FA061R?countryISOCode=01
FA062R,https://products.api.bbraun.io/api/image/FA062R?countryISOCode=01
FA063R,https://products.api.bbraun.io/api/image/FA063R?countryISOCode=01
FA064R,https://products.api.bbraun.io/api/image/FA064R?countryISOCode=01
FA065R,https://products.api.bbraun.io/api/image/FA065R?countryISOCode=01
FA066R,https://products.api.bbraun.io/api/image/FA066R?countryISOCode=01
FA067R,https://products.api.bbraun.io/api/image/FA067R?countryISOCode=01
FA068R,https://products.api.bbraun.io/api/image/FA068R?countryISOCode=01
FA069R,None
FA070R,None
FA071R,None
FA072R,None
FA073R,None
FA074R,None
FA075R,None
FA076R,None
FB030R,None
FB032R,None
FB034R,None
FB035R,None
FB036R,None
FB037R,None
FB038R,None
FB040R,None
FB050R,None
FB051R,None
FB053R,None
FB054R,None
FB055R,None
FB108R,https://products.api.bbraun.io/api/image/FB108R?countryISOCode=01
FB109R,https://products.api.bbraun.io/api/image/FB109R?countryISOCode=01
FB110R,https://products.api.bbraun.io/api/image/FB110R?countryISOCode=01
FB112R,https://products.api.bbraun.io/api/image/FB112R?countryISOCode=01
FB113R,https://products.api.bbraun.io/api/image/FB113R?countryISOCode=01
FB114R,https://products.api.bbraun.io/api/image/FB114R?countryISOCode=01
FB115R,https://products.api.bbraun.io/api/image/FB115R?countryISOCode=01
FB116R,https://products.api.bbraun.io/api/image/FB116R?countryISOCode=01
FB117R,https://products.api.bbraun.io/api/image/FB117R?countryISOCode=01
FB119R,https://products.api.bbraun.io/api/image/FB119R?countryISOCode=01
FB120R,https://products.api.bbraun.io/api/image/FB120R?countryISOCode=01
FB121R,https://products.api.bbraun.io/api/image/FB121R?countryISOCode=01
FB122R,https://products.api.bbraun.io/api/image/FB122R?countryISOCode=01
FB124R,https://products.api.bbraun.io/api/image/FB124R?countryISOCode=01
FB125R,https://products.api.bbraun.io/api/image/FB125R?countryISOCode=01
FB126R,https://products.api.bbraun.io/api/image/FB126R?countryISOCode=01
FB130R,https://products.api.bbraun.io/api/image/FB130R?countryISOCode=01
FB141R,https://products.api.bbraun.io/api/image/FB141R?countryISOCode=01
FB142R,https://products.api.bbraun.io/api/image/FB142R?countryISOCode=01
FB143R,https://products.api.bbraun.io/api/image/FB143R?countryISOCode=01
FB150R,https://products.api.bbraun.io/api/image/FB150R?countryISOCode=01
FB151R,https://products.api.bbraun.io/api/image/FB151R?countryISOCode=01
FB153R,https://products.api.bbraun.io/api/image/FB153R?countryISOCode=01
FB154R,https://products.api.bbraun.io/api/image/FB154R?countryISOCode=01
FB155R,https://products.api.bbraun.io/api/image/FB155R?countryISOCode=01
FB156R,https://products.api.bbraun.io/api/image/FB156R?countryISOCode=01
FB158R,https://products.api.bbraun.io/api/image/FB158R?countryISOCode=01
FB159R,https://products.api.bbraun.io/api/image/FB159R?countryISOCode=01
FB160R,https://products.api.bbraun.io/api/image/FB160R?countryISOCode=01
FB161R,https://products.api.bbraun.io/api/image/FB161R?countryISOCode=01
FB162R,https://products.api.bbraun.io/api/image/FB162R?countryISOCode=01
FB163R,https://products.api.bbraun.io/api/image/FB163R?countryISOCode=01
FB164R,https://products.api.bbraun.io/api/image/FB164R?countryISOCode=01
FB165R,https://products.api.bbraun.io/api/image/FB165R?countryISOCode=01
FB166R,https://products.api.bbraun.io/api/image/FB166R?countryISOCode=01
FB167R,https://products.api.bbraun.io/api/image/FB167R?countryISOCode=01
FB168R,https://products.api.bbraun.io/api/image/FB168R?countryISOCode=01
FB169R,https://products.api.bbraun.io/api/image/FB169R?countryISOCode=01
FB170R,https://products.api.bbraun.io/api/image/FB170R?countryISOCode=01
FB172R,https://products.api.bbraun.io/api/image/FB172R?countryISOCode=01
FB184R,https://products.api.bbraun.io/api/image/FB184R?countryISOCode=01
FB185R,https://products.api.bbraun.io/api/image/FB185R?countryISOCode=01
FB186R,https://products.api.bbraun.io/api/image/FB186R?countryISOCode=01
FB194B,https://products.api.bbraun.io/api/image/FB194B?countryISOCode=01
FB194R,https://products.api.bbraun.io/api/image/FB194R?countryISOCode=01
FB195R,https://products.api.bbraun.io/api/image/FB195R?countryISOCode=01
FB196R,https://products.api.bbraun.io/api/image/FB196R?countryISOCode=01
FB201R,https://products.api.bbraun.io/api/image/FB201R?countryISOCode=01
FB202R,https://products.api.bbraun.io/api/image/FB202R?countryISOCode=01
FB203R,https://products.api.bbraun.io/api/image/FB203R?countryISOCode=01
FB222R,https://products.api.bbraun.io/api/image/FB222R?countryISOCode=01
FB223R,https://products.api.bbraun.io/api/image/FB223R?countryISOCode=01
FB224R,https://products.api.bbraun.io/api/image/FB224R?countryISOCode=01
FB234R,None
FB235R,None
FB236R,None
FB238R,None
FB239R,None
FB240R,None
FB242R,None
FB243R,None
FB245R,None
FB246R,None
FB248R,None
FB249R,None
FB251R,None
FB252R,None
FB253R,None
FB254R,None
FB255R,None
FB328R,https://products.api.bbraun.io/api/image/FB328R?countryISOCode=01
FB329R,https://products.api.bbraun.io/api/image/FB329R?countryISOCode=01
FB330R,https://products.api.bbraun.io/api/image/FB330R?countryISOCode=01
FB331R,https://products.api.bbraun.io/api/image/FB331R?countryISOCode=01
FB352R,https://products.api.bbraun.io/api/image/FB352R?countryISOCode=01
FB353R,https://products.api.bbraun.io/api/image/FB353R?countryISOCode=01
FB357R,https://products.api.bbraun.io/api/image/FB357R?countryISOCode=01
FB358R,https://products.api.bbraun.io/api/image/FB358R?countryISOCode=01
FB359R,https://products.api.bbraun.io/api/image/FB359R?countryISOCode=01
FB362R,https://products.api.bbraun.io/api/image/FB362R?countryISOCode=01
FB363R,https://products.api.bbraun.io/api/image/FB363R?countryISOCode=01
FB364R,https://products.api.bbraun.io/api/image/FB364R?countryISOCode=01
FB365R,https://products.api.bbraun.io/api/image/FB365R?countryISOCode=01
FB366R,https://products.api.bbraun.io/api/image/FB366R?countryISOCode=01
FB367R,https://products.api.bbraun.io/api/image/FB367R?countryISOCode=01
FB369R,https://products.api.bbraun.io/api/image/FB369R?countryISOCode=01
FB370R,https://products.api.bbraun.io/api/image/FB370R?countryISOCode=01
FB374R,https://products.api.bbraun.io/api/image/FB374R?countryISOCode=01
FB375R,https://products.api.bbraun.io/api/image/FB375R?countryISOCode=01
FB376R,https://products.api.bbraun.io/api/image/FB376R?countryISOCode=01
FB377R,https://products.api.bbraun.io/api/image/FB377R?countryISOCode=01
FB382R,https://products.api.bbraun.io/api/image/FB382R?countryISOCode=01
FB383R,https://products.api.bbraun.io/api/image/FB383R?countryISOCode=01
FB384R,https://products.api.bbraun.io/api/image/FB384R?countryISOCode=01
FB385R,https://products.api.bbraun.io/api/image/FB385R?countryISOCode=01
FB387T,https://products.api.bbraun.io/api/image/FB387T?countryISOCode=01
FB388T,https://products.api.bbraun.io/api/image/FB388T?countryISOCode=01
FB389T,https://products.api.bbraun.io/api/image/FB389T?countryISOCode=01
FB390T,https://products.api.bbraun.io/api/image/FB390T?countryISOCode=01
FB391T,https://products.api.bbraun.io/api/image/FB391T?countryISOCode=01
FB392T,https://products.api.bbraun.io/api/image/FB392T?countryISOCode=01
FB394R,https://products.api.bbraun.io/api/image/FB394R?countryISOCode=01
FB395R,https://products.api.bbraun.io/api/image/FB395R?countryISOCode=01
FB396R,https://products.api.bbraun.io/api/image/FB396R?countryISOCode=01
FB397R,https://products.api.bbraun.io/api/image/FB397R?countryISOCode=01
FB398R,https://products.api.bbraun.io/api/image/FB398R?countryISOCode=01
FB399R,https://products.api.bbraun.io/api/image/FB399R?countryISOCode=01
FB400R,https://products.api.bbraun.io/api/image/FB400R?countryISOCode=01
FB401R,https://products.api.bbraun.io/api/image/FB401R?countryISOCode=01
FB402R,https://products.api.bbraun.io/api/image/FB402R?countryISOCode=01
FB403R,https://products.api.bbraun.io/api/image/FB403R?countryISOCode=01
FB404R,https://products.api.bbraun.io/api/image/FB404R?countryISOCode=01
FB405R,https://products.api.bbraun.io/api/image/FB405R?countryISOCode=01
FB406R,https://products.api.bbraun.io/api/image/FB406R?countryISOCode=01
FB407R,https://products.api.bbraun.io/api/image/FB407R?countryISOCode=01
FB408R,https://products.api.bbraun.io/api/image/FB408R?countryISOCode=01
FB409R,https://products.api.bbraun.io/api/image/FB409R?countryISOCode=01
FB410R,https://products.api.bbraun.io/api/image/FB410R?countryISOCode=01
FB411R,https://products.api.bbraun.io/api/image/FB411R?countryISOCode=01
FB412R,https://products.api.bbraun.io/api/image/FB412R?countryISOCode=01
FB414R,https://products.api.bbraun.io/api/image/FB414R?countryISOCode=01
FB415R,https://products.api.bbraun.io/api/image/FB415R?countryISOCode=01
FB416R,https://products.api.bbraun.io/api/image/FB416R?countryISOCode=01
FB417R,https://products.api.bbraun.io/api/image/FB417R?countryISOCode=01
FB418R,https://products.api.bbraun.io/api/image/FB418R?countryISOCode=01
FB419R,https://products.api.bbraun.io/api/image/FB419R?countryISOCode=01
FB420R,https://products.api.bbraun.io/api/image/FB420R?countryISOCode=01
FB421R,https://products.api.bbraun.io/api/image/FB421R?countryISOCode=01
FB422R,https://products.api.bbraun.io/api/image/FB422R?countryISOCode=01
FB423R,https://products.api.bbraun.io/api/image/FB423R?countryISOCode=01
FB424R,https://products.api.bbraun.io/api/image/FB424R?countryISOCode=01
FB425R,https://products.api.bbraun.io/api/image/FB425R?countryISOCode=01
FB426R,https://products.api.bbraun.io/api/image/FB426R?countryISOCode=01
FB427R,https://products.api.bbraun.io/api/image/FB427R?countryISOCode=01
FB431R,https://products.api.bbraun.io/api/image/FB431R?countryISOCode=01
FB432R,https://products.api.bbraun.io/api/image/FB432R?countryISOCode=01
FB433R,https://products.api.bbraun.io/api/image/FB433R?countryISOCode=01
FB434R,https://products.api.bbraun.io/api/image/FB434R?countryISOCode=01
FB435R,https://products.api.bbraun.io/api/image/FB435R?countryISOCode=01
FB436R,https://products.api.bbraun.io/api/image/FB436R?countryISOCode=01
FB437R,https://products.api.bbraun.io/api/image/FB437R?countryISOCode=01
FB440R,https://products.api.bbraun.io/api/image/FB440R?countryISOCode=01
FB441R,https://products.api.bbraun.io/api/image/FB441R?countryISOCode=01
FB442R,https://products.api.bbraun.io/api/image/FB442R?countryISOCode=01
FB443R,https://products.api.bbraun.io/api/image/FB443R?countryISOCode=01
FB444R,https://products.api.bbraun.io/api/image/FB444R?countryISOCode=01
FB445R,https://products.api.bbraun.io/api/image/FB445R?countryISOCode=01
FB446R,https://products.api.bbraun.io/api/image/FB446R?countryISOCode=01
FB447R,https://products.api.bbraun.io/api/image/FB447R?countryISOCode=01
FB448R,https://products.api.bbraun.io/api/image/FB448R?countryISOCode=01
FB449R,https://products.api.bbraun.io/api/image/FB449R?countryISOCode=01
FB450R,https://products.api.bbraun.io/api/image/FB450R?countryISOCode=01
FB451R,https://products.api.bbraun.io/api/image/FB451R?countryISOCode=01
FB452R,https://products.api.bbraun.io/api/image/FB452R?countryISOCode=01
FB453R,https://products.api.bbraun.io/api/image/FB453R?countryISOCode=01
FB454R,https://products.api.bbraun.io/api/image/FB454R?countryISOCode=01
FB455R,https://products.api.bbraun.io/api/image/FB455R?countryISOCode=01
FB456R,https://products.api.bbraun.io/api/image/FB456R?countryISOCode=01
FB457R,https://products.api.bbraun.io/api/image/FB457R?countryISOCode=01
FB458R,https://products.api.bbraun.io/api/image/FB458R?countryISOCode=01
FB459R,https://products.api.bbraun.io/api/image/FB459R?countryISOCode=01
FB460R,https://products.api.bbraun.io/api/image/FB460R?countryISOCode=01
FB461R,https://products.api.bbraun.io/api/image/FB461R?countryISOCode=01
FB462R,https://products.api.bbraun.io/api/image/FB462R?countryISOCode=01
FB463R,https://products.api.bbraun.io/api/image/FB463R?countryISOCode=01
FB464R,https://products.api.bbraun.io/api/image/FB464R?countryISOCode=01
FB465R,https://products.api.bbraun.io/api/image/FB465R?countryISOCode=01
FB466R,https://products.api.bbraun.io/api/image/FB466R?countryISOCode=01
FB467R,https://products.api.bbraun.io/api/image/FB467R?countryISOCode=01
FB468R,https://products.api.bbraun.io/api/image/FB468R?countryISOCode=01
FB469R,https://products.api.bbraun.io/api/image/FB469R?countryISOCode=01
FB470R,https://products.api.bbraun.io/api/image/FB470R?countryISOCode=01
FB471R,https://products.api.bbraun.io/api/image/FB471R?countryISOCode=01
FB472R,https://products.api.bbraun.io/api/image/FB472R?countryISOCode=01
FB473R,https://products.api.bbraun.io/api/image/FB473R?countryISOCode=01
FB475R,https://products.api.bbraun.io/api/image/FB475R?countryISOCode=01
FB476R,https://products.api.bbraun.io/api/image/FB476R?countryISOCode=01
FB477R,https://products.api.bbraun.io/api/image/FB477R?countryISOCode=01
FB478R,https://products.api.bbraun.io/api/image/FB478R?countryISOCode=01
FB480R,https://products.api.bbraun.io/api/image/FB480R?countryISOCode=01
FB481R,https://products.api.bbraun.io/api/image/FB481R?countryISOCode=01
FB482R,https://products.api.bbraun.io/api/image/FB482R?countryISOCode=01
FB483R,https://products.api.bbraun.io/api/image/FB483R?countryISOCode=01
FB484R,https://products.api.bbraun.io/api/image/FB484R?countryISOCode=01
FB485R,https://products.api.bbraun.io/api/image/FB485R?countryISOCode=01
FB486R,https://products.api.bbraun.io/api/image/FB486R?countryISOCode=01
FB487R,https://products.api.bbraun.io/api/image/FB487R?countryISOCode=01
FB488R,https://products.api.bbraun.io/api/image/FB488R?countryISOCode=01
FB489R,https://products.api.bbraun.io/api/image/FB489R?countryISOCode=01
FB490R,https://products.api.bbraun.io/api/image/FB490R?countryISOCode=01
FB491R,https://products.api.bbraun.io/api/image/FB491R?countryISOCode=01
FB492R,https://products.api.bbraun.io/api/image/FB492R?countryISOCode=01
FB493R,https://products.api.bbraun.io/api/image/FB493R?countryISOCode=01
FB494R,https://products.api.bbraun.io/api/image/FB494R?countryISOCode=01
FB495R,https://products.api.bbraun.io/api/image/FB495R?countryISOCode=01
FB496R,https://products.api.bbraun.io/api/image/FB496R?countryISOCode=01
FB497R,https://products.api.bbraun.io/api/image/FB497R?countryISOCode=01
FB498R,https://products.api.bbraun.io/api/image/FB498R?countryISOCode=01
FB499R,https://products.api.bbraun.io/api/image/FB499R?countryISOCode=01
FB500R,https://products.api.bbraun.io/api/image/FB500R?countryISOCode=01
FB501R,https://products.api.bbraun.io/api/image/FB501R?countryISOCode=01
FB502R,https://products.api.bbraun.io/api/image/FB502R?countryISOCode=01
FB503R,https://products.api.bbraun.io/api/image/FB503R?countryISOCode=01
FB504R,https://products.api.bbraun.io/api/image/FB504R?countryISOCode=01
FB506R,https://products.api.bbraun.io/api/image/FB506R?countryISOCode=01
FB507R,https://products.api.bbraun.io/api/image/FB507R?countryISOCode=01
FB508R,https://products.api.bbraun.io/api/image/FB508R?countryISOCode=01
FB509R,None
FB510R,https://products.api.bbraun.io/api/image/FB510R?countryISOCode=01
FB511R,https://products.api.bbraun.io/api/image/FB511R?countryISOCode=01
FB512R,https://products.api.bbraun.io/api/image/FB512R?countryISOCode=01
FB513R,https://products.api.bbraun.io/api/image/FB513R?countryISOCode=01
FB515R,https://products.api.bbraun.io/api/image/FB515R?countryISOCode=01
FB516R,https://products.api.bbraun.io/api/image/FB516R?countryISOCode=01
FB517R,https://products.api.bbraun.io/api/image/FB517R?countryISOCode=01
FB518R,https://products.api.bbraun.io/api/image/FB518R?countryISOCode=01
FB519R,https://products.api.bbraun.io/api/image/FB519R?countryISOCode=01
FB520R,https://products.api.bbraun.io/api/image/FB520R?countryISOCode=01
FB521R,https://products.api.bbraun.io/api/image/FB521R?countryISOCode=01
FB522R,https://products.api.bbraun.io/api/image/FB522R?countryISOCode=01
FB523R,https://products.api.bbraun.io/api/image/FB523R?countryISOCode=01
FB524R,https://products.api.bbraun.io/api/image/FB524R?countryISOCode=01
FB525R,https://products.api.bbraun.io/api/image/FB525R?countryISOCode=01
FB526R,https://products.api.bbraun.io/api/image/FB526R?countryISOCode=01
FB527R,https://products.api.bbraun.io/api/image/FB527R?countryISOCode=01
FB528R,https://products.api.bbraun.io/api/image/FB528R?countryISOCode=01
FB529R,https://products.api.bbraun.io/api/image/FB529R?countryISOCode=01
FB530R,https://products.api.bbraun.io/api/image/FB530R?countryISOCode=01
FB532R,https://products.api.bbraun.io/api/image/FB532R?countryISOCode=01
FB533R,https://products.api.bbraun.io/api/image/FB533R?countryISOCode=01
FB534R,https://products.api.bbraun.io/api/image/FB534R?countryISOCode=01
FB535R,https://products.api.bbraun.io/api/image/FB535R?countryISOCode=01
FB540R,https://products.api.bbraun.io/api/image/FB540R?countryISOCode=01
FB541R,https://products.api.bbraun.io/api/image/FB541R?countryISOCode=01
FB542R,https://products.api.bbraun.io/api/image/FB542R?countryISOCode=01
FB543R,https://products.api.bbraun.io/api/image/FB543R?countryISOCode=01
FB544R,https://products.api.bbraun.io/api/image/FB544R?countryISOCode=01
FB546R,https://products.api.bbraun.io/api/image/FB546R?countryISOCode=01
FB547R,https://products.api.bbraun.io/api/image/FB547R?countryISOCode=01
FB548R,https://products.api.bbraun.io/api/image/FB548R?countryISOCode=01
FB549R,https://products.api.bbraun.io/api/image/FB549R?countryISOCode=01
FB550R,https://products.api.bbraun.io/api/image/FB550R?countryISOCode=01
FB552R,https://products.api.bbraun.io/api/image/FB552R?countryISOCode=01
FB553R,https://products.api.bbraun.io/api/image/FB553R?countryISOCode=01
FB554R,https://products.api.bbraun.io/api/image/FB554R?countryISOCode=01
FB557R,https://products.api.bbraun.io/api/image/FB557R?countryISOCode=01
FB558R,https://products.api.bbraun.io/api/image/FB558R?countryISOCode=01
FB559R,https://products.api.bbraun.io/api/image/FB559R?countryISOCode=01
FB560R,https://products.api.bbraun.io/api/image/FB560R?countryISOCode=01
FB561R,https://products.api.bbraun.io/api/image/FB561R?countryISOCode=01
FB563R,https://products.api.bbraun.io/api/image/FB563R?countryISOCode=01
FB567R,https://products.api.bbraun.io/api/image/FB567R?countryISOCode=01
FB568R,https://products.api.bbraun.io/api/image/FB568R?countryISOCode=01
FB569R,https://products.api.bbraun.io/api/image/FB569R?countryISOCode=01
FB570R,https://products.api.bbraun.io/api/image/FB570R?countryISOCode=01
FB573R,https://products.api.bbraun.io/api/image/FB573R?countryISOCode=01
FB574R,https://products.api.bbraun.io/api/image/FB574R?countryISOCode=01
FB576R,https://products.api.bbraun.io/api/image/FB576R?countryISOCode=01
FB578R,https://products.api.bbraun.io/api/image/FB578R?countryISOCode=01
FB581R,https://products.api.bbraun.io/api/image/FB581R?countryISOCode=01
FB582R,https://products.api.bbraun.io/api/image/FB582R?countryISOCode=01
FB587R,https://products.api.bbraun.io/api/image/FB587R?countryISOCode=01
FB588R,https://products.api.bbraun.io/api/image/FB588R?countryISOCode=01
FB590R,https://products.api.bbraun.io/api/image/FB590R?countryISOCode=01
FB591R,https://products.api.bbraun.io/api/image/FB591R?countryISOCode=01
FB592R,https://products.api.bbraun.io/api/image/FB592R?countryISOCode=01
FB593R,https://products.api.bbraun.io/api/image/FB593R?countryISOCode=01
FB600R,https://products.api.bbraun.io/api/image/FB600R?countryISOCode=01
FB602R,https://products.api.bbraun.io/api/image/FB602R?countryISOCode=01
FB604R,https://products.api.bbraun.io/api/image/FB604R?countryISOCode=01
FB605R,https://products.api.bbraun.io/api/image/FB605R?countryISOCode=01
FB617R,https://products.api.bbraun.io/api/image/FB617R?countryISOCode=01
FB633R,https://products.api.bbraun.io/api/image/FB633R?countryISOCode=01
FB634R,https://products.api.bbraun.io/api/image/FB634R?countryISOCode=01
FB635R,https://products.api.bbraun.io/api/image/FB635R?countryISOCode=01
FB640R,None
FB641R,None
FB644R,None
FB647R,None
FB649R,None
FB651R,None
FB653R,None
FB654R,None
FB669R,https://products.api.bbraun.io/api/image/FB669R?countryISOCode=01
FB670R,https://products.api.bbraun.io/api/image/FB670R?countryISOCode=01
FB672R,https://products.api.bbraun.io/api/image/FB672R?countryISOCode=01
FB673R,https://products.api.bbraun.io/api/image/FB673R?countryISOCode=01
FB674R,None
FB675R,None
FB700R,https://products.api.bbraun.io/api/image/FB700R?countryISOCode=01
FB701R,https://products.api.bbraun.io/api/image/FB701R?countryISOCode=01
FB702R,https://products.api.bbraun.io/api/image/FB702R?countryISOCode=01
FB703R,https://products.api.bbraun.io/api/image/FB703R?countryISOCode=01
FB704R,https://products.api.bbraun.io/api/image/FB704R?countryISOCode=01
FB705R,https://products.api.bbraun.io/api/image/FB705R?countryISOCode=01
FB706R,https://products.api.bbraun.io/api/image/FB706R?countryISOCode=01
FB707R,https://products.api.bbraun.io/api/image/FB707R?countryISOCode=01
FB708R,https://products.api.bbraun.io/api/image/FB708R?countryISOCode=01
FB710R,https://products.api.bbraun.io/api/image/FB710R?countryISOCode=01
FB711R,https://products.api.bbraun.io/api/image/FB711R?countryISOCode=01
FB712R,https://products.api.bbraun.io/api/image/FB712R?countryISOCode=01
FB713R,https://products.api.bbraun.io/api/image/FB713R?countryISOCode=01
FB714R,https://products.api.bbraun.io/api/image/FB714R?countryISOCode=01
FB715R,https://products.api.bbraun.io/api/image/FB715R?countryISOCode=01
FB717R,https://products.api.bbraun.io/api/image/FB717R?countryISOCode=01
FB718R,https://products.api.bbraun.io/api/image/FB718R?countryISOCode=01
FB719R,https://products.api.bbraun.io/api/image/FB719R?countryISOCode=01
FB721R,https://products.api.bbraun.io/api/image/FB721R?countryISOCode=01
FB722R,https://products.api.bbraun.io/api/image/FB722R?countryISOCode=01
FB723R,https://products.api.bbraun.io/api/image/FB723R?countryISOCode=01
FB724R,https://products.api.bbraun.io/api/image/FB724R?countryISOCode=01
FB725R,https://products.api.bbraun.io/api/image/FB725R?countryISOCode=01
FB726R,https://products.api.bbraun.io/api/image/FB726R?countryISOCode=01
FB727R,https://products.api.bbraun.io/api/image/FB727R?countryISOCode=01
FB729R,https://products.api.bbraun.io/api/image/FB729R?countryISOCode=01
FB730R,https://products.api.bbraun.io/api/image/FB730R?countryISOCode=01
FB731R,https://products.api.bbraun.io/api/image/FB731R?countryISOCode=01
FB732R,https://products.api.bbraun.io/api/image/FB732R?countryISOCode=01
FB734R,https://products.api.bbraun.io/api/image/FB734R?countryISOCode=01
FB735R,https://products.api.bbraun.io/api/image/FB735R?countryISOCode=01
FB736R,https://products.api.bbraun.io/api/image/FB736R?countryISOCode=01
FB737R,https://products.api.bbraun.io/api/image/FB737R?countryISOCode=01
FB738R,https://products.api.bbraun.io/api/image/FB738R?countryISOCode=01
FB741R,https://products.api.bbraun.io/api/image/FB741R?countryISOCode=01
FB742R,https://products.api.bbraun.io/api/image/FB742R?countryISOCode=01
FB743R,https://products.api.bbraun.io/api/image/FB743R?countryISOCode=01
FB754R,https://products.api.bbraun.io/api/image/FB754R?countryISOCode=01
FB755R,https://products.api.bbraun.io/api/image/FB755R?countryISOCode=01
FB756R,https://products.api.bbraun.io/api/image/FB756R?countryISOCode=01
FB764R,https://products.api.bbraun.io/api/image/FB764R?countryISOCode=01
FB765R,https://products.api.bbraun.io/api/image/FB765R?countryISOCode=01
FB766R,https://products.api.bbraun.io/api/image/FB766R?countryISOCode=01
FB767R,https://products.api.bbraun.io/api/image/FB767R?countryISOCode=01
FB773R,https://products.api.bbraun.io/api/image/FB773R?countryISOCode=01
FB775R,https://products.api.bbraun.io/api/image/FB775R?countryISOCode=01
FB776R,https://products.api.bbraun.io/api/image/FB776R?countryISOCode=01
FB777R,https://products.api.bbraun.io/api/image/FB777R?countryISOCode=01
FB778R,https://products.api.bbraun.io/api/image/FB778R?countryISOCode=01
FB779R,https://products.api.bbraun.io/api/image/FB779R?countryISOCode=01
FB780R,https://products.api.bbraun.io/api/image/FB780R?countryISOCode=01
FB784R,https://products.api.bbraun.io/api/image/FB784R?countryISOCode=01
FB785R,https://products.api.bbraun.io/api/image/FB785R?countryISOCode=01
FB786R,https://products.api.bbraun.io/api/image/FB786R?countryISOCode=01
FB795R,https://products.api.bbraun.io/api/image/FB795R?countryISOCode=01
FB800R,https://products.api.bbraun.io/api/image/FB800R?countryISOCode=01
FB802R,https://products.api.bbraun.io/api/image/FB802R?countryISOCode=01
FB803R,https://products.api.bbraun.io/api/image/FB803R?countryISOCode=01
FB804R,https://products.api.bbraun.io/api/image/FB804R?countryISOCode=01
FB805R,https://products.api.bbraun.io/api/image/FB805R?countryISOCode=01
FB808R,https://products.api.bbraun.io/api/image/FB808R?countryISOCode=01
FB809R,https://products.api.bbraun.io/api/image/FB809R?countryISOCode=01
FB810R,https://products.api.bbraun.io/api/image/FB810R?countryISOCode=01
FB811R,https://products.api.bbraun.io/api/image/FB811R?countryISOCode=01
FB812R,https://products.api.bbraun.io/api/image/FB812R?countryISOCode=01
FB813R,https://products.api.bbraun.io/api/image/FB813R?countryISOCode=01
FB814R,https://products.api.bbraun.io/api/image/FB814R?countryISOCode=01
FB815R,https://products.api.bbraun.io/api/image/FB815R?countryISOCode=01
FB816R,https://products.api.bbraun.io/api/image/FB816R?countryISOCode=01
FB817R,https://products.api.bbraun.io/api/image/FB817R?countryISOCode=01
FB818R,https://products.api.bbraun.io/api/image/FB818R?countryISOCode=01
FB819R,https://products.api.bbraun.io/api/image/FB819R?countryISOCode=01
FB830R,https://products.api.bbraun.io/api/image/FB830R?countryISOCode=01
FB835R,https://products.api.bbraun.io/api/image/FB835R?countryISOCode=01
FB836R,https://products.api.bbraun.io/api/image/FB836R?countryISOCode=01
FB840R,https://products.api.bbraun.io/api/image/FB840R?countryISOCode=01
FB841R,https://products.api.bbraun.io/api/image/FB841R?countryISOCode=01
FB842R,https://products.api.bbraun.io/api/image/FB842R?countryISOCode=01
FB844R,https://products.api.bbraun.io/api/image/FB844R?countryISOCode=01
FB846R,https://products.api.bbraun.io/api/image/FB846R?countryISOCode=01
FB850R,https://products.api.bbraun.io/api/image/FB850R?countryISOCode=01
FB851R,https://products.api.bbraun.io/api/image/FB851R?countryISOCode=01
FB852R,https://products.api.bbraun.io/api/image/FB852R?countryISOCode=01
FB854R,https://products.api.bbraun.io/api/image/FB854R?countryISOCode=01
FB856R,https://products.api.bbraun.io/api/image/FB856R?countryISOCode=01
FB860R,https://products.api.bbraun.io/api/image/FB860R?countryISOCode=01
FB861R,https://products.api.bbraun.io/api/image/FB861R?countryISOCode=01
FB862R,https://products.api.bbraun.io/api/image/FB862R?countryISOCode=01
FB870R,https://products.api.bbraun.io/api/image/FB870R?countryISOCode=01
FB873R,https://products.api.bbraun.io/api/image/FB873R?countryISOCode=01
FB878R,https://products.api.bbraun.io/api/image/FB878R?countryISOCode=01
FB881R,https://products.api.bbraun.io/api/image/FB881R?countryISOCode=01
FB882R,https://products.api.bbraun.io/api/image/FB882R?countryISOCode=01
FB890R,https://products.api.bbraun.io/api/image/FB890R?countryISOCode=01
FB892R,https://products.api.bbraun.io/api/image/FB892R?countryISOCode=01
FB918R,https://products.api.bbraun.io/api/image/FB918R?countryISOCode=01
FB930R,https://products.api.bbraun.io/api/image/FB930R?countryISOCode=01
FB934R,https://products.api.bbraun.io/api/image/FB934R?countryISOCode=01
FB936R,https://products.api.bbraun.io/api/image/FB936R?countryISOCode=01
FB938R,https://products.api.bbraun.io/api/image/FB938R?countryISOCode=01
FB940R,https://products.api.bbraun.io/api/image/FB940R?countryISOCode=01
FB950R,https://products.api.bbraun.io/api/image/FB950R?countryISOCode=01
FB954R,https://products.api.bbraun.io/api/image/FB954R?countryISOCode=01
FB955R,https://products.api.bbraun.io/api/image/FB955R?countryISOCode=01
FB956R,https://products.api.bbraun.io/api/image/FB956R?countryISOCode=01
FB957R,https://products.api.bbraun.io/api/image/FB957R?countryISOCode=01
FB958R,https://products.api.bbraun.io/api/image/FB958R?countryISOCode=01
FB961R,https://products.api.bbraun.io/api/image/FB961R?countryISOCode=01
FB971R,https://products.api.bbraun.io/api/image/FB971R?countryISOCode=01
FB972R,https://products.api.bbraun.io/api/image/FB972R?countryISOCode=01
FB973R,https://products.api.bbraun.io/api/image/FB973R?countryISOCode=01
FB974R,https://products.api.bbraun.io/api/image/FB974R?countryISOCode=01
FB975R,https://products.api.bbraun.io/api/image/FB975R?countryISOCode=01
FB976R,https://products.api.bbraun.io/api/image/FB976R?countryISOCode=01
FC004R,https://products.api.bbraun.io/api/image/FC004R?countryISOCode=01
FC005R,https://products.api.bbraun.io/api/image/FC005R?countryISOCode=01
FC014R,https://products.api.bbraun.io/api/image/FC014R?countryISOCode=01
FC015R,https://products.api.bbraun.io/api/image/FC015R?countryISOCode=01
FC025R,https://products.api.bbraun.io/api/image/FC025R?countryISOCode=01
FC030,https://products.api.bbraun.io/api/image/FC030?countryISOCode=01
FC034R,https://products.api.bbraun.io/api/image/FC034R?countryISOCode=01
FC035R,https://products.api.bbraun.io/api/image/FC035R?countryISOCode=01
FC040A,https://products.api.bbraun.io/api/image/FC040A?countryISOCode=01
FC041A,https://products.api.bbraun.io/api/image/FC041A?countryISOCode=01
FC042A,https://products.api.bbraun.io/api/image/FC042A?countryISOCode=01
FC043A,https://products.api.bbraun.io/api/image/FC043A?countryISOCode=01
FC044A,https://products.api.bbraun.io/api/image/FC044A?countryISOCode=01
FC060R,None
FC061R,https://products.api.bbraun.io/api/image/FC061R?countryISOCode=01
FC062R,https://products.api.bbraun.io/api/image/FC062R?countryISOCode=01
FC063R,https://products.api.bbraun.io/api/image/FC063R?countryISOCode=01
FC064R,https://products.api.bbraun.io/api/image/FC064R?countryISOCode=01
FC120R,https://products.api.bbraun.io/api/image/FC120R?countryISOCode=01
FC121R,https://products.api.bbraun.io/api/image/FC121R?countryISOCode=01
FC122R,https://products.api.bbraun.io/api/image/FC122R?countryISOCode=01
FC123R,https://products.api.bbraun.io/api/image/FC123R?countryISOCode=01
FC124R,https://products.api.bbraun.io/api/image/FC124R?countryISOCode=01
FC125R,https://products.api.bbraun.io/api/image/FC125R?countryISOCode=01
FC126R,https://products.api.bbraun.io/api/image/FC126R?countryISOCode=01
FC127R,https://products.api.bbraun.io/api/image/FC127R?countryISOCode=01
FC131R,https://products.api.bbraun.io/api/image/FC131R?countryISOCode=01
FC132R,https://products.api.bbraun.io/api/image/FC132R?countryISOCode=01
FC133R,https://products.api.bbraun.io/api/image/FC133R?countryISOCode=01
FC134R,https://products.api.bbraun.io/api/image/FC134R?countryISOCode=01
FC137R,https://products.api.bbraun.io/api/image/FC137R?countryISOCode=01
FC138R,https://products.api.bbraun.io/api/image/FC138R?countryISOCode=01
FC140R,None
FC141R,https://products.api.bbraun.io/api/image/FC141R?countryISOCode=01
FC142R,https://products.api.bbraun.io/api/image/FC142R?countryISOCode=01
FC143R,https://products.api.bbraun.io/api/image/FC143R?countryISOCode=01
FC145R,https://products.api.bbraun.io/api/image/FC145R?countryISOCode=01
FC146R,https://products.api.bbraun.io/api/image/FC146R?countryISOCode=01
FC147R,https://products.api.bbraun.io/api/image/FC147R?countryISOCode=01
FC148R,https://products.api.bbraun.io/api/image/FC148R?countryISOCode=01
FC149R,https://products.api.bbraun.io/api/image/FC149R?countryISOCode=01
FC171R,None
FC174R,None
FC175R,None
FC177R,None
FC178R,None
FC179R,None
FC181R,None
FC184R,None
FC185R,None
FC187R,None
FC188R,None
FC191R,None
FC194R,None
FC195R,None
FC196R,None
FC197R,None
FC198R,None
FC199R,None
FC204R,None
FC205R,None
FC206R,None
FC207R,None
FC208R,None
FC209R,None
FC214R,None
FC215R,None
FC216R,None
FC217R,None
FC218R,None
FC219R,None
FC230R,None
FC231R,None
FC265R,https://products.api.bbraun.io/api/image/FC265R?countryISOCode=01
FC266R,https://products.api.bbraun.io/api/image/FC266R?countryISOCode=01
FC267R,https://products.api.bbraun.io/api/image/FC267R?countryISOCode=01
FC268R,https://products.api.bbraun.io/api/image/FC268R?countryISOCode=01
FC269R,https://products.api.bbraun.io/api/image/FC269R?countryISOCode=01
FC271R,None
FC275R,https://products.api.bbraun.io/api/image/FC275R?countryISOCode=01
FC276R,https://products.api.bbraun.io/api/image/FC276R?countryISOCode=01
FC277R,https://products.api.bbraun.io/api/image/FC277R?countryISOCode=01
FC278R,https://products.api.bbraun.io/api/image/FC278R?countryISOCode=01
FC279R,https://products.api.bbraun.io/api/image/FC279R?countryISOCode=01
FC285R,https://products.api.bbraun.io/api/image/FC285R?countryISOCode=01
FC286R,https://products.api.bbraun.io/api/image/FC286R?countryISOCode=01
FC288R,https://products.api.bbraun.io/api/image/FC288R?countryISOCode=01
FC289R,https://products.api.bbraun.io/api/image/FC289R?countryISOCode=01
FC290R,https://products.api.bbraun.io/api/image/FC290R?countryISOCode=01
FC291R,None
FC292R,https://products.api.bbraun.io/api/image/FC292R?countryISOCode=01
FC295R,https://products.api.bbraun.io/api/image/FC295R?countryISOCode=01
FC296R,https://products.api.bbraun.io/api/image/FC296R?countryISOCode=01
FC297R,https://products.api.bbraun.io/api/image/FC297R?countryISOCode=01
FC298R,https://products.api.bbraun.io/api/image/FC298R?countryISOCode=01
FC300R,https://products.api.bbraun.io/api/image/FC300R?countryISOCode=01
FC301R,https://products.api.bbraun.io/api/image/FC301R?countryISOCode=01
FC302R,https://products.api.bbraun.io/api/image/FC302R?countryISOCode=01
FC303R,https://products.api.bbraun.io/api/image/FC303R?countryISOCode=01
FC304R,https://products.api.bbraun.io/api/image/FC304R?countryISOCode=01
FC310R,https://products.api.bbraun.io/api/image/FC310R?countryISOCode=01
FC311R,https://products.api.bbraun.io/api/image/FC311R?countryISOCode=01
FC312R,https://products.api.bbraun.io/api/image/FC312R?countryISOCode=01
FC313R,https://products.api.bbraun.io/api/image/FC313R?countryISOCode=01
FC314R,https://products.api.bbraun.io/api/image/FC314R?countryISOCode=01
FC326T,https://products.api.bbraun.io/api/image/FC326T?countryISOCode=01
FC327T,https://products.api.bbraun.io/api/image/FC327T?countryISOCode=01
FC328T,https://products.api.bbraun.io/api/image/FC328T?countryISOCode=01
FC334T,https://products.api.bbraun.io/api/image/FC334T?countryISOCode=01
FC335T,https://products.api.bbraun.io/api/image/FC335T?countryISOCode=01
FC336T,https://products.api.bbraun.io/api/image/FC336T?countryISOCode=01
FC339T,https://products.api.bbraun.io/api/image/FC303R?countryISOCode=01
FC340T,None
FC341T,None
FC342T,None
FC343T,None
FC350R,https://products.api.bbraun.io/api/image/FC350R?countryISOCode=01
FC351R,https://products.api.bbraun.io/api/image/FC351R?countryISOCode=01
FC352R,https://products.api.bbraun.io/api/image/FC352R?countryISOCode=01
FC356R,https://products.api.bbraun.io/api/image/FC356R?countryISOCode=01
FC358R,https://products.api.bbraun.io/api/image/FC358R?countryISOCode=01
FC360R,None
FC370R,https://products.api.bbraun.io/api/image/FC370R?countryISOCode=01
FC371R,https://products.api.bbraun.io/api/image/FC371R?countryISOCode=01
FC372R,https://products.api.bbraun.io/api/image/FC372R?countryISOCode=01
FC373R,https://products.api.bbraun.io/api/image/FC373R?countryISOCode=01
FC374R,https://products.api.bbraun.io/api/image/FC374R?countryISOCode=01
FC375R,None
FC378R,https://products.api.bbraun.io/api/image/FC378R?countryISOCode=01
FC379R,https://products.api.bbraun.io/api/image/FC379R?countryISOCode=01
FC380R,https://products.api.bbraun.io/api/image/FC380R?countryISOCode=01
FC381R,https://products.api.bbraun.io/api/image/FC381R?countryISOCode=01
FC382R,https://products.api.bbraun.io/api/image/FC382R?countryISOCode=01
FC385R,https://products.api.bbraun.io/api/image/FC385R?countryISOCode=01
FC386R,https://products.api.bbraun.io/api/image/FC386R?countryISOCode=01
FC388R,https://products.api.bbraun.io/api/image/FC388R?countryISOCode=01
FC389R,https://products.api.bbraun.io/api/image/FC389R?countryISOCode=01
FC390R,https://products.api.bbraun.io/api/image/FC390R?countryISOCode=01
FC391R,None
FC392R,https://products.api.bbraun.io/api/image/FC392R?countryISOCode=01
FC411R,https://products.api.bbraun.io/api/image/FC411R?countryISOCode=01
FC412R,https://products.api.bbraun.io/api/image/FC412R?countryISOCode=01
FC413R,https://products.api.bbraun.io/api/image/FC413R?countryISOCode=01
FC418R,https://products.api.bbraun.io/api/image/FC418R?countryISOCode=01
FC420R,None
FC470R,https://products.api.bbraun.io/api/image/FC470R?countryISOCode=01
FC471R,https://products.api.bbraun.io/api/image/FC471R?countryISOCode=01
FC472R,https://products.api.bbraun.io/api/image/FC472R?countryISOCode=01
FC473R,https://products.api.bbraun.io/api/image/FC473R?countryISOCode=01
FC474R,https://products.api.bbraun.io/api/image/FC474R?countryISOCode=01
FC475R,None
FC478R,https://products.api.bbraun.io/api/image/FC478R?countryISOCode=01
FC479R,https://products.api.bbraun.io/api/image/FC479R?countryISOCode=01
FC480R,https://products.api.bbraun.io/api/image/FC480R?countryISOCode=01
FC481R,https://products.api.bbraun.io/api/image/FC481R?countryISOCode=01
FC482R,https://products.api.bbraun.io/api/image/FC482R?countryISOCode=01
FC485R,https://products.api.bbraun.io/api/image/FC485R?countryISOCode=01
FC486R,None
FC488R,https://products.api.bbraun.io/api/image/FC488R?countryISOCode=01
FC489R,https://products.api.bbraun.io/api/image/FC489R?countryISOCode=01
FC490R,https://products.api.bbraun.io/api/image/FC490R?countryISOCode=01
FC491R,None
FC492R,https://products.api.bbraun.io/api/image/FC492R?countryISOCode=01
FC500R,None
FC501R,None
FC502R,None
FC503R,None
FC504R,None
FC505R,None
FC507R,None
FC510R,None
FC511R,None
FC512R,None
FC810R,None
FC811R,None
FC812R,None
FC813R,None
FC814R,None
FC815R,None
FC816R,None
FC820R,None
FC824R,None
FC825R,None
FC826R,None
FC827R,None
FC828R,None
FC834W,None
FC835W,None
FC844R,None
FC845R,None
FC846R,None
FC852R,None
FC858R,None
FC860R,None
FC861R,None
FC862R,None
FC863R,None
FC865R,None
FC866R,None
FC870R,None
FC874R,None
FC875R,None
FC876R,None
FC877R,None
FC878R,None
FC884W,None
FC885W,None
FC894R,None
FC895R,None
FC896R,None
FD011R,https://products.api.bbraun.io/api/image/FD011R?countryISOCode=01
FD012R,https://products.api.bbraun.io/api/image/FD012R?countryISOCode=01
FD013R,https://products.api.bbraun.io/api/image/FD013R?countryISOCode=01
FD014R,https://products.api.bbraun.io/api/image/FD014R?countryISOCode=01
FD015R,https://products.api.bbraun.io/api/image/FD015R?countryISOCode=01
FD016R,https://products.api.bbraun.io/api/image/FD016R?countryISOCode=01
FD017R,https://products.api.bbraun.io/api/image/FD017R?countryISOCode=01
FD018R,https://products.api.bbraun.io/api/image/FD018R?countryISOCode=01
FD019R,https://products.api.bbraun.io/api/image/FD019R?countryISOCode=01
FD020R,https://products.api.bbraun.io/api/image/FD020R?countryISOCode=01
FD021R,https://products.api.bbraun.io/api/image/FD021R?countryISOCode=01
FD022R,https://products.api.bbraun.io/api/image/FD022R?countryISOCode=01
FD023R,https://products.api.bbraun.io/api/image/FD023R?countryISOCode=01
FD028R,https://products.api.bbraun.io/api/image/FD028R?countryISOCode=01
FD030R,https://products.api.bbraun.io/api/image/FD030R?countryISOCode=01
FD031R,https://products.api.bbraun.io/api/image/FD031R?countryISOCode=01
FD032R,https://products.api.bbraun.io/api/image/FD032R?countryISOCode=01
FD033R,https://products.api.bbraun.io/api/image/FD033R?countryISOCode=01
FD034R,https://products.api.bbraun.io/api/image/FD034R?countryISOCode=01
FD035R,https://products.api.bbraun.io/api/image/FD035R?countryISOCode=01
FD036R,https://products.api.bbraun.io/api/image/FD036R?countryISOCode=01
FD037R,https://products.api.bbraun.io/api/image/FD037R?countryISOCode=01
FD038R,https://products.api.bbraun.io/api/image/FD038R?countryISOCode=01
FD039R,https://products.api.bbraun.io/api/image/FD039R?countryISOCode=01
FD040R,https://products.api.bbraun.io/api/image/FD040R?countryISOCode=01
FD043R,https://products.api.bbraun.io/api/image/FD043R?countryISOCode=01
FD044R,https://products.api.bbraun.io/api/image/FD044R?countryISOCode=01
FD045R,https://products.api.bbraun.io/api/image/FD045R?countryISOCode=01
FD046R,https://products.api.bbraun.io/api/image/FD046R?countryISOCode=01
FD048R,https://products.api.bbraun.io/api/image/FD048R?countryISOCode=01
FD056R,https://products.api.bbraun.io/api/image/FD056R?countryISOCode=01
FD057R,https://products.api.bbraun.io/api/image/FD057R?countryISOCode=01
FD059R,https://products.api.bbraun.io/api/image/FD059R?countryISOCode=01
FD060R,https://products.api.bbraun.io/api/image/FD060R?countryISOCode=01
FD061R,https://products.api.bbraun.io/api/image/FD061R?countryISOCode=01
FD062R,https://products.api.bbraun.io/api/image/FD062R?countryISOCode=01
FD075R,https://products.api.bbraun.io/api/image/FD075R?countryISOCode=01
FD076R,https://products.api.bbraun.io/api/image/FD076R?countryISOCode=01
FD079R,https://products.api.bbraun.io/api/image/FD079R?countryISOCode=01
FD080R,https://products.api.bbraun.io/api/image/FD080R?countryISOCode=01
FD081R,https://products.api.bbraun.io/api/image/FD081R?countryISOCode=01
FD092R,https://products.api.bbraun.io/api/image/FD092R?countryISOCode=01
FD093R,https://products.api.bbraun.io/api/image/FD093R?countryISOCode=01
FD096R,https://products.api.bbraun.io/api/image/FD096R?countryISOCode=01
FD097R,https://products.api.bbraun.io/api/image/FD097R?countryISOCode=01
FD100R,https://products.api.bbraun.io/api/image/FD100R?countryISOCode=01
FD101R,https://products.api.bbraun.io/api/image/FD101R?countryISOCode=01
FD103R,https://products.api.bbraun.io/api/image/FD103R?countryISOCode=01
FD105R,https://products.api.bbraun.io/api/image/FD105R?countryISOCode=01
FD106R,https://products.api.bbraun.io/api/image/FD106R?countryISOCode=01
FD107R,https://products.api.bbraun.io/api/image/FD107R?countryISOCode=01
FD108R,https://products.api.bbraun.io/api/image/FD108R?countryISOCode=01
FD110R,https://products.api.bbraun.io/api/image/FD110R?countryISOCode=01
FD111R,https://products.api.bbraun.io/api/image/FD111R?countryISOCode=01
FD113D,https://products.api.bbraun.io/api/image/FD113D?countryISOCode=01
FD114D,https://products.api.bbraun.io/api/image/FD114D?countryISOCode=01
FD115D,https://products.api.bbraun.io/api/image/FD115D?countryISOCode=01
FD116D,https://products.api.bbraun.io/api/image/FD116D?countryISOCode=01
FD120R,https://products.api.bbraun.io/api/image/FD120R?countryISOCode=01
FD190R,None
FD195R,None
FD200R,https://products.api.bbraun.io/api/image/FD200R?countryISOCode=01
FD202R,https://products.api.bbraun.io/api/image/FD202R?countryISOCode=01
FD204R,https://products.api.bbraun.io/api/image/FD204R?countryISOCode=01
FD210R,https://products.api.bbraun.io/api/image/FD210R?countryISOCode=01
FD212R,https://products.api.bbraun.io/api/image/FD212R?countryISOCode=01
FD214R,https://products.api.bbraun.io/api/image/FD214R?countryISOCode=01
FD215R,https://products.api.bbraun.io/api/image/FD215R?countryISOCode=01
FD216R,https://products.api.bbraun.io/api/image/FD216R?countryISOCode=01
FD217R,https://products.api.bbraun.io/api/image/FD217R?countryISOCode=01
FD218R,https://products.api.bbraun.io/api/image/FD218R?countryISOCode=01
FD219R,None
FD220R,None
FD222R,https://products.api.bbraun.io/api/image/FD222R?countryISOCode=01
FD223R,https://products.api.bbraun.io/api/image/FD223R?countryISOCode=01
FD224R,https://products.api.bbraun.io/api/image/FD224R?countryISOCode=01
FD226R,None
FD228R,https://products.api.bbraun.io/api/image/FD228R?countryISOCode=01
FD229R,https://products.api.bbraun.io/api/image/FD229R?countryISOCode=01
FD230R,https://products.api.bbraun.io/api/image/FD230R?countryISOCode=01
FD231R,https://products.api.bbraun.io/api/image/FD231R?countryISOCode=01
FD232R,https://products.api.bbraun.io/api/image/FD232R?countryISOCode=01
FD233R,https://products.api.bbraun.io/api/image/FD233R?countryISOCode=01
FD240R,https://products.api.bbraun.io/api/image/FD240R?countryISOCode=01
FD241R,https://products.api.bbraun.io/api/image/FD241R?countryISOCode=01
FD242R,https://products.api.bbraun.io/api/image/FD242R?countryISOCode=01
FD243R,https://products.api.bbraun.io/api/image/FD243R?countryISOCode=01
FD244R,https://products.api.bbraun.io/api/image/FD244R?countryISOCode=01
FD245R,https://products.api.bbraun.io/api/image/FD245R?countryISOCode=01
FD246R,https://products.api.bbraun.io/api/image/FD246R?countryISOCode=01
FD247R,https://products.api.bbraun.io/api/image/FD247R?countryISOCode=01
FD251R,https://products.api.bbraun.io/api/image/FD251R?countryISOCode=01
FD252R,https://products.api.bbraun.io/api/image/FD252R?countryISOCode=01
FD253R,https://products.api.bbraun.io/api/image/FD253R?countryISOCode=01
FD255R,https://products.api.bbraun.io/api/image/FD255R?countryISOCode=01
FD256R,https://products.api.bbraun.io/api/image/FD256R?countryISOCode=01
FD258R,https://products.api.bbraun.io/api/image/FD258R?countryISOCode=01
FD259R,https://products.api.bbraun.io/api/image/FD259R?countryISOCode=01
FD270R,https://products.api.bbraun.io/api/image/FD270R?countryISOCode=01
FD271R,https://products.api.bbraun.io/api/image/FD271R?countryISOCode=01
FD272R,None
FD273R,https://products.api.bbraun.io/api/image/FD273R?countryISOCode=01
FD280R,https://products.api.bbraun.io/api/image/FD280R?countryISOCode=01
FD281R,https://products.api.bbraun.io/api/image/FD281R?countryISOCode=01
FD284R,https://products.api.bbraun.io/api/image/FD284R?countryISOCode=01
FD285R,https://products.api.bbraun.io/api/image/FD285R?countryISOCode=01
FD286R,https://products.api.bbraun.io/api/image/FD286R?countryISOCode=01
FD287R,https://products.api.bbraun.io/api/image/FD287R?countryISOCode=01
FD298R,https://products.api.bbraun.io/api/image/FD298R?countryISOCode=01
FD301R,https://products.api.bbraun.io/api/image/FD301R?countryISOCode=01
FD302R,https://products.api.bbraun.io/api/image/FD302R?countryISOCode=01
FD303R,https://products.api.bbraun.io/api/image/FD303R?countryISOCode=01
FD304R,https://products.api.bbraun.io/api/image/FD304R?countryISOCode=01
FD305R,https://products.api.bbraun.io/api/image/FD305R?countryISOCode=01
FD306R,https://products.api.bbraun.io/api/image/FD306R?countryISOCode=01
FD307R,https://products.api.bbraun.io/api/image/FD307R?countryISOCode=01
FD308R,https://products.api.bbraun.io/api/image/FD308R?countryISOCode=01
FD310R,https://products.api.bbraun.io/api/image/FD310R?countryISOCode=01
FD311R,https://products.api.bbraun.io/api/image/FD311R?countryISOCode=01
FD312R,https://products.api.bbraun.io/api/image/FD312R?countryISOCode=01
FD320R,https://products.api.bbraun.io/api/image/FD320R?countryISOCode=01
FD321R,None
FD322R,None
FD330R,None
FD331R,None
FD332R,https://products.api.bbraun.io/api/image/FD332R?countryISOCode=01
FD333R,None
FD334R,https://products.api.bbraun.io/api/image/FD334R?countryISOCode=01
FD335R,https://products.api.bbraun.io/api/image/FD335R?countryISOCode=01
FD336R,https://products.api.bbraun.io/api/image/FD336R?countryISOCode=01
FD337R,https://products.api.bbraun.io/api/image/FD337R?countryISOCode=01
FD338R,https://products.api.bbraun.io/api/image/FD338R?countryISOCode=01
FD343R,https://products.api.bbraun.io/api/image/FD343R?countryISOCode=01
FD344R,https://products.api.bbraun.io/api/image/FD344R?countryISOCode=01
FD346R,None
FD347R,https://products.api.bbraun.io/api/image/FD347R?countryISOCode=01
FD350R,https://products.api.bbraun.io/api/image/FD350R?countryISOCode=01
FD351R,https://products.api.bbraun.io/api/image/FD351R?countryISOCode=01
FD352R,https://products.api.bbraun.io/api/image/FD352R?countryISOCode=01
FD353R,https://products.api.bbraun.io/api/image/FD353R?countryISOCode=01
FD354R,https://products.api.bbraun.io/api/image/FD354R?countryISOCode=01
FD361R,None
FD362R,None
FD365R,https://products.api.bbraun.io/api/image/FD365R?countryISOCode=01
FD366R,https://products.api.bbraun.io/api/image/FD366R?countryISOCode=01
FD375R,https://products.api.bbraun.io/api/image/FD375R?countryISOCode=01
FD376R,https://products.api.bbraun.io/api/image/FD376R?countryISOCode=01
FD392R,https://products.api.bbraun.io/api/image/FD392R?countryISOCode=01
FD394R,https://products.api.bbraun.io/api/image/FD394R?countryISOCode=01
FD395R,https://products.api.bbraun.io/api/image/FD395R?countryISOCode=01
FD396R,https://products.api.bbraun.io/api/image/FD396R?countryISOCode=01
FD397R,https://products.api.bbraun.io/api/image/FD397R?countryISOCode=01
FD398R,https://products.api.bbraun.io/api/image/FD398R?countryISOCode=01
FD399R,https://products.api.bbraun.io/api/image/FD399R?countryISOCode=01
FD410R,https://products.api.bbraun.io/api/image/FD410R?countryISOCode=01
FD411R,https://products.api.bbraun.io/api/image/FD411R?countryISOCode=01
FD412R,https://products.api.bbraun.io/api/image/FD412R?countryISOCode=01
FD413R,https://products.api.bbraun.io/api/image/FD413R?countryISOCode=01
FD414R,https://products.api.bbraun.io/api/image/FD414R?countryISOCode=01
FD415R,https://products.api.bbraun.io/api/image/FD415R?countryISOCode=01
FD416R,https://products.api.bbraun.io/api/image/FD416R?countryISOCode=01
FD418R,https://products.api.bbraun.io/api/image/FD418R?countryISOCode=01
FD429R,None
FD430R,None
FD432R,None
FD552R,https://products.api.bbraun.io/api/image/FD552R?countryISOCode=01
FD554R,https://products.api.bbraun.io/api/image/FD554R?countryISOCode=01
FD556R,https://products.api.bbraun.io/api/image/FD556R?countryISOCode=01
FD558R,https://products.api.bbraun.io/api/image/FD558R?countryISOCode=01
FD560R,https://products.api.bbraun.io/api/image/FD560R?countryISOCode=01
FD561R,https://products.api.bbraun.io/api/image/FD561R?countryISOCode=01
FD562R,https://products.api.bbraun.io/api/image/FD562R?countryISOCode=01
FD568R,https://products.api.bbraun.io/api/image/FD568R?countryISOCode=01
FD569R,https://products.api.bbraun.io/api/image/FD569R?countryISOCode=01
FD571R,https://products.api.bbraun.io/api/image/FD571R?countryISOCode=01
FD572R,https://products.api.bbraun.io/api/image/FD572R?countryISOCode=01
FD575R,https://products.api.bbraun.io/api/image/FD575R?countryISOCode=01
FD576R,https://products.api.bbraun.io/api/image/FD576R?countryISOCode=01
FD578R,https://products.api.bbraun.io/api/image/FD578R?countryISOCode=01
FD611R,https://products.api.bbraun.io/api/image/FD611R?countryISOCode=01
FD612R,https://products.api.bbraun.io/api/image/FD612R?countryISOCode=01
FD613R,https://products.api.bbraun.io/api/image/FD613R?countryISOCode=01
FD614R,https://products.api.bbraun.io/api/image/FD614R?countryISOCode=01
FD615R,https://products.api.bbraun.io/api/image/FD615R?countryISOCode=01
FD628R,https://products.api.bbraun.io/api/image/FD628R?countryISOCode=01
FD635R,https://products.api.bbraun.io/api/image/FD635R?countryISOCode=01
FD636R,https://products.api.bbraun.io/api/image/FD636R?countryISOCode=01
FD861R,https://products.api.bbraun.io/api/image/FD861R?countryISOCode=01
FD864R,https://products.api.bbraun.io/api/image/FD864R?countryISOCode=01
FD866R,https://products.api.bbraun.io/api/image/FD866R?countryISOCode=01
FD868R,None
FD870R,https://products.api.bbraun.io/api/image/FD870R?countryISOCode=01
FD871R,https://products.api.bbraun.io/api/image/FD871R?countryISOCode=01
FD872R,https://products.api.bbraun.io/api/image/FD872R?countryISOCode=01
FD873R,https://products.api.bbraun.io/api/image/FD873R?countryISOCode=01
FD874R,https://products.api.bbraun.io/api/image/FD874R?countryISOCode=01
FD875R,https://products.api.bbraun.io/api/image/FD875R?countryISOCode=01
FD876R,https://products.api.bbraun.io/api/image/FD876R?countryISOCode=01
FD877R,https://products.api.bbraun.io/api/image/FD877R?countryISOCode=01
FD878R,https://products.api.bbraun.io/api/image/FD878R?countryISOCode=01
FD879R,https://products.api.bbraun.io/api/image/FD879R?countryISOCode=01
FD880R,https://products.api.bbraun.io/api/image/FD880R?countryISOCode=01
FD881R,https://products.api.bbraun.io/api/image/FD881R?countryISOCode=01
FD882R,https://products.api.bbraun.io/api/image/FD882R?countryISOCode=01
FD883R,https://products.api.bbraun.io/api/image/FD883R?countryISOCode=01
FD884R,https://products.api.bbraun.io/api/image/FD884R?countryISOCode=01
FD885R,https://products.api.bbraun.io/api/image/FD885R?countryISOCode=01
FD886R,https://products.api.bbraun.io/api/image/FD886R?countryISOCode=01
FD887R,https://products.api.bbraun.io/api/image/FD887R?countryISOCode=01
FD888R,https://products.api.bbraun.io/api/image/FD888R?countryISOCode=01
FD889R,https://products.api.bbraun.io/api/image/FD889R?countryISOCode=01
FD890R,https://products.api.bbraun.io/api/image/FD890R?countryISOCode=01
FD894R,https://products.api.bbraun.io/api/image/FD894R?countryISOCode=01
FD895R,https://products.api.bbraun.io/api/image/FD895R?countryISOCode=01
FD896R,https://products.api.bbraun.io/api/image/FD896R?countryISOCode=01
FD897R,https://products.api.bbraun.io/api/image/FD897R?countryISOCode=01
FE001S,None
FE005K,https://products.api.bbraun.io/api/image/FE005K?countryISOCode=01
FE010K,https://products.api.bbraun.io/api/image/FE010K?countryISOCode=01
FE011K,https://products.api.bbraun.io/api/image/FE011K?countryISOCode=01
FE012K,https://products.api.bbraun.io/api/image/FE012K?countryISOCode=01
FE013K,https://products.api.bbraun.io/api/image/FE013K?countryISOCode=01
FE014K,https://products.api.bbraun.io/api/image/FE014K?countryISOCode=01
FE020K,https://products.api.bbraun.io/api/image/FE020K?countryISOCode=01
FE021K,https://products.api.bbraun.io/api/image/FE021K?countryISOCode=01
FE022K,https://products.api.bbraun.io/api/image/FE022K?countryISOCode=01
FE023K,https://products.api.bbraun.io/api/image/FE023K?countryISOCode=01
FE024K,https://products.api.bbraun.io/api/image/FE024K?countryISOCode=01
FE030S,https://products.api.bbraun.io/api/image/FE030S?countryISOCode=01
FE031S,https://products.api.bbraun.io/api/image/FE031S?countryISOCode=01
FE032S,https://products.api.bbraun.io/api/image/FE032S?countryISOCode=01
FE033S,None
FE034S,https://products.api.bbraun.io/api/image/FE034S?countryISOCode=01
FE040S,https://products.api.bbraun.io/api/image/FE040S?countryISOCode=01
FE041S,https://products.api.bbraun.io/api/image/FE041S?countryISOCode=01
FE042S,https://products.api.bbraun.io/api/image/FE042S?countryISOCode=01
FE043S,None
FE044S,https://products.api.bbraun.io/api/image/FE044S?countryISOCode=01
FF003R,https://products.api.bbraun.io/api/image/FF003R?countryISOCode=01
FF005R,https://products.api.bbraun.io/api/image/FF005R?countryISOCode=01
FF007P,https://products.api.bbraun.io/api/image/FF007P?countryISOCode=01
FF010R,None
FF011R,None
FF012R,https://products.api.bbraun.io/api/image/FF012R?countryISOCode=01
FF013P,https://products.api.bbraun.io/api/image/FF013P?countryISOCode=01
FF014R,https://products.api.bbraun.io/api/image/FF014R?countryISOCode=01
FF015P,https://products.api.bbraun.io/api/image/FF015P?countryISOCode=01
FF020R,https://products.api.bbraun.io/api/image/FF020R?countryISOCode=01
FF022R,https://products.api.bbraun.io/api/image/FF022R?countryISOCode=01
FF025R,None
FF026R,None
FF027R,None
FF028R,None
FF029R,None
FF037R,None
FF038R,None
FF039R,None
FF050R,None
FF055R,None
FF056R,None
FF057R,None
FF061R,None
FF062R,None
FF063R,None
FF064R,None
FF065R,None
FF066R,None
FF067R,None
FF068R,None
FF077R,None
FF078R,None
FF079R,None
FF080R,None
FF113R,None
FF115R,None
FF116R,None
FF117R,None
FF118R,None
FF119R,None
FF124R,https://products.api.bbraun.io/api/image/FF124R?countryISOCode=01
FF125R,https://products.api.bbraun.io/api/image/FF125R?countryISOCode=01
FF126R,https://products.api.bbraun.io/api/image/FF126R?countryISOCode=01
FF130R,https://products.api.bbraun.io/api/image/FF130R?countryISOCode=01
FF148R,None
FF149R,None
FF150R,https://products.api.bbraun.io/api/image/FF151R?countryISOCode=01
FF151R,https://products.api.bbraun.io/api/image/FF151R?countryISOCode=01
FF152R,None
FF153R,None
FF154R,None
FF155R,None
FF156R,None
FF161R,None
FF163R,None
FF165R,None
FF180R,None
FF185R,None
FF187R,None
FF190R,None
FF191R,None
FF193R,None
FF201R,https://products.api.bbraun.io/api/image/FF201R?countryISOCode=01
FF202R,https://products.api.bbraun.io/api/image/FF202R?countryISOCode=01
FF211R,https://products.api.bbraun.io/api/image/FF211R?countryISOCode=01
FF212R,https://products.api.bbraun.io/api/image/FF212R?countryISOCode=01
FF213R,https://products.api.bbraun.io/api/image/FF213R?countryISOCode=01
FF214R,https://products.api.bbraun.io/api/image/FF214R?countryISOCode=01
FF216R,https://products.api.bbraun.io/api/image/FF216R?countryISOCode=01
FF217R,https://products.api.bbraun.io/api/image/FF217R?countryISOCode=01
FF218R,None
FF219R,None
FF222R,https://products.api.bbraun.io/api/image/FF222R?countryISOCode=01
FF231R,https://products.api.bbraun.io/api/image/FF231R?countryISOCode=01
FF232R,https://products.api.bbraun.io/api/image/FF232R?countryISOCode=01
FF233R,https://products.api.bbraun.io/api/image/FF233R?countryISOCode=01
FF256R,https://products.api.bbraun.io/api/image/FF256R?countryISOCode=01
FF257R,https://products.api.bbraun.io/api/image/FF257R?countryISOCode=01
FF258R,https://products.api.bbraun.io/api/image/FF258R?countryISOCode=01
FF259R,https://products.api.bbraun.io/api/image/FF259R?countryISOCode=01
FF260R,None
FF262R,None
FF266R,https://products.api.bbraun.io/api/image/FF266R?countryISOCode=01
FF267R,None
FF268R,https://products.api.bbraun.io/api/image/FF268R?countryISOCode=01
FF270R,https://products.api.bbraun.io/api/image/FF270R?countryISOCode=01
FF273R,https://products.api.bbraun.io/api/image/FF273R?countryISOCode=01
FF274R,https://products.api.bbraun.io/api/image/FF274R?countryISOCode=01
FF275R,https://products.api.bbraun.io/api/image/FF275R?countryISOCode=01
FF280R,https://products.api.bbraun.io/api/image/FF280R?countryISOCode=01
FF282R,https://products.api.bbraun.io/api/image/FF282R?countryISOCode=01
FF283R,https://products.api.bbraun.io/api/image/FF283R?countryISOCode=01
FF284R,https://products.api.bbraun.io/api/image/FF284R?countryISOCode=01
FF285R,None
FF286R,None
FF291R,https://products.api.bbraun.io/api/image/FF291R?countryISOCode=01
FF292R,https://products.api.bbraun.io/api/image/FF292R?countryISOCode=01
FF293R,https://products.api.bbraun.io/api/image/FF293R?countryISOCode=01
FF294R,https://products.api.bbraun.io/api/image/FF294R?countryISOCode=01
FF295R,https://products.api.bbraun.io/api/image/FF295R?countryISOCode=01
FF300R,None
FF301R,https://products.api.bbraun.io/api/image/FF301R?countryISOCode=01
FF302R,None
FF303R,https://products.api.bbraun.io/api/image/FF303R?countryISOCode=01
FF305R,https://products.api.bbraun.io/api/image/FF305R?countryISOCode=01
FF307R,https://products.api.bbraun.io/api/image/FF307R?countryISOCode=01
FF308R,None
FF309,https://products.api.bbraun.io/api/image/FF309?countryISOCode=01
FF310R,https://products.api.bbraun.io/api/image/FF310R?countryISOCode=01
FF311R,https://products.api.bbraun.io/api/image/FF311R?countryISOCode=01
FF312R,https://products.api.bbraun.io/api/image/FF312R?countryISOCode=01
FF313R,https://products.api.bbraun.io/api/image/FF313R?countryISOCode=01
FF321R,https://products.api.bbraun.io/api/image/FF321R?countryISOCode=01
FF322R,https://products.api.bbraun.io/api/image/FF322R?countryISOCode=01
FF326R,https://products.api.bbraun.io/api/image/FF326R?countryISOCode=01
FF327R,https://products.api.bbraun.io/api/image/FF327R?countryISOCode=01
FF341R,None
FF342R,None
FF343R,None
FF345R,https://products.api.bbraun.io/api/image/FF345R?countryISOCode=01
FF347R,None
FF349R,https://products.api.bbraun.io/api/image/FF349R?countryISOCode=01
FF358R,None
FF359R,None
FF373R,None
FF374R,None
FF378R,None
FF379R,None
FF385R,None
FF386R,None
FF387R,None
FF388R,None
FF389R,None
FF397R,None
FF398R,None
FF399R,None
FF431R,None
FF432R,None
FF433R,None
FF435R,None
FF436R,None
FF437R,None
FF438R,None
FF439R,None
FF441R,https://products.api.bbraun.io/api/image/FF441R?countryISOCode=01
FF442R,https://products.api.bbraun.io/api/image/FF442R?countryISOCode=01
FF443R,https://products.api.bbraun.io/api/image/FF443R?countryISOCode=01
FF444R,https://products.api.bbraun.io/api/image/FF444R?countryISOCode=01
FF445R,https://products.api.bbraun.io/api/image/FF445R?countryISOCode=01
FF446R,https://products.api.bbraun.io/api/image/FF446R?countryISOCode=01
FF456B,https://products.api.bbraun.io/api/image/FF456B?countryISOCode=01
FF457B,None
FF458B,https://products.api.bbraun.io/api/image/FF458B?countryISOCode=01
FF459B,https://products.api.bbraun.io/api/image/FF459B?countryISOCode=01
FF466R,None
FF467R,None
FF468R,None
FF469R,None
FF480R,https://products.api.bbraun.io/api/image/FF480R?countryISOCode=01
FF482R,https://products.api.bbraun.io/api/image/FF482R?countryISOCode=01
FF484R,https://products.api.bbraun.io/api/image/FF484R?countryISOCode=01
FF486R,https://products.api.bbraun.io/api/image/FF486R?countryISOCode=01
FF488R,https://products.api.bbraun.io/api/image/FF488R?countryISOCode=01
FF496R,None
FF497R,None
FF498R,None
FF499R,None
FF502R,https://products.api.bbraun.io/api/image/FF502R?countryISOCode=01
FF503R,https://products.api.bbraun.io/api/image/FF503R?countryISOCode=01
FF504R,https://products.api.bbraun.io/api/image/FF504R?countryISOCode=01
FF513R,https://products.api.bbraun.io/api/image/FF513R?countryISOCode=01
FF514R,https://products.api.bbraun.io/api/image/FF514R?countryISOCode=01
FF523R,https://products.api.bbraun.io/api/image/FF523R?countryISOCode=01
FF524R,None
FF532R,https://products.api.bbraun.io/api/image/FF532R?countryISOCode=01
FF533R,https://products.api.bbraun.io/api/image/FF533R?countryISOCode=01
FF534R,https://products.api.bbraun.io/api/image/FF534R?countryISOCode=01
FF535R,https://products.api.bbraun.io/api/image/FF535R?countryISOCode=01
FF536R,https://products.api.bbraun.io/api/image/FF536R?countryISOCode=01
FF543R,https://products.api.bbraun.io/api/image/FF543R?countryISOCode=01
FF544R,https://products.api.bbraun.io/api/image/FF544R?countryISOCode=01
FF545R,https://products.api.bbraun.io/api/image/FF545R?countryISOCode=01
FF553R,https://products.api.bbraun.io/api/image/FF553R?countryISOCode=01
FF554R,https://products.api.bbraun.io/api/image/FF554R?countryISOCode=01
FF562R,https://products.api.bbraun.io/api/image/FF562R?countryISOCode=01
FF563R,https://products.api.bbraun.io/api/image/FF563R?countryISOCode=01
FF564R,https://products.api.bbraun.io/api/image/FF564R?countryISOCode=01
FF565R,https://products.api.bbraun.io/api/image/FF565R?countryISOCode=01
FF566R,https://products.api.bbraun.io/api/image/FF566R?countryISOCode=01
FF573R,https://products.api.bbraun.io/api/image/FF573R?countryISOCode=01
FF574R,https://products.api.bbraun.io/api/image/FF574R?countryISOCode=01
FF575R,https://products.api.bbraun.io/api/image/FF575R?countryISOCode=01
FF583R,https://products.api.bbraun.io/api/image/FF583R?countryISOCode=01
FF584R,https://products.api.bbraun.io/api/image/FF584R?countryISOCode=01
FF589R,https://products.api.bbraun.io/api/image/FF589R?countryISOCode=01
FF590R,https://products.api.bbraun.io/api/image/FF590R?countryISOCode=01
FF591R,https://products.api.bbraun.io/api/image/FF591R?countryISOCode=01
FF595R,https://products.api.bbraun.io/api/image/FF595R?countryISOCode=01
FF599R,https://products.api.bbraun.io/api/image/FF599R?countryISOCode=01
FF600R,https://products.api.bbraun.io/api/image/FF600R?countryISOCode=01
FF605R,https://products.api.bbraun.io/api/image/FF605R?countryISOCode=01
FF608R,https://products.api.bbraun.io/api/image/FF608R?countryISOCode=01
FF609R,https://products.api.bbraun.io/api/image/FF609R?countryISOCode=01
FF610R,https://products.api.bbraun.io/api/image/FF610R?countryISOCode=01
FF611R,https://products.api.bbraun.io/api/image/FF611R?countryISOCode=01
FF614R,https://products.api.bbraun.io/api/image/FF614R?countryISOCode=01
FF616R,https://products.api.bbraun.io/api/image/FF616R?countryISOCode=01
FF617R,https://products.api.bbraun.io/api/image/FF617R?countryISOCode=01
FF618R,https://products.api.bbraun.io/api/image/FF618R?countryISOCode=01
FF619R,None
FF620R,https://products.api.bbraun.io/api/image/FF620R?countryISOCode=01
FF621R,https://products.api.bbraun.io/api/image/FF621R?countryISOCode=01
FF624R,https://products.api.bbraun.io/api/image/FF624R?countryISOCode=01
FF625R,https://products.api.bbraun.io/api/image/FF625R?countryISOCode=01
FF626R,https://products.api.bbraun.io/api/image/FF626R?countryISOCode=01
FF627R,https://products.api.bbraun.io/api/image/FF627R?countryISOCode=01
FF628R,https://products.api.bbraun.io/api/image/FF628R?countryISOCode=01
FF629R,https://products.api.bbraun.io/api/image/FF629R?countryISOCode=01
FF631R,https://products.api.bbraun.io/api/image/FF631R?countryISOCode=01
FF632R,https://products.api.bbraun.io/api/image/FF632R?countryISOCode=01
FF635R,https://products.api.bbraun.io/api/image/FF635R?countryISOCode=01
FF637R,https://products.api.bbraun.io/api/image/FF637R?countryISOCode=01
FF638R,None
FF639R,None
FF640R,https://products.api.bbraun.io/api/image/FF640R?countryISOCode=01
FF641R,https://products.api.bbraun.io/api/image/FF641R?countryISOCode=01
FF642R,https://products.api.bbraun.io/api/image/FF642R?countryISOCode=01
FF643R,https://products.api.bbraun.io/api/image/FF643R?countryISOCode=01
FF644R,https://products.api.bbraun.io/api/image/FF644R?countryISOCode=01
FF645R,None
FF646R,None
FF649R,None
FF650R,https://products.api.bbraun.io/api/image/FF650R?countryISOCode=01
FF651R,https://products.api.bbraun.io/api/image/FF651R?countryISOCode=01
FF657R,None
FF658R,None
FF659R,None
FF660R,None
FF661R,None
FF662R,None
FF663R,None
FF664R,None
FF665R,None
FF666R,None
FF667R,None
FF668R,None
FF669R,None
FF673R,None
FF674R,None
FF677R,None
FF678R,None
FF679R,None
FF680R,None
FF682R,None
FF683R,None
FF684R,None
FF685R,None
FF686R,None
FF687R,None
FF688R,None
FF689R,None
FF690R,None
FF691R,None
FF692R,None
FF693R,None
FF694R,None
FF695R,None
FF696R,None
FF697R,https://products.api.bbraun.io/api/image/FF697R?countryISOCode=01
FF698R,https://products.api.bbraun.io/api/image/FF698R?countryISOCode=01
FF699R,https://products.api.bbraun.io/api/image/FF699R?countryISOCode=01
FF700R,https://products.api.bbraun.io/api/image/FF700R?countryISOCode=01
FF701R,https://products.api.bbraun.io/api/image/FF701R?countryISOCode=01
FF702R,https://products.api.bbraun.io/api/image/FF702R?countryISOCode=01
FF703R,https://products.api.bbraun.io/api/image/FF703R?countryISOCode=01
FF707R,https://products.api.bbraun.io/api/image/FF707R?countryISOCode=01
FF708R,https://products.api.bbraun.io/api/image/FF708R?countryISOCode=01
FF709R,https://products.api.bbraun.io/api/image/FF709R?countryISOCode=01
FF710R,https://products.api.bbraun.io/api/image/FF710R?countryISOCode=01
FF711R,None
FF712R,None
FF713R,None
FF714R,None
FF715R,None
FF716R,None
FF717R,None
FF718R,None
FF719R,None
FF720R,None
FF721R,None
FF722R,None
FF723R,None
FF724R,None
FF725R,None
FF726R,None
FF727R,None
FF728R,None
FF729R,None
FF734R,None
FF737R,None
FF738R,None
FF739R,None
FF741R,None
FF742R,None
FF743R,None
FF745R,None
FF746R,None
FF747R,None
FF748R,None
FF749R,None
FF750R,None
FF751R,None
FF752R,None
FF753R,None
FF754R,None
FF755R,None
FF765R,https://products.api.bbraun.io/api/image/FF765R?countryISOCode=01
FF766R,None
FF767R,None
FF768R,None
FF769R,None
FF770R,None
FF771R,None
FF772R,None
FF773R,None
FF774R,None
FF775R,https://products.api.bbraun.io/api/image/FF775R?countryISOCode=01
FF776R,None
FF777R,https://products.api.bbraun.io/api/image/FF777R?countryISOCode=01
FF778R,https://products.api.bbraun.io/api/image/FF778R?countryISOCode=01
FF781R,None
FF782R,None
FF783R,None
FF785R,None
FF799R,https://products.api.bbraun.io/api/image/FF799R?countryISOCode=01
FF800R,https://products.api.bbraun.io/api/image/FF800R?countryISOCode=01
FF801R,https://products.api.bbraun.io/api/image/FF801R?countryISOCode=01
FF803R,https://products.api.bbraun.io/api/image/FF803R?countryISOCode=01
FF805R,https://products.api.bbraun.io/api/image/FF805R?countryISOCode=01
FF806R,https://products.api.bbraun.io/api/image/FF806R?countryISOCode=01
FF807R,https://products.api.bbraun.io/api/image/FF807R?countryISOCode=01
FF808R,https://products.api.bbraun.io/api/image/FF808R?countryISOCode=01
FF810R,https://products.api.bbraun.io/api/image/FF810R?countryISOCode=01
FF811R,https://products.api.bbraun.io/api/image/FF811R?countryISOCode=01
FF814R,https://products.api.bbraun.io/api/image/FF814R?countryISOCode=01
FF818R,https://products.api.bbraun.io/api/image/FF818R?countryISOCode=01
FF820R,None
FF828R,None
FF829R,None
FF830R,None
FF831R,None
FF832R,https://products.api.bbraun.io/api/image/FF832R?countryISOCode=01
FF833R,https://products.api.bbraun.io/api/image/FF833R?countryISOCode=01
FF834R,https://products.api.bbraun.io/api/image/FF834R?countryISOCode=01
FF835R,https://products.api.bbraun.io/api/image/FF835R?countryISOCode=01
FF841R,None
FF842R,https://products.api.bbraun.io/api/image/FF842R?countryISOCode=01
FF843R,https://products.api.bbraun.io/api/image/FF843R?countryISOCode=01
FF844R,https://products.api.bbraun.io/api/image/FF844R?countryISOCode=01
FF852R,https://products.api.bbraun.io/api/image/FF852R?countryISOCode=01
FF853R,https://products.api.bbraun.io/api/image/FF853R?countryISOCode=01
FF854R,https://products.api.bbraun.io/api/image/FF854R?countryISOCode=01
FF856R,https://products.api.bbraun.io/api/image/FF856R?countryISOCode=01
FF857R,https://products.api.bbraun.io/api/image/FF857R?countryISOCode=01
FF870R,None
FF871R,None
FF913R,None
FF914R,None
FF915R,None
FG052R,https://products.api.bbraun.io/api/image/FG052R?countryISOCode=01
FG057R,https://products.api.bbraun.io/api/image/FG057R?countryISOCode=01
FG093R,https://products.api.bbraun.io/api/image/FG093R?countryISOCode=01
FG094R,https://products.api.bbraun.io/api/image/FG094R?countryISOCode=01
FG095R,https://products.api.bbraun.io/api/image/FG095R?countryISOCode=01
FG096R,https://products.api.bbraun.io/api/image/FG096R?countryISOCode=01
FH100R,https://products.api.bbraun.io/api/image/FH100R?countryISOCode=01
FH101R,https://products.api.bbraun.io/api/image/FH101R?countryISOCode=01
FH102R,https://products.api.bbraun.io/api/image/FH102R?countryISOCode=01
FH103R,https://products.api.bbraun.io/api/image/FH103R?countryISOCode=01
FH116R,https://products.api.bbraun.io/api/image/FH116R?countryISOCode=01
FH150R,https://products.api.bbraun.io/api/image/FH150R?countryISOCode=01
FH160R,None
FH170R,https://products.api.bbraun.io/api/image/FH170R?countryISOCode=01
FH191R,https://products.api.bbraun.io/api/image/FH191R?countryISOCode=01
FH192R,https://products.api.bbraun.io/api/image/FH192R?countryISOCode=01
FH197R,https://products.api.bbraun.io/api/image/FH197R?countryISOCode=01
FH220R,https://products.api.bbraun.io/api/image/FH220R?countryISOCode=01
FH222R,https://products.api.bbraun.io/api/image/FH222R?countryISOCode=01
FH300R,https://products.api.bbraun.io/api/image/FH300R?countryISOCode=01
FH301C,https://products.api.bbraun.io/api/image/FH301C?countryISOCode=01
FH302C,https://products.api.bbraun.io/api/image/FH302C?countryISOCode=01
FH305R,https://products.api.bbraun.io/api/image/FH305R?countryISOCode=01
FH306R,https://products.api.bbraun.io/api/image/FH306R?countryISOCode=01
FH307C,https://products.api.bbraun.io/api/image/FH307C?countryISOCode=01
FH308C,https://products.api.bbraun.io/api/image/FH308C?countryISOCode=01
FH310C,https://products.api.bbraun.io/api/image/FH310C?countryISOCode=01
FH312C,https://products.api.bbraun.io/api/image/FH312C?countryISOCode=01
FH313R,https://products.api.bbraun.io/api/image/FH313R?countryISOCode=01
FH314C,https://products.api.bbraun.io/api/image/FH314C?countryISOCode=01
FH315C,https://products.api.bbraun.io/api/image/FH315C?countryISOCode=01
FH316C,https://products.api.bbraun.io/api/image/FH316C?countryISOCode=01
FH320R,https://products.api.bbraun.io/api/image/FH320R?countryISOCode=01
FH325R,https://products.api.bbraun.io/api/image/FH325R?countryISOCode=01
FH326R,https://products.api.bbraun.io/api/image/FH326R?countryISOCode=01
FH335R,https://products.api.bbraun.io/api/image/FH335R?countryISOCode=01
FH403,https://products.api.bbraun.io/api/image/FH403?countryISOCode=01
FH404,https://products.api.bbraun.io/api/image/FH404?countryISOCode=01
FH405,https://products.api.bbraun.io/api/image/FH405?countryISOCode=01
FH407,https://products.api.bbraun.io/api/image/FH407?countryISOCode=01
FH413,https://products.api.bbraun.io/api/image/FF130R?countryISOCode=01
FH414,https://products.api.bbraun.io/api/image/FH414?countryISOCode=01
FH415,https://products.api.bbraun.io/api/image/FH415?countryISOCode=01
FH430R,https://products.api.bbraun.io/api/image/FH430R?countryISOCode=01
FH480R,https://products.api.bbraun.io/api/image/FH480R?countryISOCode=01
FH605SU,None
FH606SU,None
FH607SU,None
FH802B,https://products.api.bbraun.io/api/image/FH802B?countryISOCode=01
FH803B,https://products.api.bbraun.io/api/image/FH803B?countryISOCode=01
FH804B,https://products.api.bbraun.io/api/image/FH804B?countryISOCode=01
FH805B,https://products.api.bbraun.io/api/image/FH805B?countryISOCode=01
FH812B,https://products.api.bbraun.io/api/image/FH812B?countryISOCode=01
FH813B,https://products.api.bbraun.io/api/image/FH813B?countryISOCode=01
FH814B,https://products.api.bbraun.io/api/image/FH814B?countryISOCode=01
FH815B,https://products.api.bbraun.io/api/image/FH815B?countryISOCode=01
FH822B,https://products.api.bbraun.io/api/image/FH822B?countryISOCode=01
FH823B,https://products.api.bbraun.io/api/image/FH823B?countryISOCode=01
FH824B,https://products.api.bbraun.io/api/image/FH824B?countryISOCode=01
FH825B,https://products.api.bbraun.io/api/image/FH825B?countryISOCode=01
FH837B,https://products.api.bbraun.io/api/image/FH837B?countryISOCode=01
FH838B,https://products.api.bbraun.io/api/image/FH838B?countryISOCode=01
FH839B,https://products.api.bbraun.io/api/image/FH839B?countryISOCode=01
FH883B,https://products.api.bbraun.io/api/image/FH883B?countryISOCode=01
FH902B,https://products.api.bbraun.io/api/image/FH902B?countryISOCode=01
FH903B,https://products.api.bbraun.io/api/image/FH903B?countryISOCode=01
FH904B,https://products.api.bbraun.io/api/image/FH904B?countryISOCode=01
FH905B,https://products.api.bbraun.io/api/image/FH905B?countryISOCode=01
FH912B,https://products.api.bbraun.io/api/image/FH912B?countryISOCode=01
FH913B,https://products.api.bbraun.io/api/image/FH913B?countryISOCode=01
FH914B,https://products.api.bbraun.io/api/image/FH914B?countryISOCode=01
FH915B,https://products.api.bbraun.io/api/image/FH915B?countryISOCode=01
FH922B,https://products.api.bbraun.io/api/image/FH922B?countryISOCode=01
FH923B,https://products.api.bbraun.io/api/image/FH923B?countryISOCode=01
FH924B,https://products.api.bbraun.io/api/image/FH924B?countryISOCode=01
FH925B,https://products.api.bbraun.io/api/image/FH925B?countryISOCode=01
FH973B,https://products.api.bbraun.io/api/image/FH973B?countryISOCode=01
FK110R,https://products.api.bbraun.io/api/image/FK110R?countryISOCode=01
FK111R,https://products.api.bbraun.io/api/image/FK111R?countryISOCode=01
FK113R,https://products.api.bbraun.io/api/image/FK113R?countryISOCode=01
FK114R,https://products.api.bbraun.io/api/image/FK114R?countryISOCode=01
FK116R,https://products.api.bbraun.io/api/image/FK116R?countryISOCode=01
FK117R,https://products.api.bbraun.io/api/image/FK117R?countryISOCode=01
FK118R,https://products.api.bbraun.io/api/image/FK118R?countryISOCode=01
FK119R,https://products.api.bbraun.io/api/image/FK119R?countryISOCode=01
FK120R,https://products.api.bbraun.io/api/image/FK120R?countryISOCode=01
FK121R,https://products.api.bbraun.io/api/image/FK121R?countryISOCode=01
FK124R,https://products.api.bbraun.io/api/image/FK124R?countryISOCode=01
FK130R,https://products.api.bbraun.io/api/image/FK130R?countryISOCode=01
FK131R,https://products.api.bbraun.io/api/image/FK131R?countryISOCode=01
FK133R,https://products.api.bbraun.io/api/image/FK133R?countryISOCode=01
FK135R,https://products.api.bbraun.io/api/image/FK135R?countryISOCode=01
FK136R,https://products.api.bbraun.io/api/image/FK136R?countryISOCode=01
FK139R,https://products.api.bbraun.io/api/image/FK139R?countryISOCode=01
FK140R,https://products.api.bbraun.io/api/image/FK140R?countryISOCode=01
FK141R,https://products.api.bbraun.io/api/image/FK141R?countryISOCode=01
FK146R,https://products.api.bbraun.io/api/image/FK146R?countryISOCode=01
FK147R,https://products.api.bbraun.io/api/image/FK147R?countryISOCode=01
FK148R,https://products.api.bbraun.io/api/image/FK148R?countryISOCode=01
FK149R,https://products.api.bbraun.io/api/image/FK149R?countryISOCode=01
FK156R,https://products.api.bbraun.io/api/image/FK156R?countryISOCode=01
FK157R,https://products.api.bbraun.io/api/image/FK157R?countryISOCode=01
FK158R,https://products.api.bbraun.io/api/image/FK158R?countryISOCode=01
FK160R,https://products.api.bbraun.io/api/image/FK160R?countryISOCode=01
FK161R,https://products.api.bbraun.io/api/image/FK161R?countryISOCode=01
FK162R,https://products.api.bbraun.io/api/image/FK162R?countryISOCode=01
FK166R,https://products.api.bbraun.io/api/image/FK166R?countryISOCode=01
FK167R,https://products.api.bbraun.io/api/image/FK167R?countryISOCode=01
FK168R,https://products.api.bbraun.io/api/image/FK168R?countryISOCode=01
FK169R,https://products.api.bbraun.io/api/image/FK169R?countryISOCode=01
FK170R,https://products.api.bbraun.io/api/image/FK170R?countryISOCode=01
FK171R,https://products.api.bbraun.io/api/image/FK171R?countryISOCode=01
FK172R,https://products.api.bbraun.io/api/image/FK172R?countryISOCode=01
FK173R,https://products.api.bbraun.io/api/image/FK173R?countryISOCode=01
FK174R,https://products.api.bbraun.io/api/image/FK174R?countryISOCode=01
FK175R,https://products.api.bbraun.io/api/image/FK175R?countryISOCode=01
FK176R,https://products.api.bbraun.io/api/image/FK176R?countryISOCode=01
FK177R,https://products.api.bbraun.io/api/image/FK177R?countryISOCode=01
FK180R,https://products.api.bbraun.io/api/image/FK180R?countryISOCode=01
FK185R,https://products.api.bbraun.io/api/image/FK185R?countryISOCode=01
FK186R,https://products.api.bbraun.io/api/image/FK186R?countryISOCode=01
FK187R,https://products.api.bbraun.io/api/image/FK187R?countryISOCode=01
FK188R,https://products.api.bbraun.io/api/image/FK188R?countryISOCode=01
FK189R,https://products.api.bbraun.io/api/image/FK189R?countryISOCode=01
FK193R,https://products.api.bbraun.io/api/image/FK193R?countryISOCode=01
FK291R,https://products.api.bbraun.io/api/image/FK291R?countryISOCode=01
FK292R,https://products.api.bbraun.io/api/image/FK292R?countryISOCode=01
FK293R,https://products.api.bbraun.io/api/image/FK293R?countryISOCode=01
FK299R,https://products.api.bbraun.io/api/image/FK299R?countryISOCode=01
FK300R,https://products.api.bbraun.io/api/image/FK300R?countryISOCode=01
FK301R,https://products.api.bbraun.io/api/image/FK301R?countryISOCode=01
FK302R,https://products.api.bbraun.io/api/image/FK302R?countryISOCode=01
FK303R,https://products.api.bbraun.io/api/image/FK303R?countryISOCode=01
FK306R,https://products.api.bbraun.io/api/image/FK306R?countryISOCode=01
FK307R,https://products.api.bbraun.io/api/image/FK307R?countryISOCode=01
FK308R,https://products.api.bbraun.io/api/image/FK308R?countryISOCode=01
FK309R,https://products.api.bbraun.io/api/image/FK309R?countryISOCode=01
FK310R,https://products.api.bbraun.io/api/image/FK310R?countryISOCode=01
FK314R,None
FK316NR,https://products.api.bbraun.io/api/image/FK316NR?countryISOCode=01
FK317NR,https://products.api.bbraun.io/api/image/FK317NR?countryISOCode=01
FK317R,https://products.api.bbraun.io/api/image/FK317R?countryISOCode=01
FK318NR,https://products.api.bbraun.io/api/image/FK318NR?countryISOCode=01
FK318R,https://products.api.bbraun.io/api/image/FK318NR?countryISOCode=01
FK319NR,None
FK319R,None
FK321NR,None
FK321R,None
FK323NR,None
FK323R,None
FK324NR,None
FK324R,None
FK325NR,https://products.api.bbraun.io/api/image/FK325NR?countryISOCode=01
FK325R,https://products.api.bbraun.io/api/image/FK325NR?countryISOCode=01
FK326NR,https://products.api.bbraun.io/api/image/FK326NR?countryISOCode=01
FK328R,https://products.api.bbraun.io/api/image/FK328R?countryISOCode=01
FK329R,https://products.api.bbraun.io/api/image/FK329R?countryISOCode=01
FK336R,https://products.api.bbraun.io/api/image/FK336R?countryISOCode=01
FK340R,https://products.api.bbraun.io/api/image/FK340R?countryISOCode=01
FK341R,https://products.api.bbraun.io/api/image/FK341R?countryISOCode=01
FK344R,https://products.api.bbraun.io/api/image/FK344R?countryISOCode=01
FK345R,https://products.api.bbraun.io/api/image/FK345R?countryISOCode=01
FK348R,https://products.api.bbraun.io/api/image/FK348R?countryISOCode=01
FK350R,https://products.api.bbraun.io/api/image/FK350R?countryISOCode=01
FK351R,https://products.api.bbraun.io/api/image/FK351R?countryISOCode=01
FK355R,https://products.api.bbraun.io/api/image/FK355R?countryISOCode=01
FK356R,https://products.api.bbraun.io/api/image/FK356R?countryISOCode=01
FK357R,https://products.api.bbraun.io/api/image/FK357R?countryISOCode=01
FK358R,https://products.api.bbraun.io/api/image/FK358R?countryISOCode=01
FK359R,https://products.api.bbraun.io/api/image/FK359R?countryISOCode=01
FK360R,https://products.api.bbraun.io/api/image/FK360R?countryISOCode=01
FK361R,https://products.api.bbraun.io/api/image/FK361R?countryISOCode=01
FK362R,https://products.api.bbraun.io/api/image/FK362R?countryISOCode=01
FK365R,https://products.api.bbraun.io/api/image/FK365R?countryISOCode=01
FK366R,https://products.api.bbraun.io/api/image/FK366R?countryISOCode=01
FK378R,https://products.api.bbraun.io/api/image/FK378R?countryISOCode=01
FK379R,https://products.api.bbraun.io/api/image/FK379R?countryISOCode=01
FK381R,https://products.api.bbraun.io/api/image/FK381R?countryISOCode=01
FK382R,https://products.api.bbraun.io/api/image/FK382R?countryISOCode=01
FK383R,https://products.api.bbraun.io/api/image/FK383R?countryISOCode=01
FK384R,https://products.api.bbraun.io/api/image/FK384R?countryISOCode=01
FK387R,https://products.api.bbraun.io/api/image/FK387R?countryISOCode=01
FK390R,None
FK391R,None
FK394R,https://products.api.bbraun.io/api/image/FK394R?countryISOCode=01
FK397R,None
FK400R,https://products.api.bbraun.io/api/image/FK400R?countryISOCode=01
FK401R,https://products.api.bbraun.io/api/image/FK401R?countryISOCode=01
FK402R,https://products.api.bbraun.io/api/image/FK402R?countryISOCode=01
FK403R,https://products.api.bbraun.io/api/image/FK403R?countryISOCode=01
FK408R,https://products.api.bbraun.io/api/image/FK408R?countryISOCode=01
FK409R,https://products.api.bbraun.io/api/image/FK409R?countryISOCode=01
FK410R,https://products.api.bbraun.io/api/image/FK410R?countryISOCode=01
FK411R,https://products.api.bbraun.io/api/image/FK411R?countryISOCode=01
FK412R,https://products.api.bbraun.io/api/image/FK412R?countryISOCode=01
FK413R,https://products.api.bbraun.io/api/image/FK413R?countryISOCode=01
FK414R,https://products.api.bbraun.io/api/image/FK414R?countryISOCode=01
FK420R,https://products.api.bbraun.io/api/image/FK420R?countryISOCode=01
FK423NR,https://products.api.bbraun.io/api/image/FK423NR?countryISOCode=01
FK425NR,https://products.api.bbraun.io/api/image/FK425NR?countryISOCode=01
FK505R,https://products.api.bbraun.io/api/image/FK505R?countryISOCode=01
FK507R,https://products.api.bbraun.io/api/image/FK507R?countryISOCode=01
FK510R,https://products.api.bbraun.io/api/image/FK510R?countryISOCode=01
FK511R,https://products.api.bbraun.io/api/image/FK511R?countryISOCode=01
FK530R,https://products.api.bbraun.io/api/image/FK530R?countryISOCode=01
FK532R,https://products.api.bbraun.io/api/image/FK532R?countryISOCode=01
FK534R,https://products.api.bbraun.io/api/image/FK534R?countryISOCode=01
FK541R,https://products.api.bbraun.io/api/image/FK541R?countryISOCode=01
FK543R,https://products.api.bbraun.io/api/image/FK543R?countryISOCode=01
FK552R,https://products.api.bbraun.io/api/image/FK552R?countryISOCode=01
FK611R,https://products.api.bbraun.io/api/image/FK611R?countryISOCode=01
FK612R,https://products.api.bbraun.io/api/image/FK612R?countryISOCode=01
FK613R,https://products.api.bbraun.io/api/image/FK613R?countryISOCode=01
FK614R,https://products.api.bbraun.io/api/image/FK614R?countryISOCode=01
FK615R,https://products.api.bbraun.io/api/image/FK615R?countryISOCode=01
FK616R,https://products.api.bbraun.io/api/image/FK616R?countryISOCode=01
FK617R,https://products.api.bbraun.io/api/image/FK617R?countryISOCode=01
FK621R,https://products.api.bbraun.io/api/image/FK621R?countryISOCode=01
FK622R,https://products.api.bbraun.io/api/image/FK622R?countryISOCode=01
FK623R,https://products.api.bbraun.io/api/image/FK623R?countryISOCode=01
FK624R,https://products.api.bbraun.io/api/image/FK624R?countryISOCode=01
FK625R,https://products.api.bbraun.io/api/image/FK625R?countryISOCode=01
FK626R,https://products.api.bbraun.io/api/image/FK626R?countryISOCode=01
FK627R,https://products.api.bbraun.io/api/image/FK627R?countryISOCode=01
FK630NR,https://products.api.bbraun.io/api/image/FK630NR?countryISOCode=01
FK630R,https://products.api.bbraun.io/api/image/FK630NR?countryISOCode=01
FK631NR,https://products.api.bbraun.io/api/image/FK631NR?countryISOCode=01
FK631R,https://products.api.bbraun.io/api/image/FK631NR?countryISOCode=01
FK632NR,https://products.api.bbraun.io/api/image/FK632NR?countryISOCode=01
FK632R,https://products.api.bbraun.io/api/image/FK632NR?countryISOCode=01
FK633NR,https://products.api.bbraun.io/api/image/FK633NR?countryISOCode=01
FK633R,https://products.api.bbraun.io/api/image/FK633NR?countryISOCode=01
FK634NR,https://products.api.bbraun.io/api/image/FK634NR?countryISOCode=01
FK634R,https://products.api.bbraun.io/api/image/FK634NR?countryISOCode=01
FK635NR,https://products.api.bbraun.io/api/image/FK635NR?countryISOCode=01
FK635R,https://products.api.bbraun.io/api/image/FK635NR?countryISOCode=01
FK636NR,https://products.api.bbraun.io/api/image/FK636NR?countryISOCode=01
FK636R,https://products.api.bbraun.io/api/image/FK636NR?countryISOCode=01
FK637NR,https://products.api.bbraun.io/api/image/FK637NR?countryISOCode=01
FK637R,https://products.api.bbraun.io/api/image/FK637NR?countryISOCode=01
FK638NR,https://products.api.bbraun.io/api/image/FK638NR?countryISOCode=01
FK638R,https://products.api.bbraun.io/api/image/FK638NR?countryISOCode=01
FK639NR,https://products.api.bbraun.io/api/image/FK639NR?countryISOCode=01
FK639R,https://products.api.bbraun.io/api/image/FK639NR?countryISOCode=01
FK640NR,https://products.api.bbraun.io/api/image/FK640NR?countryISOCode=01
FK641NR,https://products.api.bbraun.io/api/image/FK641NR?countryISOCode=01
FK642NR,https://products.api.bbraun.io/api/image/FK642NR?countryISOCode=01
FK643NR,https://products.api.bbraun.io/api/image/FK643NR?countryISOCode=01
FK644NR,https://products.api.bbraun.io/api/image/FK644NR?countryISOCode=01
FK645NR,https://products.api.bbraun.io/api/image/FK645NR?countryISOCode=01
FK646NR,https://products.api.bbraun.io/api/image/FK646NR?countryISOCode=01
FK647NR,https://products.api.bbraun.io/api/image/FK647NR?countryISOCode=01
FK648NR,https://products.api.bbraun.io/api/image/FK648NR?countryISOCode=01
FK649NR,https://products.api.bbraun.io/api/image/FK649NR?countryISOCode=01
FK658R,https://products.api.bbraun.io/api/image/FK658R?countryISOCode=01
FK659R,https://products.api.bbraun.io/api/image/FK659R?countryISOCode=01
FK660R,https://products.api.bbraun.io/api/image/FK660R?countryISOCode=01
FK661R,https://products.api.bbraun.io/api/image/FK661R?countryISOCode=01
FK662R,https://products.api.bbraun.io/api/image/FK662R?countryISOCode=01
FK663R,https://products.api.bbraun.io/api/image/FK663R?countryISOCode=01
FK664R,https://products.api.bbraun.io/api/image/FK664R?countryISOCode=01
FK665R,https://products.api.bbraun.io/api/image/FK665R?countryISOCode=01
FK666R,https://products.api.bbraun.io/api/image/FK743NR?countryISOCode=01
FK668R,https://products.api.bbraun.io/api/image/FK743NR?countryISOCode=01
FK670R,https://products.api.bbraun.io/api/image/FK745NR?countryISOCode=01
FK672R,https://products.api.bbraun.io/api/image/FK747NR?countryISOCode=01
FK675R,https://products.api.bbraun.io/api/image/FK675R?countryISOCode=01
FK676R,https://products.api.bbraun.io/api/image/FK676R?countryISOCode=01
FK677R,https://products.api.bbraun.io/api/image/FK677R?countryISOCode=01
FK678R,https://products.api.bbraun.io/api/image/FK678R?countryISOCode=01
FK679R,https://products.api.bbraun.io/api/image/FK679R?countryISOCode=01
FK684R,https://products.api.bbraun.io/api/image/FK684R?countryISOCode=01
FK685R,https://products.api.bbraun.io/api/image/FK685R?countryISOCode=01
FK686R,https://products.api.bbraun.io/api/image/FK686R?countryISOCode=01
FK688R,https://products.api.bbraun.io/api/image/FK641NR?countryISOCode=01
FK689R,https://products.api.bbraun.io/api/image/FK642NR?countryISOCode=01
FK690R,https://products.api.bbraun.io/api/image/FK643NR?countryISOCode=01
FK696NR,https://products.api.bbraun.io/api/image/FK696NR?countryISOCode=01
FK698NR,https://products.api.bbraun.io/api/image/FK698NR?countryISOCode=01
FK702R,https://products.api.bbraun.io/api/image/FK702R?countryISOCode=01
FK703R,https://products.api.bbraun.io/api/image/FK703R?countryISOCode=01
FK704R,https://products.api.bbraun.io/api/image/FK704R?countryISOCode=01
FK705R,https://products.api.bbraun.io/api/image/FK705R?countryISOCode=01
FK712R,https://products.api.bbraun.io/api/image/FK712R?countryISOCode=01
FK713R,https://products.api.bbraun.io/api/image/FK713R?countryISOCode=01
FK714R,https://products.api.bbraun.io/api/image/FK714R?countryISOCode=01
FK715R,https://products.api.bbraun.io/api/image/FK715R?countryISOCode=01
FK723R,https://products.api.bbraun.io/api/image/FK723R?countryISOCode=01
FK724R,https://products.api.bbraun.io/api/image/FK724R?countryISOCode=01
FK725R,https://products.api.bbraun.io/api/image/FK725R?countryISOCode=01
FK743NR,https://products.api.bbraun.io/api/image/FK743NR?countryISOCode=01
FK745NR,https://products.api.bbraun.io/api/image/FK745NR?countryISOCode=01
FK747NR,https://products.api.bbraun.io/api/image/FK747NR?countryISOCode=01
FK753NR,https://products.api.bbraun.io/api/image/FK753NR?countryISOCode=01
FK755NR,https://products.api.bbraun.io/api/image/FK755NR?countryISOCode=01
FK757NR,https://products.api.bbraun.io/api/image/FK757NR?countryISOCode=01
FK773R,https://products.api.bbraun.io/api/image/FK773R?countryISOCode=01
FK774R,https://products.api.bbraun.io/api/image/FK774R?countryISOCode=01
FK775R,https://products.api.bbraun.io/api/image/FK775R?countryISOCode=01
FK783R,https://products.api.bbraun.io/api/image/FK783R?countryISOCode=01
FK784R,https://products.api.bbraun.io/api/image/FK784R?countryISOCode=01
FK785R,https://products.api.bbraun.io/api/image/FK785R?countryISOCode=01
FK800R,https://products.api.bbraun.io/api/image/FK800R?countryISOCode=01
FK801R,https://products.api.bbraun.io/api/image/FK801R?countryISOCode=01
FK803R,https://products.api.bbraun.io/api/image/FK803R?countryISOCode=01
FK813R,https://products.api.bbraun.io/api/image/FK813R?countryISOCode=01
FK814R,https://products.api.bbraun.io/api/image/FK814R?countryISOCode=01
FK817R,https://products.api.bbraun.io/api/image/FK817R?countryISOCode=01
FK834R,https://products.api.bbraun.io/api/image/FK834R?countryISOCode=01
FK835R,https://products.api.bbraun.io/api/image/FK835R?countryISOCode=01
FK836R,https://products.api.bbraun.io/api/image/FK836R?countryISOCode=01
FK840R,https://products.api.bbraun.io/api/image/FK840R?countryISOCode=01
FK841R,https://products.api.bbraun.io/api/image/FK841R?countryISOCode=01
FK842R,https://products.api.bbraun.io/api/image/FK842R?countryISOCode=01
FK845R,https://products.api.bbraun.io/api/image/FK845R?countryISOCode=01
FK846R,https://products.api.bbraun.io/api/image/FK846R?countryISOCode=01
FK848R,https://products.api.bbraun.io/api/image/FK848R?countryISOCode=01
FK850R,https://products.api.bbraun.io/api/image/FK850R?countryISOCode=01
FK850SU,https://products.api.bbraun.io/api/image/FK850SU?countryISOCode=01
FK854R,https://products.api.bbraun.io/api/image/FK854R?countryISOCode=01
FK855R,https://products.api.bbraun.io/api/image/FK855R?countryISOCode=01
FK863R,https://products.api.bbraun.io/api/image/FK863R?countryISOCode=01
FK864R,https://products.api.bbraun.io/api/image/FK864R?countryISOCode=01
FK881R,https://products.api.bbraun.io/api/image/FK881R?countryISOCode=01
FK882R,https://products.api.bbraun.io/api/image/FK891R?countryISOCode=01
FK883R,https://products.api.bbraun.io/api/image/FK891R?countryISOCode=01
FK884R,https://products.api.bbraun.io/api/image/FK891R?countryISOCode=01
FK885R,https://products.api.bbraun.io/api/image/FK891R?countryISOCode=01
FK886R,https://products.api.bbraun.io/api/image/FK891R?countryISOCode=01
FK887R,https://products.api.bbraun.io/api/image/FK881R?countryISOCode=01
FK888SU,None
FK891R,https://products.api.bbraun.io/api/image/FK891R?countryISOCode=01
FK892R,https://products.api.bbraun.io/api/image/FK891R?countryISOCode=01
FK893R,https://products.api.bbraun.io/api/image/FK891R?countryISOCode=01
FK894R,https://products.api.bbraun.io/api/image/FK891R?countryISOCode=01
FK895R,https://products.api.bbraun.io/api/image/FK891R?countryISOCode=01
FK896R,None
FK898R,https://products.api.bbraun.io/api/image/FK881R?countryISOCode=01
FK899R,None
FK900B,None
FK900R,None
FK901B,None
FK901R,None
FK902B,None
FK902R,None
FK903B,None
FK903R,None
FK904B,None
FK904R,None
FK905B,None
FK905R,None
FK906B,None
FK906R,None
FK907B,None
FK907R,None
FK908B,None
FK908R,None
FK909B,None
FK909R,None
FK910B,None
FK910R,None
FK911B,None
FK911R,None
FK912B,None
FK912R,None
FK913B,None
FK913R,None
FK914B,None
FK914R,None
FK915B,None
FK915R,None
FK916B,None
FK916R,None
FK917B,None
FK917R,None
FK918B,None
FK918R,None
FK919B,None
FK919R,None
FK920B,None
FK920R,None
FK921B,None
FK921R,None
FK922B,None
FK922R,None
FK923B,None
FK923R,None
FK924B,None
FK924R,None
FK925B,None
FK925R,None
FK926B,None
FK926R,None
FK927B,None
FK927R,None
FK928B,None
FK928R,None
FK929B,None
FK929R,None
FK930R,None
FK931R,None
FK932R,None
FK933R,None
FK934R,None
FK936R,None
FK937R,None
FK938R,None
FK940R,None
FK943R,None
FK944R,None
FK945R,None
FK946R,None
FK948B,None
FK948R,None
FK949B,None
FK949R,None
FK950B,None
FK950R,None
FK951B,None
FK951R,None
FK952B,None
FK952R,None
FK953B,None
FK953R,None
FK954R,None
FK955R,None
FK956R,None
FK957R,None
FK958R,None
FK959R,None
FK960B,None
FK961B,None
FK961R,None
FK962B,None
FK962R,None
FK963B,None
FK963R,None
FK964B,None
FK964R,None
FK965B,None
FK965R,None
FK966B,None
FK966R,None
FK967B,None
FK967R,None
FK968B,None
FK968R,None
FK969B,None
FK969R,None
FK970B,None
FK970R,None
FK971B,None
FK971R,None
FK972B,None
FK972R,None
FK973B,None
FK973R,None
FK974B,None
FK974R,None
FK975B,None
FK975R,None
FK976B,None
FK976R,None
FK977B,None
FK977R,None
FK978B,None
FK978R,None
FK979B,None
FK979R,None
FK980B,None
FK980R,None
FK981B,None
FK981R,None
FK982B,None
FK982R,None
FK983B,None
FK983R,None
FK984B,None
FK984R,None
FK985B,None
FK985R,None
FK986B,None
FK986R,None
FK987B,None
FK987R,None
FK988B,None
FK988R,None
FK989B,None
FK989R,None
FL010,https://products.api.bbraun.io/api/image/FL010?countryISOCode=01
FL011,https://products.api.bbraun.io/api/image/FL011?countryISOCode=01
FL034,https://products.api.bbraun.io/api/image/FL034?countryISOCode=01
FL035R,https://products.api.bbraun.io/api/image/FL035R?countryISOCode=01
FL036R,https://products.api.bbraun.io/api/image/FL036R?countryISOCode=01
FL037,https://products.api.bbraun.io/api/image/FL037?countryISOCode=01
FL038R,https://products.api.bbraun.io/api/image/FL038R?countryISOCode=01
FL039R,https://products.api.bbraun.io/api/image/FL039R?countryISOCode=01
FL044R,https://products.api.bbraun.io/api/image/FL044R?countryISOCode=01
FL045R,https://products.api.bbraun.io/api/image/FL047?countryISOCode=01
FL046NR,https://products.api.bbraun.io/api/image/FL046NR?countryISOCode=01
FL047,https://products.api.bbraun.io/api/image/FL047?countryISOCode=01
FL055R,https://products.api.bbraun.io/api/image/FL057NR?countryISOCode=01
FL057NR,https://products.api.bbraun.io/api/image/FL057NR?countryISOCode=01
FL059R,https://products.api.bbraun.io/api/image/FL059R?countryISOCode=01
FL060R,https://products.api.bbraun.io/api/image/FL060R?countryISOCode=01
FL062,https://products.api.bbraun.io/api/image/FL062?countryISOCode=01
FL062NR,https://products.api.bbraun.io/api/image/FL062NR?countryISOCode=01
FL064R,https://products.api.bbraun.io/api/image/FL064R?countryISOCode=01
FL065,https://products.api.bbraun.io/api/image/FL065?countryISOCode=01
FL066NR,https://products.api.bbraun.io/api/image/FL066NR?countryISOCode=01
FL066R,https://products.api.bbraun.io/api/image/FL066R?countryISOCode=01
FL068R,https://products.api.bbraun.io/api/image/FL068R?countryISOCode=01
FL069NR,https://products.api.bbraun.io/api/image/FL069NR?countryISOCode=01
FL069R,https://products.api.bbraun.io/api/image/FL069R?countryISOCode=01
FL070S,https://products.api.bbraun.io/api/image/FL070S?countryISOCode=01
FL083NR,https://products.api.bbraun.io/api/image/FL083NR?countryISOCode=01
FL084NR,https://products.api.bbraun.io/api/image/FL084NR?countryISOCode=01
FL086NR,https://products.api.bbraun.io/api/image/FL086NR?countryISOCode=01
FL088R,https://products.api.bbraun.io/api/image/FL088R?countryISOCode=01
FL089R,https://products.api.bbraun.io/api/image/FL089R?countryISOCode=01
FL090R,https://products.api.bbraun.io/api/image/FL090R?countryISOCode=01
FL091R,https://products.api.bbraun.io/api/image/FL091R?countryISOCode=01
FL092R,https://products.api.bbraun.io/api/image/FL092R?countryISOCode=01
FL093R,https://products.api.bbraun.io/api/image/FL093R?countryISOCode=01
FL094R,https://products.api.bbraun.io/api/image/FL094R?countryISOCode=01
FL095R,https://products.api.bbraun.io/api/image/FL095R?countryISOCode=01
FL096R,https://products.api.bbraun.io/api/image/FL096R?countryISOCode=01
FL097R,https://products.api.bbraun.io/api/image/FL097R?countryISOCode=01
FL098R,https://products.api.bbraun.io/api/image/FL098R?countryISOCode=01
FL101R,https://products.api.bbraun.io/api/image/FL101R?countryISOCode=01
FL102R,https://products.api.bbraun.io/api/image/FL102R?countryISOCode=01
FL104R,https://products.api.bbraun.io/api/image/FL104R?countryISOCode=01
FL106R,https://products.api.bbraun.io/api/image/FL106R?countryISOCode=01
FL108R,https://products.api.bbraun.io/api/image/FL108R?countryISOCode=01
FL109R,https://products.api.bbraun.io/api/image/FL109R?countryISOCode=01
FL110R,https://products.api.bbraun.io/api/image/FL110R?countryISOCode=01
FL112R,https://products.api.bbraun.io/api/image/FL112R?countryISOCode=01
FL114R,https://products.api.bbraun.io/api/image/FL114R?countryISOCode=01
FL116R,https://products.api.bbraun.io/api/image/FL116R?countryISOCode=01
FL118R,https://products.api.bbraun.io/api/image/FL118R?countryISOCode=01
FL120R,https://products.api.bbraun.io/api/image/FL120R?countryISOCode=01
FL122R,https://products.api.bbraun.io/api/image/FL122R?countryISOCode=01
FL124R,https://products.api.bbraun.io/api/image/FL124R?countryISOCode=01
FL126R,https://products.api.bbraun.io/api/image/FL126R?countryISOCode=01
FL128R,https://products.api.bbraun.io/api/image/FL128R?countryISOCode=01
FL130R,https://products.api.bbraun.io/api/image/FL130R?countryISOCode=01
FL132R,https://products.api.bbraun.io/api/image/FL132R?countryISOCode=01
FL134R,https://products.api.bbraun.io/api/image/FL134R?countryISOCode=01
FL136R,https://products.api.bbraun.io/api/image/FL136R?countryISOCode=01
FL138R,https://products.api.bbraun.io/api/image/FL138R?countryISOCode=01
FL144R,https://products.api.bbraun.io/api/image/FL144R?countryISOCode=01
FL146R,https://products.api.bbraun.io/api/image/FL146R?countryISOCode=01
FL148R,https://products.api.bbraun.io/api/image/FL148R?countryISOCode=01
FL153R,None
FL156R,None
FL157R,None
FL173R,https://products.api.bbraun.io/api/image/FL173R?countryISOCode=01
FL174R,https://products.api.bbraun.io/api/image/FL174R?countryISOCode=01
FL175R,https://products.api.bbraun.io/api/image/FL175R?countryISOCode=01
FL176R,https://products.api.bbraun.io/api/image/FL176R?countryISOCode=01
FL183R,https://products.api.bbraun.io/api/image/FL183R?countryISOCode=01
FL184R,https://products.api.bbraun.io/api/image/FL184R?countryISOCode=01
FL185R,https://products.api.bbraun.io/api/image/FL185R?countryISOCode=01
FL186R,https://products.api.bbraun.io/api/image/FL186R?countryISOCode=01
FL187R,https://products.api.bbraun.io/api/image/FL187R?countryISOCode=01
FL213R,https://products.api.bbraun.io/api/image/FL213R?countryISOCode=01
FL214R,https://products.api.bbraun.io/api/image/FL214R?countryISOCode=01
FL215R,https://products.api.bbraun.io/api/image/FL215R?countryISOCode=01
FL216R,https://products.api.bbraun.io/api/image/FL216R?countryISOCode=01
FL223R,https://products.api.bbraun.io/api/image/FL223R?countryISOCode=01
FL224R,https://products.api.bbraun.io/api/image/FL224R?countryISOCode=01
FL225R,https://products.api.bbraun.io/api/image/FL225R?countryISOCode=01
FL226R,https://products.api.bbraun.io/api/image/FL226R?countryISOCode=01
FL227R,https://products.api.bbraun.io/api/image/FL227R?countryISOCode=01
FL343R,https://products.api.bbraun.io/api/image/FL343R?countryISOCode=01
FL345R,https://products.api.bbraun.io/api/image/FL345R?countryISOCode=01
FL347R,https://products.api.bbraun.io/api/image/FL347R?countryISOCode=01
FL380R,https://products.api.bbraun.io/api/image/FL380R?countryISOCode=01
FL381R,https://products.api.bbraun.io/api/image/FL381R?countryISOCode=01
FL382R,https://products.api.bbraun.io/api/image/FL382R?countryISOCode=01
FL383R,https://products.api.bbraun.io/api/image/FL383R?countryISOCode=01
FL384R,https://products.api.bbraun.io/api/image/FL384R?countryISOCode=01
FL390R,https://products.api.bbraun.io/api/image/FL390R?countryISOCode=01
FL391R,https://products.api.bbraun.io/api/image/FL391R?countryISOCode=01
FL392R,https://products.api.bbraun.io/api/image/FL392R?countryISOCode=01
FL393R,https://products.api.bbraun.io/api/image/FL393R?countryISOCode=01
FL394R,https://products.api.bbraun.io/api/image/FL394R?countryISOCode=01
FL400NR,https://products.api.bbraun.io/api/image/FL400NR?countryISOCode=01
FL401NR,https://products.api.bbraun.io/api/image/FL401NR?countryISOCode=01
FL401R,https://products.api.bbraun.io/api/image/FL400NR?countryISOCode=01
FL402NR,https://products.api.bbraun.io/api/image/FL402NR?countryISOCode=01
FL402R,https://products.api.bbraun.io/api/image/FL401NR?countryISOCode=01
FL403NR,https://products.api.bbraun.io/api/image/FL403NR?countryISOCode=01
FL403R,https://products.api.bbraun.io/api/image/FL403NR?countryISOCode=01
FL405NR,https://products.api.bbraun.io/api/image/FL405NR?countryISOCode=01
FL405R,https://products.api.bbraun.io/api/image/FL405NR?countryISOCode=01
FL406NR,https://products.api.bbraun.io/api/image/FL406NR?countryISOCode=01
FL406R,https://products.api.bbraun.io/api/image/FL406NR?countryISOCode=01
FL407NR,https://products.api.bbraun.io/api/image/FL407NR?countryISOCode=01
FL407R,https://products.api.bbraun.io/api/image/FL407NR?countryISOCode=01
FL408NR,https://products.api.bbraun.io/api/image/FL408NR?countryISOCode=01
FL408R,https://products.api.bbraun.io/api/image/FL408NR?countryISOCode=01
FL410NR,https://products.api.bbraun.io/api/image/FL410NR?countryISOCode=01
FL411NR,https://products.api.bbraun.io/api/image/FL411NR?countryISOCode=01
FL411R,https://products.api.bbraun.io/api/image/FL410NR?countryISOCode=01
FL412NR,https://products.api.bbraun.io/api/image/FL412NR?countryISOCode=01
FL412R,https://products.api.bbraun.io/api/image/FL411NR?countryISOCode=01
FL413NR,https://products.api.bbraun.io/api/image/FL413NR?countryISOCode=01
FL413R,https://products.api.bbraun.io/api/image/FL413NR?countryISOCode=01
FL415NR,https://products.api.bbraun.io/api/image/FL415NR?countryISOCode=01
FL415R,https://products.api.bbraun.io/api/image/FL415NR?countryISOCode=01
FL416NR,https://products.api.bbraun.io/api/image/FL416NR?countryISOCode=01
FL416R,https://products.api.bbraun.io/api/image/FL416NR?countryISOCode=01
FL417NR,https://products.api.bbraun.io/api/image/FL417NR?countryISOCode=01
FL417R,https://products.api.bbraun.io/api/image/FL417NR?countryISOCode=01
FL418NR,https://products.api.bbraun.io/api/image/FL418NR?countryISOCode=01
FL418R,https://products.api.bbraun.io/api/image/FL418NR?countryISOCode=01
FL420R,https://products.api.bbraun.io/api/image/FL420R?countryISOCode=01
FL423R,https://products.api.bbraun.io/api/image/FL423R?countryISOCode=01
FL437R,https://products.api.bbraun.io/api/image/FL437R?countryISOCode=01
FL438R,https://products.api.bbraun.io/api/image/FL438R?countryISOCode=01
FL439R,https://products.api.bbraun.io/api/image/FL439R?countryISOCode=01
FL440R,https://products.api.bbraun.io/api/image/FL440R?countryISOCode=01
FL441NR,https://products.api.bbraun.io/api/image/FL441NR?countryISOCode=01
FL441R,https://products.api.bbraun.io/api/image/FL441NR?countryISOCode=01
FL443NR,https://products.api.bbraun.io/api/image/FL443NR?countryISOCode=01
FL443R,https://products.api.bbraun.io/api/image/FL443NR?countryISOCode=01
FL445NR,https://products.api.bbraun.io/api/image/FL445NR?countryISOCode=01
FL445R,https://products.api.bbraun.io/api/image/FL445NR?countryISOCode=01
FL503R,https://products.api.bbraun.io/api/image/FL503R?countryISOCode=01
FL504R,https://products.api.bbraun.io/api/image/FL504R?countryISOCode=01
FL505R,https://products.api.bbraun.io/api/image/FL505R?countryISOCode=01
FL506R,https://products.api.bbraun.io/api/image/FL506R?countryISOCode=01
FL507R,https://products.api.bbraun.io/api/image/FL507R?countryISOCode=01
FL512R,https://products.api.bbraun.io/api/image/FL512R?countryISOCode=01
FL513R,https://products.api.bbraun.io/api/image/FL513R?countryISOCode=01
FL514R,https://products.api.bbraun.io/api/image/FL514R?countryISOCode=01
FL515R,https://products.api.bbraun.io/api/image/FL515R?countryISOCode=01
FL516R,https://products.api.bbraun.io/api/image/FL516R?countryISOCode=01
FL517R,https://products.api.bbraun.io/api/image/FL517R?countryISOCode=01
FL523R,https://products.api.bbraun.io/api/image/FL523R?countryISOCode=01
FL524R,https://products.api.bbraun.io/api/image/FL524R?countryISOCode=01
FL525R,https://products.api.bbraun.io/api/image/FL525R?countryISOCode=01
FL526R,https://products.api.bbraun.io/api/image/FL526R?countryISOCode=01
FL527R,https://products.api.bbraun.io/api/image/FL527R?countryISOCode=01
FL553R,https://products.api.bbraun.io/api/image/FL553R?countryISOCode=01
FL554R,https://products.api.bbraun.io/api/image/FL554R?countryISOCode=01
FL555R,https://products.api.bbraun.io/api/image/FL555R?countryISOCode=01
FL556R,https://products.api.bbraun.io/api/image/FL556R?countryISOCode=01
FL557R,https://products.api.bbraun.io/api/image/FL557R?countryISOCode=01
FL573R,https://products.api.bbraun.io/api/image/FL573R?countryISOCode=01
FL574R,https://products.api.bbraun.io/api/image/FL574R?countryISOCode=01
FL575R,https://products.api.bbraun.io/api/image/FL575R?countryISOCode=01
FL576R,https://products.api.bbraun.io/api/image/FL576R?countryISOCode=01
FL577R,https://products.api.bbraun.io/api/image/FL577R?countryISOCode=01
FL583R,https://products.api.bbraun.io/api/image/FL583R?countryISOCode=01
FL585R,https://products.api.bbraun.io/api/image/FL585R?countryISOCode=01
FL650R,https://products.api.bbraun.io/api/image/FL650R?countryISOCode=01
FL651R,https://products.api.bbraun.io/api/image/FL651R?countryISOCode=01
FL652R,https://products.api.bbraun.io/api/image/FL652R?countryISOCode=01
FL653R,https://products.api.bbraun.io/api/image/FL653R?countryISOCode=01
FL654R,https://products.api.bbraun.io/api/image/FL654R?countryISOCode=01
FL655R,https://products.api.bbraun.io/api/image/FL655R?countryISOCode=01
FL656R,https://products.api.bbraun.io/api/image/FL656R?countryISOCode=01
FL658R,https://products.api.bbraun.io/api/image/FL658R?countryISOCode=01
FL659R,https://products.api.bbraun.io/api/image/FL659R?countryISOCode=01
FL660R,https://products.api.bbraun.io/api/image/FL660R?countryISOCode=01
FL661R,https://products.api.bbraun.io/api/image/FL660R?countryISOCode=01
FL662R,https://products.api.bbraun.io/api/image/FL662R?countryISOCode=01
FL663R,https://products.api.bbraun.io/api/image/FL663R?countryISOCode=01
FL665R,https://products.api.bbraun.io/api/image/FL665R?countryISOCode=01
FL666R,https://products.api.bbraun.io/api/image/FL666R?countryISOCode=01
FL668R,https://products.api.bbraun.io/api/image/FL668R?countryISOCode=01
FL670R,https://products.api.bbraun.io/api/image/FL670R?countryISOCode=01
FL672R,https://products.api.bbraun.io/api/image/FL672R?countryISOCode=01
FL682R,https://products.api.bbraun.io/api/image/FL682R?countryISOCode=01
FL685R,https://products.api.bbraun.io/api/image/FL685R?countryISOCode=01
FL686R,https://products.api.bbraun.io/api/image/FL685R?countryISOCode=01
FL687R,https://products.api.bbraun.io/api/image/FL687R?countryISOCode=01
FL701R,https://products.api.bbraun.io/api/image/FL701R?countryISOCode=01
FL702R,https://products.api.bbraun.io/api/image/FL702R?countryISOCode=01
FL781R,https://products.api.bbraun.io/api/image/FL781R?countryISOCode=01
FL782R,https://products.api.bbraun.io/api/image/FL782R?countryISOCode=01
FL783R,https://products.api.bbraun.io/api/image/FL783R?countryISOCode=01
FL785R,https://products.api.bbraun.io/api/image/FL785R?countryISOCode=01
FL788R,https://products.api.bbraun.io/api/image/FL788R?countryISOCode=01
FL789R,https://products.api.bbraun.io/api/image/FL789R?countryISOCode=01
FL790R,https://products.api.bbraun.io/api/image/FL790R?countryISOCode=01
FL793R,https://products.api.bbraun.io/api/image/FL793R?countryISOCode=01
FL800R,https://products.api.bbraun.io/api/image/FL800R?countryISOCode=01
FL801R,https://products.api.bbraun.io/api/image/FL801R?countryISOCode=01
FL802R,https://products.api.bbraun.io/api/image/FL802R?countryISOCode=01
FL804R,https://products.api.bbraun.io/api/image/FL804R?countryISOCode=01
FL806R,https://products.api.bbraun.io/api/image/FL806R?countryISOCode=01
FL808R,https://products.api.bbraun.io/api/image/FL808R?countryISOCode=01
FL809R,https://products.api.bbraun.io/api/image/FL809R?countryISOCode=01
FL810R,https://products.api.bbraun.io/api/image/FL810R?countryISOCode=01
FL812R,https://products.api.bbraun.io/api/image/FL812R?countryISOCode=01
FL813R,https://products.api.bbraun.io/api/image/FL813R?countryISOCode=01
FL820NR,https://products.api.bbraun.io/api/image/FL820NR?countryISOCode=01
FL821NR,https://products.api.bbraun.io/api/image/FL821NR?countryISOCode=01
FL822NR,https://products.api.bbraun.io/api/image/FL822NR?countryISOCode=01
FL823NR,https://products.api.bbraun.io/api/image/FL823NR?countryISOCode=01
FL825NR,https://products.api.bbraun.io/api/image/FL825NR?countryISOCode=01
FL826NR,https://products.api.bbraun.io/api/image/FL826NR?countryISOCode=01
FL827NR,https://products.api.bbraun.io/api/image/FL827NR?countryISOCode=01
FL828NR,https://products.api.bbraun.io/api/image/FL828NR?countryISOCode=01
FL830NR,https://products.api.bbraun.io/api/image/FL830NR?countryISOCode=01
FL831NR,https://products.api.bbraun.io/api/image/FL831NR?countryISOCode=01
FL832NR,https://products.api.bbraun.io/api/image/FL832NR?countryISOCode=01
FL833NR,https://products.api.bbraun.io/api/image/FL833NR?countryISOCode=01
FL835NR,https://products.api.bbraun.io/api/image/FL835NR?countryISOCode=01
FL836NR,https://products.api.bbraun.io/api/image/FL836NR?countryISOCode=01
FL837NR,https://products.api.bbraun.io/api/image/FL837NR?countryISOCode=01
FL838NR,https://products.api.bbraun.io/api/image/FL838NR?countryISOCode=01
FL920NR,https://products.api.bbraun.io/api/image/FL920NR?countryISOCode=01
FL922NR,https://products.api.bbraun.io/api/image/FL922NR?countryISOCode=01
FL925NR,https://products.api.bbraun.io/api/image/FL925NR?countryISOCode=01
FL927NR,https://products.api.bbraun.io/api/image/FL927NR?countryISOCode=01
FL930NR,https://products.api.bbraun.io/api/image/FL930NR?countryISOCode=01
FL932NR,https://products.api.bbraun.io/api/image/FL932NR?countryISOCode=01
FL935NR,https://products.api.bbraun.io/api/image/FL935NR?countryISOCode=01
FL937NR,https://products.api.bbraun.io/api/image/FL937NR?countryISOCode=01
FM001R,https://products.api.bbraun.io/api/image/FM001R?countryISOCode=01
FM002R,https://products.api.bbraun.io/api/image/FM002R?countryISOCode=01
FM003R,https://products.api.bbraun.io/api/image/FM003R?countryISOCode=01
FM004R,https://products.api.bbraun.io/api/image/FM004R?countryISOCode=01
FM005R,https://products.api.bbraun.io/api/image/FM005R?countryISOCode=01
FM006R,https://products.api.bbraun.io/api/image/FM006R?countryISOCode=01
FM010R,https://products.api.bbraun.io/api/image/FM010R?countryISOCode=01
FM011R,https://products.api.bbraun.io/api/image/FM011R?countryISOCode=01
FM012R,https://products.api.bbraun.io/api/image/FM012R?countryISOCode=01
FM013R,https://products.api.bbraun.io/api/image/FM013R?countryISOCode=01
FM014R,https://products.api.bbraun.io/api/image/FM014R?countryISOCode=01
FM021R,https://products.api.bbraun.io/api/image/FM021R?countryISOCode=01
FM024R,None
FM026R,None
FM033R,https://products.api.bbraun.io/api/image/FM033R?countryISOCode=01
FM034R,https://products.api.bbraun.io/api/image/FM034R?countryISOCode=01
FM035R,https://products.api.bbraun.io/api/image/FM035R?countryISOCode=01
FM036R,https://products.api.bbraun.io/api/image/FM036R?countryISOCode=01
FM040R,https://products.api.bbraun.io/api/image/FM040R?countryISOCode=01
FM041R,https://products.api.bbraun.io/api/image/FM041R?countryISOCode=01
FM042R,https://products.api.bbraun.io/api/image/FM042R?countryISOCode=01
FM043R,https://products.api.bbraun.io/api/image/FM043R?countryISOCode=01
FM047R,None
FM053R,https://products.api.bbraun.io/api/image/FM053R?countryISOCode=01
FM054R,https://products.api.bbraun.io/api/image/FM054R?countryISOCode=01
FM061R,https://products.api.bbraun.io/api/image/FM061R?countryISOCode=01
FM063R,https://products.api.bbraun.io/api/image/FM063R?countryISOCode=01
FM120R,https://products.api.bbraun.io/api/image/FM120R?countryISOCode=01
FM121R,https://products.api.bbraun.io/api/image/FM121R?countryISOCode=01
FM122R,https://products.api.bbraun.io/api/image/FM122R?countryISOCode=01
FM123R,https://products.api.bbraun.io/api/image/FM123R?countryISOCode=01
FM124R,https://products.api.bbraun.io/api/image/FM124R?countryISOCode=01
FM125R,https://products.api.bbraun.io/api/image/FM125R?countryISOCode=01
FM130R,https://products.api.bbraun.io/api/image/FM130R?countryISOCode=01
FM131R,https://products.api.bbraun.io/api/image/FM131R?countryISOCode=01
FM132R,https://products.api.bbraun.io/api/image/FM132R?countryISOCode=01
FM133R,https://products.api.bbraun.io/api/image/FM133R?countryISOCode=01
FM134R,https://products.api.bbraun.io/api/image/FM134R?countryISOCode=01
FM135R,https://products.api.bbraun.io/api/image/FM135R?countryISOCode=01
FM140R,https://products.api.bbraun.io/api/image/FM140R?countryISOCode=01
FM141R,https://products.api.bbraun.io/api/image/FM141R?countryISOCode=01
FM142R,https://products.api.bbraun.io/api/image/FM142R?countryISOCode=01
FM143R,https://products.api.bbraun.io/api/image/FM143R?countryISOCode=01
FM144R,https://products.api.bbraun.io/api/image/FM144R?countryISOCode=01
FM145R,https://products.api.bbraun.io/api/image/FM145R?countryISOCode=01
FM146B,https://products.api.bbraun.io/api/image/FM146B?countryISOCode=01
FM147B,https://products.api.bbraun.io/api/image/FM147B?countryISOCode=01
FM148B,https://products.api.bbraun.io/api/image/FM148B?countryISOCode=01
FM149B,https://products.api.bbraun.io/api/image/FM149B?countryISOCode=01
FM150R,https://products.api.bbraun.io/api/image/FM150R?countryISOCode=01
FM151R,https://products.api.bbraun.io/api/image/FM151R?countryISOCode=01
FM153R,https://products.api.bbraun.io/api/image/FM153R?countryISOCode=01
FM154R,https://products.api.bbraun.io/api/image/FM154R?countryISOCode=01
FM156R,https://products.api.bbraun.io/api/image/FM156R?countryISOCode=01
FM157R,https://products.api.bbraun.io/api/image/FM157R?countryISOCode=01
FM158R,https://products.api.bbraun.io/api/image/FM158R?countryISOCode=01
FM159R,https://products.api.bbraun.io/api/image/FM159R?countryISOCode=01
FM160R,None
FM161R,https://products.api.bbraun.io/api/image/FM161R?countryISOCode=01
FM162R,None
FM163R,https://products.api.bbraun.io/api/image/FM163R?countryISOCode=01
FM167R,https://products.api.bbraun.io/api/image/FM167R?countryISOCode=01
FM168R,https://products.api.bbraun.io/api/image/FM168R?countryISOCode=01
FM169R,None
FM170R,https://products.api.bbraun.io/api/image/FM170R?countryISOCode=01
FM173R,https://products.api.bbraun.io/api/image/FM173R?countryISOCode=01
FM174R,https://products.api.bbraun.io/api/image/FM174R?countryISOCode=01
FM175R,https://products.api.bbraun.io/api/image/FM175R?countryISOCode=01
FM176R,https://products.api.bbraun.io/api/image/FM176R?countryISOCode=01
FM177R,https://products.api.bbraun.io/api/image/FM177R?countryISOCode=01
FM178R,https://products.api.bbraun.io/api/image/FM178R?countryISOCode=01
FM179R,https://products.api.bbraun.io/api/image/FM179R?countryISOCode=01
FM218R,https://products.api.bbraun.io/api/image/FM218R?countryISOCode=01
FM221R,https://products.api.bbraun.io/api/image/FM221R?countryISOCode=01
FM223R,https://products.api.bbraun.io/api/image/FM223R?countryISOCode=01
FM228R,https://products.api.bbraun.io/api/image/FM228R?countryISOCode=01
FM230R,https://products.api.bbraun.io/api/image/FM230R?countryISOCode=01
FM232T,https://products.api.bbraun.io/api/image/FM232T?countryISOCode=01
FM233T,https://products.api.bbraun.io/api/image/FM233T?countryISOCode=01
FM234T,None
FM236R,https://products.api.bbraun.io/api/image/FM236R?countryISOCode=01
FM238T,https://products.api.bbraun.io/api/image/FM238T?countryISOCode=01
FM239T,https://products.api.bbraun.io/api/image/FM239T?countryISOCode=01
FM240T,https://products.api.bbraun.io/api/image/FM240T?countryISOCode=01
FM252T,https://products.api.bbraun.io/api/image/FM252T?countryISOCode=01
FM253T,https://products.api.bbraun.io/api/image/FM253T?countryISOCode=01
FM254T,None
FM258T,https://products.api.bbraun.io/api/image/FM258T?countryISOCode=01
FM259T,https://products.api.bbraun.io/api/image/FM259T?countryISOCode=01
FM260T,https://products.api.bbraun.io/api/image/FM260T?countryISOCode=01
FM276R,https://products.api.bbraun.io/api/image/FM276R?countryISOCode=01
FM317T,https://products.api.bbraun.io/api/image/FM317T?countryISOCode=01
FM318T,https://products.api.bbraun.io/api/image/FM318T?countryISOCode=01
FM319T,https://products.api.bbraun.io/api/image/FM319T?countryISOCode=01
FM327T,https://products.api.bbraun.io/api/image/FM327T?countryISOCode=01
FM328T,https://products.api.bbraun.io/api/image/FM328T?countryISOCode=01
FM329T,https://products.api.bbraun.io/api/image/FM329T?countryISOCode=01
FM337T,https://products.api.bbraun.io/api/image/FM337T?countryISOCode=01
FM338T,https://products.api.bbraun.io/api/image/FM338T?countryISOCode=01
FM339T,https://products.api.bbraun.io/api/image/FM339T?countryISOCode=01
FM388R,https://products.api.bbraun.io/api/image/FM388R?countryISOCode=01
FM390R,https://products.api.bbraun.io/api/image/FM390R?countryISOCode=01
FM392R,https://products.api.bbraun.io/api/image/FM392R?countryISOCode=01
FM398R,https://products.api.bbraun.io/api/image/FM392R?countryISOCode=01
FM430R,https://products.api.bbraun.io/api/image/FM430R?countryISOCode=01
FM431R,https://products.api.bbraun.io/api/image/FM431R?countryISOCode=01
FM432R,https://products.api.bbraun.io/api/image/FM432R?countryISOCode=01
FM433R,https://products.api.bbraun.io/api/image/FM433R?countryISOCode=01
FM434R,https://products.api.bbraun.io/api/image/FM434R?countryISOCode=01
FM435R,https://products.api.bbraun.io/api/image/FM435R?countryISOCode=01
FM436R,https://products.api.bbraun.io/api/image/FM436R?countryISOCode=01
FM437R,https://products.api.bbraun.io/api/image/FM437R?countryISOCode=01
FM438R,https://products.api.bbraun.io/api/image/FM438R?countryISOCode=01
FM439R,https://products.api.bbraun.io/api/image/FM439R?countryISOCode=01
FM440R,https://products.api.bbraun.io/api/image/FM440R?countryISOCode=01
FM441R,https://products.api.bbraun.io/api/image/FM441R?countryISOCode=01
FM442R,https://products.api.bbraun.io/api/image/FM442R?countryISOCode=01
FM444R,https://products.api.bbraun.io/api/image/FM444R?countryISOCode=01
FM451R,https://products.api.bbraun.io/api/image/FM451R?countryISOCode=01
FM452R,https://products.api.bbraun.io/api/image/FM452R?countryISOCode=01
FM453R,https://products.api.bbraun.io/api/image/FM453R?countryISOCode=01
FM454R,https://products.api.bbraun.io/api/image/FM454R?countryISOCode=01
FM455R,https://products.api.bbraun.io/api/image/FM455R?countryISOCode=01
FM470R,https://products.api.bbraun.io/api/image/FM470R?countryISOCode=01
FM471R,https://products.api.bbraun.io/api/image/FM471R?countryISOCode=01
FM472R,https://products.api.bbraun.io/api/image/FM472R?countryISOCode=01
FM473R,https://products.api.bbraun.io/api/image/FM473R?countryISOCode=01
FM474R,https://products.api.bbraun.io/api/image/FM474R?countryISOCode=01
FM476R,https://products.api.bbraun.io/api/image/FM476R?countryISOCode=01
FM477R,https://products.api.bbraun.io/api/image/FM477R?countryISOCode=01
FM478R,https://products.api.bbraun.io/api/image/FM478R?countryISOCode=01
FM479R,https://products.api.bbraun.io/api/image/FM479R?countryISOCode=01
FM480R,https://products.api.bbraun.io/api/image/FM480R?countryISOCode=01
FM481R,https://products.api.bbraun.io/api/image/FM481R?countryISOCode=01
FM482R,https://products.api.bbraun.io/api/image/FM482R?countryISOCode=01
FM483R,https://products.api.bbraun.io/api/image/FM483R?countryISOCode=01
FM484R,https://products.api.bbraun.io/api/image/FM484R?countryISOCode=01
FM485R,https://products.api.bbraun.io/api/image/FM485R?countryISOCode=01
FM486R,https://products.api.bbraun.io/api/image/FM486R?countryISOCode=01
FM488R,https://products.api.bbraun.io/api/image/FM488R?countryISOCode=01
FM489R,https://products.api.bbraun.io/api/image/FM489R?countryISOCode=01
FM490R,https://products.api.bbraun.io/api/image/FM490R?countryISOCode=01
FM491R,https://products.api.bbraun.io/api/image/FM491R?countryISOCode=01
FM492R,https://products.api.bbraun.io/api/image/FM492R?countryISOCode=01
FM493R,https://products.api.bbraun.io/api/image/FM493R?countryISOCode=01
FM503R,https://products.api.bbraun.io/api/image/FM503R?countryISOCode=01
FM504R,https://products.api.bbraun.io/api/image/FM504R?countryISOCode=01
FM505R,https://products.api.bbraun.io/api/image/FM505R?countryISOCode=01
FM506R,https://products.api.bbraun.io/api/image/FM506R?countryISOCode=01
FM507R,https://products.api.bbraun.io/api/image/FM507R?countryISOCode=01
FM508R,https://products.api.bbraun.io/api/image/FM508R?countryISOCode=01
FM520R,https://products.api.bbraun.io/api/image/FM520R?countryISOCode=01
FM521R,https://products.api.bbraun.io/api/image/FM521R?countryISOCode=01
FM522R,https://products.api.bbraun.io/api/image/FM522R?countryISOCode=01
FM523R,https://products.api.bbraun.io/api/image/FM523R?countryISOCode=01
FM524R,https://products.api.bbraun.io/api/image/FM524R?countryISOCode=01
FM525R,https://products.api.bbraun.io/api/image/FM525R?countryISOCode=01
FM526R,https://products.api.bbraun.io/api/image/FM526R?countryISOCode=01
FM527R,https://products.api.bbraun.io/api/image/FM527R?countryISOCode=01
FM528R,https://products.api.bbraun.io/api/image/FM528R?countryISOCode=01
FM529R,https://products.api.bbraun.io/api/image/FM529R?countryISOCode=01
FM530R,https://products.api.bbraun.io/api/image/FM530R?countryISOCode=01
FM531R,https://products.api.bbraun.io/api/image/FM531R?countryISOCode=01
FM532R,https://products.api.bbraun.io/api/image/FM532R?countryISOCode=01
FM533R,https://products.api.bbraun.io/api/image/FM533R?countryISOCode=01
FM534R,https://products.api.bbraun.io/api/image/FM534R?countryISOCode=01
FM535R,https://products.api.bbraun.io/api/image/FM535R?countryISOCode=01
FM536R,https://products.api.bbraun.io/api/image/FM536R?countryISOCode=01
FM537R,https://products.api.bbraun.io/api/image/FM537R?countryISOCode=01
FM538R,https://products.api.bbraun.io/api/image/FM538R?countryISOCode=01
FM539R,https://products.api.bbraun.io/api/image/FM539R?countryISOCode=01
FM540R,https://products.api.bbraun.io/api/image/FM540R?countryISOCode=01
FM541R,https://products.api.bbraun.io/api/image/FM541R?countryISOCode=01
FM542R,https://products.api.bbraun.io/api/image/FM542R?countryISOCode=01
FM543R,https://products.api.bbraun.io/api/image/FM543R?countryISOCode=01
FM544R,https://products.api.bbraun.io/api/image/FM544R?countryISOCode=01
FM545R,https://products.api.bbraun.io/api/image/FM545R?countryISOCode=01
FM546R,https://products.api.bbraun.io/api/image/FM546R?countryISOCode=01
FM547R,https://products.api.bbraun.io/api/image/FM547R?countryISOCode=01
FM548R,https://products.api.bbraun.io/api/image/FM548R?countryISOCode=01
FM549R,https://products.api.bbraun.io/api/image/FM549R?countryISOCode=01
FM550R,https://products.api.bbraun.io/api/image/FM550R?countryISOCode=01
FM551R,https://products.api.bbraun.io/api/image/FM551R?countryISOCode=01
FM552R,https://products.api.bbraun.io/api/image/FM552R?countryISOCode=01
FM553R,https://products.api.bbraun.io/api/image/FM553R?countryISOCode=01
FM554R,https://products.api.bbraun.io/api/image/FM554R?countryISOCode=01
FM555R,https://products.api.bbraun.io/api/image/FM555R?countryISOCode=01
FM560R,https://products.api.bbraun.io/api/image/FM560R?countryISOCode=01
FM561R,https://products.api.bbraun.io/api/image/FM561R?countryISOCode=01
FM563R,https://products.api.bbraun.io/api/image/FM563R?countryISOCode=01
FM564R,https://products.api.bbraun.io/api/image/FM564R?countryISOCode=01
FM565R,https://products.api.bbraun.io/api/image/FM565R?countryISOCode=01
FM566R,https://products.api.bbraun.io/api/image/FM566R?countryISOCode=01
FM567R,https://products.api.bbraun.io/api/image/FM567R?countryISOCode=01
FM568R,https://products.api.bbraun.io/api/image/FM568R?countryISOCode=01
FM570R,https://products.api.bbraun.io/api/image/FM570R?countryISOCode=01
FM571R,https://products.api.bbraun.io/api/image/FM571R?countryISOCode=01
FM572R,https://products.api.bbraun.io/api/image/FM572R?countryISOCode=01
FM573R,https://products.api.bbraun.io/api/image/FM573R?countryISOCode=01
FM574R,https://products.api.bbraun.io/api/image/FM574R?countryISOCode=01
FM575R,https://products.api.bbraun.io/api/image/FM575R?countryISOCode=01
FM576R,https://products.api.bbraun.io/api/image/FM576R?countryISOCode=01
FM577R,https://products.api.bbraun.io/api/image/FM577R?countryISOCode=01
FM578R,https://products.api.bbraun.io/api/image/FM578R?countryISOCode=01
FM579R,https://products.api.bbraun.io/api/image/FM579R?countryISOCode=01
FM580R,https://products.api.bbraun.io/api/image/FM580R?countryISOCode=01
FM581R,https://products.api.bbraun.io/api/image/FM581R?countryISOCode=01
FM582R,https://products.api.bbraun.io/api/image/FM582R?countryISOCode=01
FM583R,https://products.api.bbraun.io/api/image/FM583R?countryISOCode=01
FM584R,https://products.api.bbraun.io/api/image/FM584R?countryISOCode=01
FM585R,https://products.api.bbraun.io/api/image/FM585R?countryISOCode=01
FM586R,https://products.api.bbraun.io/api/image/FM586R?countryISOCode=01
FM587R,https://products.api.bbraun.io/api/image/FM587R?countryISOCode=01
FM588R,https://products.api.bbraun.io/api/image/FM588R?countryISOCode=01
FM589R,https://products.api.bbraun.io/api/image/FM589R?countryISOCode=01
FM590R,https://products.api.bbraun.io/api/image/FM590R?countryISOCode=01
FM591R,https://products.api.bbraun.io/api/image/FM591R?countryISOCode=01
FM592R,https://products.api.bbraun.io/api/image/FM592R?countryISOCode=01
FM593R,https://products.api.bbraun.io/api/image/FM593R?countryISOCode=01
FM594R,https://products.api.bbraun.io/api/image/FM594R?countryISOCode=01
FM595R,https://products.api.bbraun.io/api/image/FM595R?countryISOCode=01
FM596R,https://products.api.bbraun.io/api/image/FM596R?countryISOCode=01
FM597R,https://products.api.bbraun.io/api/image/FM597R?countryISOCode=01
FM598R,https://products.api.bbraun.io/api/image/FM598R?countryISOCode=01
FM599R,https://products.api.bbraun.io/api/image/FM599R?countryISOCode=01
FM600R,https://products.api.bbraun.io/api/image/FM600R?countryISOCode=01
FM670R,https://products.api.bbraun.io/api/image/FM670R?countryISOCode=01
FM671R,https://products.api.bbraun.io/api/image/FM671R?countryISOCode=01
FM672R,https://products.api.bbraun.io/api/image/FM672R?countryISOCode=01
FM675R,None
FM677R,None
FM680R,https://products.api.bbraun.io/api/image/FM680R?countryISOCode=01
FM681R,https://products.api.bbraun.io/api/image/FM681R?countryISOCode=01
FM682R,https://products.api.bbraun.io/api/image/FM682R?countryISOCode=01
FM685R,None
FM686R,None
FM687R,None
FM690R,https://products.api.bbraun.io/api/image/FM690R?countryISOCode=01
FM691R,https://products.api.bbraun.io/api/image/FM691R?countryISOCode=01
FM692R,https://products.api.bbraun.io/api/image/FM692R?countryISOCode=01
FM695R,None
FM697R,None
FM700R,https://products.api.bbraun.io/api/image/FM700R?countryISOCode=01
FM701R,https://products.api.bbraun.io/api/image/FM701R?countryISOCode=01
FM702R,https://products.api.bbraun.io/api/image/FM702R?countryISOCode=01
FM705R,None
FM707R,None
FM710R,https://products.api.bbraun.io/api/image/FM710R?countryISOCode=01
FM711R,https://products.api.bbraun.io/api/image/FM711R?countryISOCode=01
FM712R,https://products.api.bbraun.io/api/image/FM712R?countryISOCode=01
FM715R,None
FM716R,None
FM717R,None
FM720R,https://products.api.bbraun.io/api/image/FM720R?countryISOCode=01
FM721R,https://products.api.bbraun.io/api/image/FM721R?countryISOCode=01
FM722R,https://products.api.bbraun.io/api/image/FM722R?countryISOCode=01
FM725R,None
FM726R,None
FM727R,None
FO100R,https://products.api.bbraun.io/api/image/FO100R?countryISOCode=01
FO102NR,https://products.api.bbraun.io/api/image/FO102NR?countryISOCode=01
FO103NR,https://products.api.bbraun.io/api/image/FO103NR?countryISOCode=01
FO105R,https://products.api.bbraun.io/api/image/FO105R?countryISOCode=01
FO106R,https://products.api.bbraun.io/api/image/FO106R?countryISOCode=01
FO108R,https://products.api.bbraun.io/api/image/FO108R?countryISOCode=01
FO110R,https://products.api.bbraun.io/api/image/FO110R?countryISOCode=01
FO111R,https://products.api.bbraun.io/api/image/FO111R?countryISOCode=01
FO112R,https://products.api.bbraun.io/api/image/FO112R?countryISOCode=01
FO113R,https://products.api.bbraun.io/api/image/FO113R?countryISOCode=01
FO115R,https://products.api.bbraun.io/api/image/FO115R?countryISOCode=01
FO116R,https://products.api.bbraun.io/api/image/FO116R?countryISOCode=01
FO117R,https://products.api.bbraun.io/api/image/FO117R?countryISOCode=01
FO118R,https://products.api.bbraun.io/api/image/FO118R?countryISOCode=01
FO119R,https://products.api.bbraun.io/api/image/FO119R?countryISOCode=01
FO120R,https://products.api.bbraun.io/api/image/FO120R?countryISOCode=01
FO123R,https://products.api.bbraun.io/api/image/FO123R?countryISOCode=01
FO124R,https://products.api.bbraun.io/api/image/FO124R?countryISOCode=01
FO125R,https://products.api.bbraun.io/api/image/FO125R?countryISOCode=01
FO127R,https://products.api.bbraun.io/api/image/FO127R?countryISOCode=01
FO130R,https://products.api.bbraun.io/api/image/FO130R?countryISOCode=01
FO135R,https://products.api.bbraun.io/api/image/FO135R?countryISOCode=01
FO136R,https://products.api.bbraun.io/api/image/FO136R?countryISOCode=01
FO140R,https://products.api.bbraun.io/api/image/FO140R?countryISOCode=01
FO141R,https://products.api.bbraun.io/api/image/FO141R?countryISOCode=01
FO143R,https://products.api.bbraun.io/api/image/FO143R?countryISOCode=01
FO144R,https://products.api.bbraun.io/api/image/FO144R?countryISOCode=01
FO145R,https://products.api.bbraun.io/api/image/FO145R?countryISOCode=01
FO146R,https://products.api.bbraun.io/api/image/FO146R?countryISOCode=01
FO148R,https://products.api.bbraun.io/api/image/FO148R?countryISOCode=01
FO150R,https://products.api.bbraun.io/api/image/FO150R?countryISOCode=01
FO151R,https://products.api.bbraun.io/api/image/FO151R?countryISOCode=01
FO153R,https://products.api.bbraun.io/api/image/FO153R?countryISOCode=01
FO158R,https://products.api.bbraun.io/api/image/FO158R?countryISOCode=01
FO159R,https://products.api.bbraun.io/api/image/FO159R?countryISOCode=01
FO160R,https://products.api.bbraun.io/api/image/FO160R?countryISOCode=01
FO161R,https://products.api.bbraun.io/api/image/FO161R?countryISOCode=01
FO162R,https://products.api.bbraun.io/api/image/FO162R?countryISOCode=01
FO169R,https://products.api.bbraun.io/api/image/FO169R?countryISOCode=01
FO170R,https://products.api.bbraun.io/api/image/FO170R?countryISOCode=01
FO171R,https://products.api.bbraun.io/api/image/FO171R?countryISOCode=01
FO172R,https://products.api.bbraun.io/api/image/FO172R?countryISOCode=01
FO173R,https://products.api.bbraun.io/api/image/FO173R?countryISOCode=01
FO180R,https://products.api.bbraun.io/api/image/FO180R?countryISOCode=01
FO181R,https://products.api.bbraun.io/api/image/FO181R?countryISOCode=01
FO182R,https://products.api.bbraun.io/api/image/FO182R?countryISOCode=01
FO183R,https://products.api.bbraun.io/api/image/FO183R?countryISOCode=01
FO190R,https://products.api.bbraun.io/api/image/FO190R?countryISOCode=01
FO191R,https://products.api.bbraun.io/api/image/FO191R?countryISOCode=01
FO192R,https://products.api.bbraun.io/api/image/FO192R?countryISOCode=01
FO193R,https://products.api.bbraun.io/api/image/FO193R?countryISOCode=01
FO199R,https://products.api.bbraun.io/api/image/FO199R?countryISOCode=01
FO216R,None
FO399R,https://products.api.bbraun.io/api/image/FO399R?countryISOCode=01
FO400R,https://products.api.bbraun.io/api/image/FO400R?countryISOCode=01
FO406R,https://products.api.bbraun.io/api/image/FO406R?countryISOCode=01
FO407R,https://products.api.bbraun.io/api/image/FO407R?countryISOCode=01
FO409R,https://products.api.bbraun.io/api/image/FO409R?countryISOCode=01
FO410R,https://products.api.bbraun.io/api/image/FO410R?countryISOCode=01
FO411R,https://products.api.bbraun.io/api/image/FO411R?countryISOCode=01
FO412R,https://products.api.bbraun.io/api/image/FO412R?countryISOCode=01
FO413R,https://products.api.bbraun.io/api/image/FO413R?countryISOCode=01
FO415R,https://products.api.bbraun.io/api/image/FO415R?countryISOCode=01
FO416R,https://products.api.bbraun.io/api/image/FO416R?countryISOCode=01
FO428R,https://products.api.bbraun.io/api/image/FO428R?countryISOCode=01
FO430R,https://products.api.bbraun.io/api/image/FO430R?countryISOCode=01
FO432R,https://products.api.bbraun.io/api/image/FO432R?countryISOCode=01
FO440R,https://products.api.bbraun.io/api/image/FO440R?countryISOCode=01
FO442R,https://products.api.bbraun.io/api/image/FO442R?countryISOCode=01
FO450R,https://products.api.bbraun.io/api/image/FO450R?countryISOCode=01
FO451R,https://products.api.bbraun.io/api/image/FO451R?countryISOCode=01
FO453R,https://products.api.bbraun.io/api/image/FO453R?countryISOCode=01
FO455R,https://products.api.bbraun.io/api/image/FO455R?countryISOCode=01
FO457R,https://products.api.bbraun.io/api/image/FO457R?countryISOCode=01
FO460R,https://products.api.bbraun.io/api/image/FO460R?countryISOCode=01
FO461R,https://products.api.bbraun.io/api/image/FO461R?countryISOCode=01
FO462R,https://products.api.bbraun.io/api/image/FO462R?countryISOCode=01
FO463R,https://products.api.bbraun.io/api/image/FO463R?countryISOCode=01
FO467R,https://products.api.bbraun.io/api/image/FO467R?countryISOCode=01
FO470R,https://products.api.bbraun.io/api/image/FO470R?countryISOCode=01
FO472R,https://products.api.bbraun.io/api/image/FO472R?countryISOCode=01
FO474R,https://products.api.bbraun.io/api/image/FO474R?countryISOCode=01
FO475R,https://products.api.bbraun.io/api/image/FO475R?countryISOCode=01
FO500R,https://products.api.bbraun.io/api/image/FO500R?countryISOCode=01
FO502R,https://products.api.bbraun.io/api/image/FO502R?countryISOCode=01
FO511R,https://products.api.bbraun.io/api/image/FO511R?countryISOCode=01
FO514R,https://products.api.bbraun.io/api/image/FO514R?countryISOCode=01
FO515NR,https://products.api.bbraun.io/api/image/FO515NR?countryISOCode=01
FO515R,https://products.api.bbraun.io/api/image/FO515NR?countryISOCode=01
FO516NR,https://products.api.bbraun.io/api/image/FO516NR?countryISOCode=01
FO517NR,https://products.api.bbraun.io/api/image/FO517NR?countryISOCode=01
FO518NR,https://products.api.bbraun.io/api/image/FO518NR?countryISOCode=01
FO518R,https://products.api.bbraun.io/api/image/FO518NR?countryISOCode=01
FO520NR,https://products.api.bbraun.io/api/image/FO520NR?countryISOCode=01
FO520R,https://products.api.bbraun.io/api/image/FO520R?countryISOCode=01
FO521NR,https://products.api.bbraun.io/api/image/FO521NR?countryISOCode=01
FO521R,https://products.api.bbraun.io/api/image/FO521NR?countryISOCode=01
FO522R,https://products.api.bbraun.io/api/image/FO522R?countryISOCode=01
FO523R,https://products.api.bbraun.io/api/image/FO523R?countryISOCode=01
FO525R,https://products.api.bbraun.io/api/image/FO525R?countryISOCode=01
FO526R,https://products.api.bbraun.io/api/image/FO526R?countryISOCode=01
FO527R,https://products.api.bbraun.io/api/image/FO527R?countryISOCode=01
FO530NR,https://products.api.bbraun.io/api/image/FO530NR?countryISOCode=01
FO530R,https://products.api.bbraun.io/api/image/FO530NR?countryISOCode=01
FO532NR,https://products.api.bbraun.io/api/image/FO532NR?countryISOCode=01
FO532R,https://products.api.bbraun.io/api/image/FO532R?countryISOCode=01
FO534NR,https://products.api.bbraun.io/api/image/FO534NR?countryISOCode=01
FO534R,https://products.api.bbraun.io/api/image/FO534NR?countryISOCode=01
FO550NR,https://products.api.bbraun.io/api/image/FO550NR?countryISOCode=01
FO550R,https://products.api.bbraun.io/api/image/FO550NR?countryISOCode=01
FO551NR,https://products.api.bbraun.io/api/image/FO551NR?countryISOCode=01
FO551R,https://products.api.bbraun.io/api/image/FO551NR?countryISOCode=01
FO555R,https://products.api.bbraun.io/api/image/FO555R?countryISOCode=01
FO566R,https://products.api.bbraun.io/api/image/FO566R?countryISOCode=01
FO570R,https://products.api.bbraun.io/api/image/FO570R?countryISOCode=01
FO572R,https://products.api.bbraun.io/api/image/FO572R?countryISOCode=01
FO599R,https://products.api.bbraun.io/api/image/FO599R?countryISOCode=01
FO601R,https://products.api.bbraun.io/api/image/FO601R?countryISOCode=01
FO602R,https://products.api.bbraun.io/api/image/FO602R?countryISOCode=01
FO604R,https://products.api.bbraun.io/api/image/FO604R?countryISOCode=01
FO610R,https://products.api.bbraun.io/api/image/FO610R?countryISOCode=01
FO611R,https://products.api.bbraun.io/api/image/FO611R?countryISOCode=01
FO612R,https://products.api.bbraun.io/api/image/FO612R?countryISOCode=01
FO614R,https://products.api.bbraun.io/api/image/FO614R?countryISOCode=01
FO620R,https://products.api.bbraun.io/api/image/FO620R?countryISOCode=01
FO622R,https://products.api.bbraun.io/api/image/FO622R?countryISOCode=01
FO624R,https://products.api.bbraun.io/api/image/FO624R?countryISOCode=01
FO626R,https://products.api.bbraun.io/api/image/FO626R?countryISOCode=01
FO632R,https://products.api.bbraun.io/api/image/FO632R?countryISOCode=01
FO634R,https://products.api.bbraun.io/api/image/FO634R?countryISOCode=01
FO636R,https://products.api.bbraun.io/api/image/FO636R?countryISOCode=01
FO640R,https://products.api.bbraun.io/api/image/FO640R?countryISOCode=01
FO641NR,https://products.api.bbraun.io/api/image/FO641NR?countryISOCode=01
FO641R,https://products.api.bbraun.io/api/image/FO641NR?countryISOCode=01
FO645NR,https://products.api.bbraun.io/api/image/FO645NR?countryISOCode=01
FO645R,https://products.api.bbraun.io/api/image/FO645NR?countryISOCode=01
FO646R,https://products.api.bbraun.io/api/image/FO646R?countryISOCode=01
FO647R,https://products.api.bbraun.io/api/image/FO647R?countryISOCode=01
FO648R,https://products.api.bbraun.io/api/image/FO648R?countryISOCode=01
FO649R,https://products.api.bbraun.io/api/image/FO649R?countryISOCode=01
FO671R,None
FO672R,None
FO673R,None
FO674R,None
FO677R,None
FO678R,None
FO679R,None
FO681R,None
FO682R,None
FO685R,None
FO686R,None
FO687R,None
FO689R,None
FO690R,None
FO728R,None
FO745R,None
FO747R,None
FO748R,None
FO749R,None
FO752R,None
FO753R,None
FO759R,None
FO761R,None
FO764,None
FO766R,None
FO774R,None
FO782R,None
FO789R,None
FO790R,None
FO797R,None
FO798R,None
FO799R,None
FO800R,https://products.api.bbraun.io/api/image/FO800R?countryISOCode=01
FO801R,https://products.api.bbraun.io/api/image/FO801R?countryISOCode=01
FO807R,https://products.api.bbraun.io/api/image/FO807R?countryISOCode=01
FO808R,https://products.api.bbraun.io/api/image/FO808R?countryISOCode=01
FO810R,https://products.api.bbraun.io/api/image/FO810R?countryISOCode=01
FO816R,https://products.api.bbraun.io/api/image/FO816R?countryISOCode=01
FO820R,https://products.api.bbraun.io/api/image/FO820R?countryISOCode=01
FO855R,https://products.api.bbraun.io/api/image/FO855R?countryISOCode=01
FO856R,https://products.api.bbraun.io/api/image/FO856R?countryISOCode=01
FO857R,https://products.api.bbraun.io/api/image/FO857R?countryISOCode=01
FO900R,https://products.api.bbraun.io/api/image/FO900R?countryISOCode=01
FO901R,https://products.api.bbraun.io/api/image/FO901R?countryISOCode=01
FO903R,https://products.api.bbraun.io/api/image/FO903R?countryISOCode=01
FO912R,https://products.api.bbraun.io/api/image/FO912R?countryISOCode=01
FO913R,https://products.api.bbraun.io/api/image/FO913R?countryISOCode=01
FO917A,https://products.api.bbraun.io/api/image/FO917A?countryISOCode=01
FO918A,https://products.api.bbraun.io/api/image/FO918A?countryISOCode=01
FO928R,https://products.api.bbraun.io/api/image/FO928R?countryISOCode=01
FO930R,https://products.api.bbraun.io/api/image/FO930R?countryISOCode=01
FO931R,None
FO932R,None
FO935R,https://products.api.bbraun.io/api/image/FO935R?countryISOCode=01
FO937R,https://products.api.bbraun.io/api/image/FO937R?countryISOCode=01
FO939R,https://products.api.bbraun.io/api/image/FO939R?countryISOCode=01
FO940R,None
FO950R,https://products.api.bbraun.io/api/image/FO950R?countryISOCode=01
FO951R,https://products.api.bbraun.io/api/image/FO951R?countryISOCode=01
FR005R,None
FR010R,None
FR011R,None
FR110R,https://products.api.bbraun.io/api/image/FR110R?countryISOCode=01
FR118R,https://products.api.bbraun.io/api/image/FR118R?countryISOCode=01
FR120R,https://products.api.bbraun.io/api/image/FR120R?countryISOCode=01
FR125R,https://products.api.bbraun.io/api/image/FR125R?countryISOCode=01
FR140R,https://products.api.bbraun.io/api/image/FR140R?countryISOCode=01
FR141R,https://products.api.bbraun.io/api/image/FR141R?countryISOCode=01
FR142R,None
GA031R,None
GA061,None
GA062R,None
GA099,None
GA186,None
GA187R,None
GA188,None
GA206R,None
GA223R,None
GA320,None
GA330,None
GA331,None
GA334,None
GA336,None
GA337,None
GA340,None
GA341,None
GA344,None
GA346,None
GA391SU,None
GA392SU,None
GA412,None
GA414,None
GA418R,None
GA461R,None
GA464R,None
GA465R,None
GA466R,None
GA468R,None
GA508R,None
GA526P,None
GA529,None
GA614,None
GA616,None
GA666,None
GA668,None
GA670,None
GA671,None
GA672,None
GA673,None
GA674,None
GA675,None
GA676,None
GA677,None
GA678,None
GA679,None
GA844,None
GA860,None
GA870,None
GA871,None
GA873,None
GA874,None
GA875,None
GA876,None
GA877,None
GA878,None
GB020R,None
GB041R,None
GB042R,None
GB043R,None
GB044R,None
GB046,None
GB105R,None
GB106R,None
GB135R,None
GB184R,None
GB228R,None
GB243R,None
GB244R,None
GB252R,None
GB253R,None
GB254R,None
GB255R,None
GB256R,None
GB257R,None
GB300R,None
GB302R,None
GB304R,None
GB413R,None
GB414R,None
GB421R,None
GB422R,None
GB423R,None
GB425R,None
GB436R,None
GB459R,None
GB480R,None
GB481R,None
GB482R,None
GB485R,None
GB486R,None
GB487R,None
GB488R,None
GB489R,None
GB495R,None
GB496R,None
GB497R,None
GB498R,None
GB499R,None
GB504R,None
GB506R,None
GB509R,None
GB520R,None
GB536R,None
GB537R,None
GB538R,None
GB559R,None
GB562R,None
GB563R,None
GB565R,None
GB572R,None
GB577R,None
GB578R,None
GB579R,None
GB580R,None
GB586R,None
GB587R,None
GB600,https://products.api.bbraun.io/api/image/GB600?countryISOCode=01
GB600820,None
GB600840,None
GB600860,None
GB605R,None
GB606R,None
GB609R,None
GB610R,None
GB611R,None
GB613R,None
GB614R,None
GB615R,None
GB620R,None
GB621R,None
GB623R,None
GB628R,None
GB630R,None
GB634R,None
GB635R,None
GB636R,None
GB637R,None
GB638R,None
GB639R,None
GB641R,None
GB643R,None
GB645R,None
GB654R,None
GB655R,None
GB656R,None
GB657R,None
GB658R,None
GB660R,None
GB663R,None
GB664R,None
GB665R,None
GB667R,None
GB668R,None
GB669R,None
GB670R,None
GB672R,None
GB673R,None
GB674R,None
GB675R,None
GB680R,None
GB681R,None
GB682R,None
GB685R,None
GB686R,None
GB688R,None
GB689R,None
GB690R,None
GB693,None
GB694R,None
GB695R,None
GB696R,None
GB715R,None
GB716R,None
GB740R,None
GB741R,None
GB742R,None
GB743R,None
GB744R,None
GB745R,None
GB746R,None
GB747R,None
GB748R,None
GB751R,None
GB752R,None
GB753R,None
GB756R,None
GB757R,None
GB758R,None
GB761SU,None
GB762SU,None
GB763SU,None
GB764SU,None
GB766SU,None
GB767SU,None
GB771R,None
GB772R,None
GB773R,None
GB791R,None
GB792R,None
GB793R,None
GB794R,None
GB796SU,None
GB797SU,None
GB870R,None
GB871R,None
GB872R,None
GB878R,None
GB881R,None
GB882R,None
GB884R,None
GB886R,None
GB887R,None
GB891R,None
GB892R,None
GB894R,None
GB896R,None
GB897R,None
GB956SU,None
GB966SU,None
GB976SU,None
GB978SU,None
GB986SU,None
GC002R,None
GC004R,None
GC006R,None
GC007R,None
GC008R,None
GC009R,None
GC010R,None
GC012R,None
GC013R,None
GC014R,None
GC016R,None
GC114R,None
GC115R,None
GC124R,None
GC125R,None
GC127R,None
GC128R,None
GC137R,None
GC138R,None
GC139R,None
GC148R,None
GC149R,None
GC203R,None
GC207R,None
GC208R,None
GC209R,None
GC211R,None
GC215R,None
GC216R,None
GC217R,None
GC218R,None
GC219R,None
GC261R,None
GC263R,None
GC265R,None
GC267R,None
GC269R,None
GC270R,None
GC271R,None
GC273R,None
GC277R,None
GC279R,None
GC303R,None
GC304R,None
GC307R,None
GC310R,None
GC312R,None
GC314R,None
GC315R,None
GC316R,None
GC319R,None
GC320R,None
GC323R,None
GC332R,None
GC335R,None
GC339R,None
GC340R,None
GC341R,None
GC344R,None
GC345R,None
GC346R,None
GC348R,None
GC354R,None
GC355R,None
GC372R,None
GC375R,None
GC377R,None
GC378R,None
GC380R,None
GC391R,None
GC395R,None
GC397R,None
GC431R,None
GC437R,None
GC438R,None
GC458R,None
GC461R,None
GC462R,None
GC464R,None
GC468R,None
GC481R,None
GC482R,None
GC500R,None
GC501R,None
GC502R,None
GC503R,None
GC504R,None
GC505R,None
GC566R,None
GC567R,None
GC568R,None
GC570R,None
GC575R,None
GC576R,None
GC578R,None
GC580R,None
GC583R,None
GC584R,None
GC585R,None
GC586R,None
GC587R,None
GC604R,None
GC605R,None
GC615R,None
GC623R,None
GC633R,None
GC634R,None
GC635R,None
GC636R,None
GC637R,None
GC638R,None
GC640R,None
GC641R,None
GC642R,None
GC643R,None
GC644R,None
GC645R,None
GC646R,None
GC648R,None
GC649R,None
GC650R,None
GC651R,None
GC652R,None
GC653R,None
GC654R,None
GC655R,None
GC656R,None
GC657R,None
GC658R,None
GC662R,None
GC663R,None
GC664R,None
GC665R,None
GC675R,None
GC681R,None
GC761R,None
GC766R,None
GC767R,None
GC768R,None
GC769R,None
GC770R,None
GC771R,None
GC864R,None
GC866R,None
GC867R,None
GC880R,None
GC884R,None
GC887R,None
GC890R,None
GC900R,None
GC901R,None
GC902R,None
GC903R,None
GC904R,None
GC905R,None
GC906R,None
GC907R,None
GC909R,None
GC912R,None
GC913R,None
GC915R,None
GC916R,None
GC917R,None
GC919R,None
GC921R,None
GC923R,None
GC925R,None
GC926R,None
GC927R,None
GD021R,None
GD022R,None
GD023R,None
GD024R,None
GD025R,None
GD026R,None
GD027R,None
GD028R,None
GD029R,None
GD030R,None
GD031R,None
GD032R,None
GD033R,None
GD034R,None
GD035R,None
GD041R,None
GD042R,None
GD043R,None
GD044R,None
GD045R,None
GD046R,None
GD047R,None
GD048R,None
GD049R,None
GD050R,None
GD051R,None
GD052R,None
GD053R,None
GD054R,None
GD055R,None
GD062R,None
GD063R,None
GD064R,None
GD065R,None
GD071R,None
GD072R,None
GD073R,None
GD074R,None
GD075R,None
GD081R,None
GD082R,None
GD083R,None
GD084R,None
GD085R,None
GD125R,None
GD126R,None
GD127R,None
GD128R,None
GD129R,None
GD130R,None
GD131R,None
GD132R,None
GD133R,None
GD134R,None
GD135R,None
GD145R,None
GD146R,None
GD147R,None
GD148R,None
GD149R,None
GD150R,None
GD151R,None
GD152R,None
GD153R,None
GD154R,None
GD155R,None
GD162R,None
GD164R,None
GD182R,None
GD184R,None
GD196R,None
GD210R,None
GD222R,None
GD225R,None
GD226R,None
GD227R,None
GD228R,None
GD229R,None
GD230R,None
GD231R,None
GD232R,None
GD233R,None
GD234R,None
GD235R,None
GD245R,None
GD246R,None
GD247R,None
GD248R,None
GD249R,None
GD250R,None
GD251R,None
GD252R,None
GD253R,None
GD254R,None
GD255R,None
GD262R,None
GD264R,None
GD282R,None
GD284R,None
GD296R,None
GD320R,None
GD321R,None
GD322R,None
GD323R,None
GD350,None
GD351,None
GD390R,None
GD391R,None
GD392R,None
GD393R,None
GD394R,None
GD395R,None
GD396R,None
GD397R,None
GD450M,None
GD460R,None
GD692R,None
GD693R,None
GD694R,None
GD695R,None
GD696R,None
GD703R,None
GD706R,None
GD710R,None
GD711R,None
GD713R,None
GD714R,None
GD716R,None
GD717R,None
GD718R,None
GD719R,None
GD720R,None
GD721R,None
GD724R,None
GD726R,None
GD727R,None
GD729R,None
GD730R,None
GD732R,None
GD733R,None
GD735R,None
GD736R,None
GD738R,None
GD739R,None
GD740R,None
GD741R,None
GD742R,None
GD743R,None
GD744R,None
GD745R,None
GD746R,None
GD747R,None
GD748R,None
GD749R,None
GD751R,None
GD754R,None
GD757R,None
GD758R,None
GD763R,None
GD771R,None
GD774R,None
GD775R,None
GD784R,None
GD787R,None
GD789R,None
GD790R,None
GD792R,None
GD793R,None
GD794R,None
GD795R,None
GD796R,None
GD797R,None
GD798R,None
GD799R,None
GD800R,None
GD801R,None
GD802R,None
GD803R,None
GD804R,None
GD805R,None
GD806R,None
GD807R,None
GD808R,None
GD809R,None
GD810R,None
GD811R,None
GD812R,None
GD813R,None
GD814R,None
GD815R,None
GD816R,None
GD817R,None
GD820R,None
GD823R,None
GD824R,None
GD825R,None
GD826R,None
GD830R,None
GD831R,None
GD832R,None
GD836R,None
GD837R,None
GD839R,None
GD840R,None
GD841R,None
GD842R,None
GD843R,None
GD845R,None
GD846R,None
GD847R,None
GD848R,None
GD870R,None
GD872R,None
GD873R,None
GD875R,None
GD876R,None
GD877R,None
GD879R,None
GD881R,None
GD882R,None
GD894R,None
GD895R,None
GD896R,None
GD897R,None
GD898R,None
GD899R,None
GD950R,None
GD951R,None
GD953R,None
GD961R,None
GE001R,None
GE092R,None
GE231SU,None
GE232SU,None
GE233SU,None
GE234SU,None
GE235SU,None
GE236SU,None
GE238SU,None
GE239SU,None
GE240SU,None
GE241SU,None
GE242SU,None
GE243SU,None
GE244SU,None
GE245SU,None
GE246SU,None
GE247SU,None
GE248SU,None
GE249SU,None
GE252R,None
GE253R,None
GE254R,None
GE255R,None
GE265SU,None
GE266SU,None
GE268SU,None
GE271SU,None
GE272SU,None
GE273SU,None
GE274SU,None
GE275SU,None
GE276SU,None
GE277SU,None
GE280SU,None
GE281SU,None
GE282SU,None
GE283SU,None
GE284SU,None
GE285SU,None
GE286SU,None
GE288SU,None
GE290SU,None
GE291SU,None
GE292SU,None
GE293SU,None
GE294SU,None
GE295SU,None
GE296SU,None
GE298SU,None
GE302R,None
GE304R,None
GE323SU,None
GE325SU,None
GE326SU,None
GE327SU,None
GE329SU,None
GE330SU,None
GE331SU,None
GE332SU,None
GE383R,None
GE386SU,None
GE387SU,None
GE389R,None
GE389SU,None
GE390R,None
GE390SU,None
GE391R,None
GE391SU,None
GE392R,None
GE392SU,None
GE394R,None
GE395R,None
GE395SU,None
GE396R,None
GE397R,None
GE397SU,None
GE398R,None
GE398SU,None
GE399R,None
GE401R,None
GE401SU,None
GE402R,None
GE402SU,None
GE403R,None
GE403SU,None
GE404R,None
GE404SU,None
GE405R,None
GE405SU,None
GE406R,None
GE406SU,None
GE407R,None
GE407SU,None
GE407TC-SU,None
GE408R,None
GE408SU,None
GE408TC-SU,None
GE409R,None
GE409SU,None
GE411R,None
GE411SU,None
GE412R,None
GE412SU,None
GE413R,None
GE413SU,None
GE414R,None
GE414SU,None
GE415R,None
GE415SU,None
GE416R,None
GE416SU,None
GE417R,None
GE417SU,None
GE418R,None
GE418SU,None
GE419R,None
GE419SU,None
GE420R,None
GE420SU,None
GE424R,None
GE424SU,None
GE425R,None
GE425SU,None
GE429SU,None
GE430SU,None
GE431R,None
GE431SU,None
GE432R,None
GE432SU,None
GE433R,None
GE433SU,None
GE434R,None
GE434SU,None
GE435R,None
GE435SU,None
GE435TC-SU,None
GE437R,None
GE437SU,None
GE456SU,None
GE457SU,None
GE459SU,None
GE460SU,None
GE461SU,None
GE463SU,None
GE469SU,None
GE471SU,None
GE473SU,None
GE475SU,None
GE500SU,None
GE501R,None
GE501SU,None
GE502R,None
GE502SU,None
GE503R,None
GE503SU,None
GE504R,None
GE504SU,None
GE505R,None
GE505SU,None
GE506R,None
GE506SU,None
GE507R,None
GE507SU,None
GE507TC-SU,None
GE508R,None
GE508SU,None
GE508TC-SU,None
GE509R,None
GE509SU,None
GE511R,None
GE511SU,None
GE512R,None
GE512SU,None
GE513R,None
GE513SU,None
GE514R,None
GE514SU,None
GE515R,None
GE515SU,None
GE516R,None
GE516SU,None
GE517R,None
GE517SU,None
GE518R,None
GE518SU,None
GE519R,None
GE519SU,None
GE520R,None
GE520SU,None
GE521R,None
GE521SU,None
GE522R,None
GE522SU,None
GE523R,None
GE523SU,None
GE524R,None
GE524SU,None
GE525R,None
GE525SU,None
GE528SU,None
GE529SU,None
GE530SU,None
GE531R,None
GE532R,None
GE532SU,None
GE533R,None
GE533SU,None
GE534R,None
GE534SU,None
GE535R,None
GE535SU,None
GE535TC-SU,None
GE536R,None
GE537R,None
GE537SU,None
GE539R,None
GE540R,None
GE540SU,None
GE542R,None
GE542SU,None
GE544R,None
GE544SU,None
GE546R,None
GE546SU,None
GE548R,None
GE548SU,None
GE549R,None
GE549SU,None
GE550R,None
GE550SU,None
GE553R,None
GE553SU,None
GE555R,None
GE555SU,None
GE556SU,None
GE557SU,None
GE558SU,None
GE562R,None
GE563R,None
GE572R,None
GE573R,None
GE574R,None
GE600SU,None
GE603R,None
GE603SU,None
GE604R,None
GE604SU,None
GE605R,None
GE605SU,None
GE606R,None
GE606SU,None
GE607R,None
GE607SU,None
GE607TC-SU,None
GE608R,None
GE608SU,None
GE608TC-SU,None
GE609R,None
GE609SU,None
GE613R,None
GE613SU,None
GE614R,None
GE614SU,None
GE615R,None
GE615SU,None
GE616R,None
GE616SU,None
GE617R,None
GE617SU,None
GE618R,None
GE618SU,None
GE619R,None
GE619SU,None
GE620R,None
GE620SU,None
GE624R,None
GE624SU,None
GE625R,None
GE625SU,None
GE628SU,None
GE629SU,None
GE631R,None
GE631SU,None
GE634R,None
GE634SU,None
GE635R,None
GE635SU,None
GE635TC-SU,None
GE639R,None
GE644R,None
GE644SU,None
GE645R,None
GE646R,None
GE646SU,None
GE648R,None
GE648SU,None
GE649R,None
GE649SU,None
GE650R,None
GE650SU,None
GE653R,None
GE653SU,None
GE654R,None
GE655R,None
GE655SU,None
GE656SU,None
GE657SU,None
GE658SU,None
GE661,None
GE662R,None
GE663S,None
GE666R,None
GE668R,None
GE669R,None
GE670R,None
GE671R,None
GE672R,None
GE673R,None
GE674R,None
GE675R,None
GE676R,None
GE678R,None
GE679R,None
GE680R,None
GE682R,None
GE684R,None
GE685R,None
GE686R,None
GE688R,None
GE690R,None
GE691R,None
GE692R,None
GE693R,None
GE694R,None
GE700SU,None
GE702R,None
GE702SU,None
GE704R,None
GE706R,None
GE706SU,None
GE707R,None
GE707SU,None
GE708R,None
GE708SU,None
GE709R,None
GE709SU,None
GE711R,None
GE712R,None
GE712SU,None
GE714R,None
GE714SU,None
GE716R,None
GE716SU,None
GE717R,None
GE717SU,None
GE718R,None
GE718SU,None
GE719R,None
GE719SU,None
GE729R,None
GE802SU,None
GE803SU,None
GE804SU,None
GE813SU,None
GE814SU,None
GE815SU,None
GE816SU,None
GE817SU,None
GE832SU,None
GE834SU,None
GE843SU,None
GE844SU,None
GE845SU,None
GE846SU,None
GE847SU,None
GF320R,None
GF321R,None
GF324R,None
GF325R,None
GF327R,None
GF350R,https://products.api.bbraun.io/api/image/GF350R?countryISOCode=01
GF351R,https://products.api.bbraun.io/api/image/GF351R?countryISOCode=01
GF352R,https://products.api.bbraun.io/api/image/GF352R?countryISOCode=01
GF353R,https://products.api.bbraun.io/api/image/GF353R?countryISOCode=01
GF354R,https://products.api.bbraun.io/api/image/GF354R?countryISOCode=01
GF355R,https://products.api.bbraun.io/api/image/GF355R?countryISOCode=01
GF360R,https://products.api.bbraun.io/api/image/GF360R?countryISOCode=01
GF361R,https://products.api.bbraun.io/api/image/GF361R?countryISOCode=01
GF362R,https://products.api.bbraun.io/api/image/GF362R?countryISOCode=01
GF363R,https://products.api.bbraun.io/api/image/GF363R?countryISOCode=01
GF364R,https://products.api.bbraun.io/api/image/GF364R?countryISOCode=01
GF365R,https://products.api.bbraun.io/api/image/GF365R?countryISOCode=01
GF370R,https://products.api.bbraun.io/api/image/GF370R?countryISOCode=01
GF371R,https://products.api.bbraun.io/api/image/GF371R?countryISOCode=01
GF372R,https://products.api.bbraun.io/api/image/GF372R?countryISOCode=01
GF373R,https://products.api.bbraun.io/api/image/GF373R?countryISOCode=01
GF374R,https://products.api.bbraun.io/api/image/GF374R?countryISOCode=01
GF375R,https://products.api.bbraun.io/api/image/GF375R?countryISOCode=01
GF380R,https://products.api.bbraun.io/api/image/GF380R?countryISOCode=01
GF381R,https://products.api.bbraun.io/api/image/GF381R?countryISOCode=01
GF382R,https://products.api.bbraun.io/api/image/GF382R?countryISOCode=01
GF383R,https://products.api.bbraun.io/api/image/GF383R?countryISOCode=01
GF384R,https://products.api.bbraun.io/api/image/GF384R?countryISOCode=01
GF385R,https://products.api.bbraun.io/api/image/GF385R?countryISOCode=01
GF391R,https://products.api.bbraun.io/api/image/GF391R?countryISOCode=01
GF392R,https://products.api.bbraun.io/api/image/GF392R?countryISOCode=01
GF393R,https://products.api.bbraun.io/api/image/GF393R?countryISOCode=01
GF394R,https://products.api.bbraun.io/api/image/GF394R?countryISOCode=01
GF395R,https://products.api.bbraun.io/api/image/GF395R?countryISOCode=01
GF396R,https://products.api.bbraun.io/api/image/GF396R?countryISOCode=01
GF397R,https://products.api.bbraun.io/api/image/GF397R?countryISOCode=01
GF398R,https://products.api.bbraun.io/api/image/GF398R?countryISOCode=01
GF399R,https://products.api.bbraun.io/api/image/GF399R?countryISOCode=01
GF401R,https://products.api.bbraun.io/api/image/GF401R?countryISOCode=01
GF402R,https://products.api.bbraun.io/api/image/GF402R?countryISOCode=01
GF403R,https://products.api.bbraun.io/api/image/GF403R?countryISOCode=01
GF404R,https://products.api.bbraun.io/api/image/GF404R?countryISOCode=01
GF405R,https://products.api.bbraun.io/api/image/GF405R?countryISOCode=01
GF406R,https://products.api.bbraun.io/api/image/GF406R?countryISOCode=01
GF407R,https://products.api.bbraun.io/api/image/GF407R?countryISOCode=01
GF408R,https://products.api.bbraun.io/api/image/GF408R?countryISOCode=01
GF409R,https://products.api.bbraun.io/api/image/GF409R?countryISOCode=01
GF411R,https://products.api.bbraun.io/api/image/GF411R?countryISOCode=01
GF412R,https://products.api.bbraun.io/api/image/GF412R?countryISOCode=01
GF413R,https://products.api.bbraun.io/api/image/GF413R?countryISOCode=01
GF414R,https://products.api.bbraun.io/api/image/GF414R?countryISOCode=01
GF415R,https://products.api.bbraun.io/api/image/GF415R?countryISOCode=01
GF416R,https://products.api.bbraun.io/api/image/GF416R?countryISOCode=01
GF417R,https://products.api.bbraun.io/api/image/GF417R?countryISOCode=01
GF418R,https://products.api.bbraun.io/api/image/GF418R?countryISOCode=01
GF419R,https://products.api.bbraun.io/api/image/GF419R?countryISOCode=01
GF421R,https://products.api.bbraun.io/api/image/GF421R?countryISOCode=01
GF422R,https://products.api.bbraun.io/api/image/GF422R?countryISOCode=01
GF423R,https://products.api.bbraun.io/api/image/GF423R?countryISOCode=01
GF424R,https://products.api.bbraun.io/api/image/GF424R?countryISOCode=01
GF425R,https://products.api.bbraun.io/api/image/GF425R?countryISOCode=01
GF426R,https://products.api.bbraun.io/api/image/GF426R?countryISOCode=01
GF427R,https://products.api.bbraun.io/api/image/GF427R?countryISOCode=01
GF428R,https://products.api.bbraun.io/api/image/GF428R?countryISOCode=01
GF429R,https://products.api.bbraun.io/api/image/GF429R?countryISOCode=01
GF431R,https://products.api.bbraun.io/api/image/GF431R?countryISOCode=01
GF432R,https://products.api.bbraun.io/api/image/GF432R?countryISOCode=01
GF470R,https://products.api.bbraun.io/api/image/GF470R?countryISOCode=01
GF471R,https://products.api.bbraun.io/api/image/GF471R?countryISOCode=01
GF472R,https://products.api.bbraun.io/api/image/GF472R?countryISOCode=01
GF473R,https://products.api.bbraun.io/api/image/GF473R?countryISOCode=01
GF474R,https://products.api.bbraun.io/api/image/GF474R?countryISOCode=01
GF475R,https://products.api.bbraun.io/api/image/GF475R?countryISOCode=01
GF476R,https://products.api.bbraun.io/api/image/GF476R?countryISOCode=01
GF477R,https://products.api.bbraun.io/api/image/GF477R?countryISOCode=01
GF478R,https://products.api.bbraun.io/api/image/GF478R?countryISOCode=01
GF479R,https://products.api.bbraun.io/api/image/GF479R?countryISOCode=01
GF480R,https://products.api.bbraun.io/api/image/GF480R?countryISOCode=01
GF481R,https://products.api.bbraun.io/api/image/GF481R?countryISOCode=01
GF704R,None
GF706R,None
GF708R,None
GF710R,None
GF712R,None
GF714R,None
GF720R,None
GF756R,https://products.api.bbraun.io/api/image/GF756R?countryISOCode=01
GF757R,https://products.api.bbraun.io/api/image/GF757R?countryISOCode=01
GF763R,None
GF764R,None
GF765R,None
GF766R,None
GF767R,None
GF768R,https://products.api.bbraun.io/api/image/GF768R?countryISOCode=01
GF770R,https://products.api.bbraun.io/api/image/GF770R?countryISOCode=01
GF771R,https://products.api.bbraun.io/api/image/GF771R?countryISOCode=01
GF772R,https://products.api.bbraun.io/api/image/GF772R?countryISOCode=01
GF773R,https://products.api.bbraun.io/api/image/GF773R?countryISOCode=01
GF774R,https://products.api.bbraun.io/api/image/GF774R?countryISOCode=01
GF775R,https://products.api.bbraun.io/api/image/GF775R?countryISOCode=01
GF816C,https://products.api.bbraun.io/api/image/GF816C?countryISOCode=01
GF821R,https://products.api.bbraun.io/api/image/GF821R?countryISOCode=01
GF822R,https://products.api.bbraun.io/api/image/GF822R?countryISOCode=01
GF823R,https://products.api.bbraun.io/api/image/GF823R?countryISOCode=01
GF824R,https://products.api.bbraun.io/api/image/GF824R?countryISOCode=01
GF825R,https://products.api.bbraun.io/api/image/GF825R?countryISOCode=01
GF860R,https://products.api.bbraun.io/api/image/GF860R?countryISOCode=01
GF862R,https://products.api.bbraun.io/api/image/GF862R?countryISOCode=01
GF906R,None
GF907R,None
GF908R,None
GF909R,None
GF911R,https://products.api.bbraun.io/api/image/GF911R?countryISOCode=01
GF912R,https://products.api.bbraun.io/api/image/GF912R?countryISOCode=01
GF913R,https://products.api.bbraun.io/api/image/GF913R?countryISOCode=01
GF917R,https://products.api.bbraun.io/api/image/GF917R?countryISOCode=01
GF918R,https://products.api.bbraun.io/api/image/GF918R?countryISOCode=01
GF919R,https://products.api.bbraun.io/api/image/GF919R?countryISOCode=01
GF923R,https://products.api.bbraun.io/api/image/GF923R?countryISOCode=01
GF925R,https://products.api.bbraun.io/api/image/GF925R?countryISOCode=01
GF932R,https://products.api.bbraun.io/api/image/GF932R?countryISOCode=01
GF933R,https://products.api.bbraun.io/api/image/GF933R?countryISOCode=01
GF935R,https://products.api.bbraun.io/api/image/GF935R?countryISOCode=01
GF936R,https://products.api.bbraun.io/api/image/GF936R?countryISOCode=01
GF937R,https://products.api.bbraun.io/api/image/GF937R?countryISOCode=01
GF938R,https://products.api.bbraun.io/api/image/GF938R?countryISOCode=01
GF939R,https://products.api.bbraun.io/api/image/GF939R?countryISOCode=01
GF940R,https://products.api.bbraun.io/api/image/GF940R?countryISOCode=01
GF941R,https://products.api.bbraun.io/api/image/GF941R?countryISOCode=01
GF942R,https://products.api.bbraun.io/api/image/GF942R?countryISOCode=01
GF944R,https://products.api.bbraun.io/api/image/GF944R?countryISOCode=01
GF946R,https://products.api.bbraun.io/api/image/GF946R?countryISOCode=01
GF947R,https://products.api.bbraun.io/api/image/GF947R?countryISOCode=01
GF948R,https://products.api.bbraun.io/api/image/GF948R?countryISOCode=01
GF954R,None
GF955R,None
GF956R,None
GF957,None
GF966R,https://products.api.bbraun.io/api/image/GF966R?countryISOCode=01
GF980R,None
GK005R,None
GK007R,None
GK009R,None
GK010R,None
GK013R,None
GK015R,None
GK016R,None
GK033R,None
GK080,None
GK081,None
GK083,None
GK084,None
GK091,None
GK100,None
GK101,None
GK107,None
GK110R,https://products.api.bbraun.io/api/image/GK110R?countryISOCode=01
GK111R,None
GK112R,https://products.api.bbraun.io/api/image/GK112R?countryISOCode=01
GK113R,https://products.api.bbraun.io/api/image/GK113R?countryISOCode=01
GK114R,https://products.api.bbraun.io/api/image/GK114R?countryISOCode=01
GK115R,https://products.api.bbraun.io/api/image/GK115R?countryISOCode=01
GK116R,https://products.api.bbraun.io/api/image/GK116R?countryISOCode=01
GK117R,https://products.api.bbraun.io/api/image/GK117R?countryISOCode=01
GK121R,https://products.api.bbraun.io/api/image/GK121R?countryISOCode=01
GK123R,None
GK125R,https://products.api.bbraun.io/api/image/GK125R?countryISOCode=01
GK127R,https://products.api.bbraun.io/api/image/GK127R?countryISOCode=01
GK128R,None
GK129R,https://products.api.bbraun.io/api/image/GK129R?countryISOCode=01
GK131R,https://products.api.bbraun.io/api/image/GK131R?countryISOCode=01
GK132R,https://products.api.bbraun.io/api/image/GK132R?countryISOCode=01
GK133R,https://products.api.bbraun.io/api/image/GK133R?countryISOCode=01
GK140R,https://products.api.bbraun.io/api/image/GK140R?countryISOCode=01
GK141R,None
GK144R,https://products.api.bbraun.io/api/image/GK144R?countryISOCode=01
GK146R,None
GK151R,None
GK155R,https://products.api.bbraun.io/api/image/GK155R?countryISOCode=01
GK165R,None
GK174R,https://products.api.bbraun.io/api/image/GK174R?countryISOCode=01
GK180,https://products.api.bbraun.io/api/image/GK180?countryISOCode=01
GK181,https://products.api.bbraun.io/api/image/GK181?countryISOCode=01
GK185,None
GK190,None
GK191,None
GK194,None
GK217,None
GK226,None
GK239,None
GK245,None
GK246,None
GK261,None
GK266,None
GK267,None
GK299,https://products.api.bbraun.io/api/image/GK299?countryISOCode=01
GK301R,None
GK303R,None
GK307R,None
GK310R,None
GK315R,None
GK320R,None
GK321R,None
GK360R,None
GK361R,None
GK362R,None
GK363R,None
GK364R,None
GK365R,None
GK366R,None
GK370P,https://products.api.bbraun.io/api/image/GK373R?countryISOCode=01
GK371P,https://products.api.bbraun.io/api/image/GK373R?countryISOCode=01
GK372R,https://products.api.bbraun.io/api/image/GK372R?countryISOCode=01
GK373R,https://products.api.bbraun.io/api/image/GK373R?countryISOCode=01
GK374R,https://products.api.bbraun.io/api/image/GK374R?countryISOCode=01
GK375R,https://products.api.bbraun.io/api/image/GK375R?countryISOCode=01
GK376P,https://products.api.bbraun.io/api/image/GK375R?countryISOCode=01
GK383R,https://products.api.bbraun.io/api/image/GK374R?countryISOCode=01
GK384R,https://products.api.bbraun.io/api/image/GK374R?countryISOCode=01
GK385R,https://products.api.bbraun.io/api/image/GK374R?countryISOCode=01
GK386R,https://products.api.bbraun.io/api/image/GK374R?countryISOCode=01
GK389R,https://products.api.bbraun.io/api/image/GK390R?countryISOCode=01
GK390R,https://products.api.bbraun.io/api/image/GK390R?countryISOCode=01
GK393R,https://products.api.bbraun.io/api/image/GK374R?countryISOCode=01
GK394R,https://products.api.bbraun.io/api/image/GK374R?countryISOCode=01
GK395R,https://products.api.bbraun.io/api/image/GK374R?countryISOCode=01
GK397R,None
GK398R,None
GK432R,None
GK433R,None
GK434R,None
GK435R,None
GK436R,None
GK469R,None
GK534,None
GK535,None
GK537,None
GK550,None
GK561R,None
GK595R,None
GK596R,None
GK597R,None
GK604R,None
GK605R,None
GK606R,None
GK609SU,None
GK614R,None
GK615R,None
GK616R,None
GK624R,None
GK625R,None
GK644R,None
GK645R,None
GK646R,None
GK660R,None
GK670R,None
GK671R,None
GK675R,None
GK677R,None
GK679R,None
GK680R,None
GK685R,https://products.api.bbraun.io/api/image/GK685R?countryISOCode=01
GK690R,None
GK700R,None
GK701R,None
GK703R,None
GK711R,None
GK713R,None
GK719R,None
GK720R,None
GK722R,None
GK723R,None
GK730R,None
GK746R,None
GK747R,None
GK748R,None
GK749R,None
GK760R,None
GK761R,None
GK762R,None
GK763R,None
GK764R,None
GK765R,None
GK766R,None
GK767R,None
GK768R,None
GK769R,None
GK770R,None
GK771R,None
GK772R,None
GK773R,None
GK774R,None
GK775R,None
GK777R,None
GK780R,None
GK781R,None
GK785R,None
GK788R,None
GK789R,None
GK790R,None
GK791R,None
GK793R,None
GK800R,None
GK807R,None
GK808R,None
GK809R,None
GK838R,None
GK840R,None
GK841R,None
GK842R,None
GK843R,None
GK844R,None
GK845R,None
GK846R,None
GK847R,None
GK848R,None
GK881R,https://products.api.bbraun.io/api/image/GK881R?countryISOCode=01
GK882R,https://products.api.bbraun.io/api/image/GK882R?countryISOCode=01
GK883R,https://products.api.bbraun.io/api/image/GK883R?countryISOCode=01
GK884R,https://products.api.bbraun.io/api/image/GK884R?countryISOCode=01
GK885R,https://products.api.bbraun.io/api/image/GK885R?countryISOCode=01
GK886R,https://products.api.bbraun.io/api/image/GK886R?countryISOCode=01
GK891R,https://products.api.bbraun.io/api/image/GK891R?countryISOCode=01
GK892R,https://products.api.bbraun.io/api/image/GK892R?countryISOCode=01
GK893R,https://products.api.bbraun.io/api/image/GK893R?countryISOCode=01
GK894R,https://products.api.bbraun.io/api/image/GK894R?countryISOCode=01
GK895R,https://products.api.bbraun.io/api/image/GK895R?countryISOCode=01
GK896R,https://products.api.bbraun.io/api/image/GK896R?countryISOCode=01
GK899R,None
GK900R,None
GK910R,None
GK920R,None
GK929R,None
GK930R,None
GK940R,None
GK950R,None
GK959R,None
GK960R,None
GK970R,None
GK972R,None
GK974R,None
GK976R,None
GK978R,None
GK980R,None
GN075,None
GN076,None
GN081,https://products.api.bbraun.io/api/image/GN081?countryISOCode=01
GN082,https://products.api.bbraun.io/api/image/GN082?countryISOCode=01
GN085,https://products.api.bbraun.io/api/image/GN085?countryISOCode=01
GN088,None
GN090,None
GN092,None
GN093,None
GN094,None
GN130,None
GN133,None
GN160,None
GN200,None
GN201,None
GN202,None
GN203,https://products.api.bbraun.io/api/image/GN203?countryISOCode=01
GN204,None
GN205,https://products.api.bbraun.io/api/image/GN205?countryISOCode=01
GN211,https://products.api.bbraun.io/api/image/GN211?countryISOCode=01
GN230,https://products.api.bbraun.io/api/image/GN230?countryISOCode=01
GN231,https://products.api.bbraun.io/api/image/GN231?countryISOCode=01
GN232,https://products.api.bbraun.io/api/image/GN232?countryISOCode=01
GN236,https://products.api.bbraun.io/api/image/GN236?countryISOCode=01
GN237,None
GN245,None
GN249,None
GN255,None
GN259,None
GN300,None
GN320,None
GN325,None
GN326,None
GN327,None
GN330,None
GN640,None
GP030R,None
GP031R,None
GP033R,None
GP034R,None
GP453SU,None
GT666,None
HF014R,https://products.api.bbraun.io/api/image/HF014R?countryISOCode=01
HF019R,https://products.api.bbraun.io/api/image/HF019R?countryISOCode=01
HF020R,https://products.api.bbraun.io/api/image/HF020R?countryISOCode=01
HF021R,https://products.api.bbraun.io/api/image/HF021R?countryISOCode=01
HF028R,https://products.api.bbraun.io/api/image/HF028R?countryISOCode=01
HF030R,https://products.api.bbraun.io/api/image/HF030R?countryISOCode=01
HF031R,https://products.api.bbraun.io/api/image/HF031R?countryISOCode=01
HF032R,https://products.api.bbraun.io/api/image/HF032R?countryISOCode=01
HF213R,None
HF214R,None
HF223R,None
HF234R,None
HF241R,None
HF243R,None
HF250R,None
HF266R,None
HF400R,https://products.api.bbraun.io/api/image/HF400R?countryISOCode=01
HF409R,https://products.api.bbraun.io/api/image/HF409R?countryISOCode=01
HF442R,None
HF443R,None
HF460R,None
HF478R,None
HF514R,None
HF520R,None
HF566R,None
HH225R,https://products.api.bbraun.io/api/image/HH225R?countryISOCode=01
HH240R,https://products.api.bbraun.io/api/image/HH240R?countryISOCode=01
IC-V001,None
IC-V002,None
IC-V003,None
IC-V004,None
IC-V005,None
IC-V006,None
IC-V008,None
IC-V010,None
IC-V011,None
IC-V012,None
IC-V013,None
IC-V014,None
IC-V015,None
IC-V016,None
IC-V017,None
IC-V031,None
ICD-002,None
JB112R,None
JB113R,None
JB114R,None
JB212R,None
JB213R,None
JB214R,None
JB222R,None
JB223R,None
JB224R,None
JB252R,None
JB253R,None
JB254R,None
JC112R,None
JC113R,None
JC114R,None
JC212R,None
JC213R,None
JC214R,None
JC222R,None
JC223R,None
JC224R,None
JC252R,None
JC253R,None
JC254R,None
JE501,None
JE505,None
JF066,None
JF110R,None
JF111R,None
JF112R,None
JF113R,None
JF114R,None
JF117R,None
JF120R,None
JF148R,None
JF149R,None
JF150R,None
JF159R,None
JF166,None
JF210R,None
JF211R,None
JF212R,None
JF213R,None
JF214R,None
JF217R,None
JF221R,None
JF222R,None
JF223R,None
JF224R,None
JF227R,None
JF232R,None
JF250R,None
JF251R,None
JF252R,None
JF253R,None
JF254R,None
JF257R,None
JF264R,None
JF282R,None
JF284R,None
JF289R,None
JF324R,None
JF343,None
JF346,https://products.api.bbraun.io/api/image/OK704R?countryISOCode=01
JF378R,None
JF381R,None
JF431R,None
JF432R,None
JF433R,None
JF434R,None
JF436R,None
JF481,None
JF484R,None
JF489R,None
JF501,None
JF509R,None
JF511,None
JF738,None
JF791R,None
JF793,None
JF803,None
JF820,None
JF889R,None
JF890R,None
JF900,None
JF901,None
JF902,None
JF903,None
JF908R,None
JF909R,None
JF921R,None
JF922R,None
JF923R,None
JF932,None
JF933,None
JF934,None
JF938,None
JF939,None
JF940,None
JF941,None
JF944,None
JF945,None
JF947,None
JF948,None
JF949,None
JG111R,None
JG112R,None
JG113R,None
JG114R,None
JG211R,None
JG212R,None
JG213R,None
JG214R,None
JG221R,None
JG222R,None
JG223R,None
JG224R,None
JG251R,None
JG252R,None
JG253R,None
JG254R,None
JG285R,None
JG300,None
JG301R,None
JG302,None
JG304,https://products.api.bbraun.io/api/image/OK704R?countryISOCode=01
JG305,https://products.api.bbraun.io/api/image/OK704R?countryISOCode=01
JG306,https://products.api.bbraun.io/api/image/OK704R?countryISOCode=01
JG308,None
JG309,None
JG310,None
JG312,None
JG313,None
JG314,None
JG316,https://products.api.bbraun.io/api/image/OG300R?countryISOCode=01
JG317,https://products.api.bbraun.io/api/image/OG300R?countryISOCode=01
JG318,https://products.api.bbraun.io/api/image/OG300R?countryISOCode=01
JG321,None
JG322,None
JG323,https://products.api.bbraun.io/api/image/OK704R?countryISOCode=01
JG324,None
JG325,https://products.api.bbraun.io/api/image/OG300R?countryISOCode=01
JG330,None
JG331,None
JG332,None
JG340,https://products.api.bbraun.io/api/image/OK745R?countryISOCode=01
JG341,https://products.api.bbraun.io/api/image/OK737R?countryISOCode=01
JG342,https://products.api.bbraun.io/api/image/OK711R?countryISOCode=01
JG343,None
JG344,None
JG352R,None
JG353R,None
JG354R,None
JG358,None
JG359,None
JG360,None
JG361,None
JG367,None
JG368,None
JG369,None
JG370,None
JG371,None
JG372,None
JG380R,None
JG381R,None
JG383R,None
JG384R,None
JG386R,None
JG387R,None
JG388R,None
JG396,None
JG397,None
JG398,None
JG399,None
JG504R,https://products.api.bbraun.io/api/image/JG504R?countryISOCode=01
JG506R,https://products.api.bbraun.io/api/image/JG506R?countryISOCode=01
JG508R,https://products.api.bbraun.io/api/image/JG508R?countryISOCode=01
JG513R,https://products.api.bbraun.io/api/image/JG513R?countryISOCode=01
JG514R,https://products.api.bbraun.io/api/image/JG514R?countryISOCode=01
JG515R,https://products.api.bbraun.io/api/image/JG515R?countryISOCode=01
JG516R,https://products.api.bbraun.io/api/image/JG516R?countryISOCode=01
JG518R,https://products.api.bbraun.io/api/image/JG518R?countryISOCode=01
JG520R,None
JG521R,https://products.api.bbraun.io/api/image/JG521R?countryISOCode=01
JG522R,https://products.api.bbraun.io/api/image/JG522R?countryISOCode=01
JG523R,https://products.api.bbraun.io/api/image/JG523R?countryISOCode=01
JG524R,https://products.api.bbraun.io/api/image/JG524R?countryISOCode=01
JG525R,https://products.api.bbraun.io/api/image/JG525R?countryISOCode=01
JG598,https://products.api.bbraun.io/api/image/JG598?countryISOCode=01
JG600,https://products.api.bbraun.io/api/image/JG600?countryISOCode=01
JG601,None
JG616B,None
JG616U,None
JG625R,None
JG636R,None
JG645B,None
JG645U,None
JG646B,None
JG646U,None
JG647B,None
JG647U,None
JG648B,None
JG648U,None
JG650B,None
JG650U,None
JG652B,None
JG652U,None
JG653B,None
JG653U,None
JG654B,None
JG654U,None
JG673B,None
JG673U,None
JG675B,None
JG675U,None
JG682,None
JG683,None
JG687,None
JG690R,None
JG691R,None
JG692R,None
JG693R,None
JG694R,None
JG695R,None
JG696R,None
JG701R,None
JG702R,None
JG703R,None
JG706R,None
JG708R,None
JG730B,None
JG730U,None
JG731R,None
JG736,None
JG738,None
JG739,None
JG739W,None
JG740,None
JG743,None
JG744,None
JG745,None
JG746,None
JG747,None
JG748,None
JG752,None
JG753,None
JG785B,None
JG785U,None
JG786B,None
JG786U,None
JG787B,None
JG787U,None
JG788B,None
JG788U,None
JG790B,None
JG790U,None
JG792B,None
JG792U,None
JG793B,None
JG793U,None
JG794B,None
JG794U,None
JG820R,None
JG850R,https://products.api.bbraun.io/api/image/JG850R?countryISOCode=01
JG884R,https://products.api.bbraun.io/api/image/JG884R?countryISOCode=01
JG904,None
JG910,None
JH112R,None
JH113R,None
JH114R,None
JH212R,None
JH213R,None
JH214R,None
JH217R,None
JH222R,None
JH223R,None
JH224R,None
JH252R,None
JH253R,None
JH254R,None
JK020,None
JK060R,None
JK062R,None
JK067R,None
JK068R,None
JK086,None
JK089,None
JK090,None
JK091,None
JK092,None
JK095,None
JK096,None
JK098,None
JK100,None
JK170,None
JK171,None
JK172,None
JK173,None
JK174,None
JK187,None
JK188,None
JK262R,None
JK267R,None
JK268R,None
JK339,None
JK340,None
JK341,None
JK342,None
JK344,None
JK346,None
JK355A,None
JK356A,None
JK357A,None
JK358A,None
JK359A,None
JK368,None
JK369,None
JK375A,None
JK376A,None
JK377A,None
JK378A,None
JK379A,None
JK385,None
JK386,None
JK387,None
JK388,None
JK389,None
JK395,None
JK396,None
JK397,None
JK398,None
JK399,None
JK440,None
JK441,None
JK442,None
JK443,None
JK444,None
JK446,None
JK455A,None
JK456A,None
JK457A,None
JK458A,None
JK459A,None
JK469,None
JK475A,None
JK476A,None
JK477A,None
JK478A,None
JK479A,None
JK485,None
JK486,None
JK487,None
JK488,None
JK489,None
JK490,None
JK531R,None
JK537R,None
JK740,None
JK741,None
JK742,None
JK744,None
JK755A,None
JK756A,None
JK757A,None
JK758A,None
JK759A,None
JK769,None
JK775A,None
JK776A,None
JK777A,None
JK778A,None
JK779A,None
JK785,None
JK786,None
JK787,None
JK788,None
JK789,None
JK817,None
JK821,None
JM020,None
JM021,None
JM174,None
JM188,None
JN021,None
JN086,None
JN088,None
JN089,None
JN090,None
JN091,None
JN092,None
JN094,None
JN095,None
JN096,None
JN187,None
JN188,None
JN340,None
JN341,None
JN342,None
JN344,None
JN346,None
JN440,None
JN441,None
JN442,None
JN444,None
JN445,None
JN446,None
JN740,None
JN741,None
JN742,None
JN744,None
JN817,None
JN821,None
JP050,None
JP055,None
JP101,None
JP102,None
JP103,None
JP104,None
JP105,None
JP111,None
JP112,None
JP113,None
JP114,None
JP115,None
JP121,None
JP122,None
JP123,None
JP124,None
JP125,None
KH113NR,https://products.api.bbraun.io/api/image/KH113NR?countryISOCode=01
KX114S,None
KX116S,None
KX118S,None
KX120S,None
KY002S,None
KY003S,None
KY004S,None
KY005S,None
KY006S,None
KY007S,None
KY008S,None
KY009S,None
KY010S,None
KY012S,None
KY015S,None
KY201R,https://products.api.bbraun.io/api/image/KY201R?countryISOCode=01
KY202R,https://products.api.bbraun.io/api/image/KY202R?countryISOCode=01
KY203R,https://products.api.bbraun.io/api/image/KY203R?countryISOCode=01
KY206R,https://products.api.bbraun.io/api/image/KY206R?countryISOCode=01
KY207NR,https://products.api.bbraun.io/api/image/KY207NR?countryISOCode=01
KY208NR,https://products.api.bbraun.io/api/image/KY208NR?countryISOCode=01
KY220S,None
LX010S,None
LX012S,None
LX014S,None
LX015S,None
LX016S,None
LX018S,None
LX020S,None
LX022S,None
LX025S,None
LX030S,None
LX032S,None
LX034S,None
LX035S,None
LX036S,None
LX038S,None
LX040S,None
LX042S,None
LX045S,None
LX100S,None
LX110S,None
LX112S,None
LX114S,None
LX115S,None
LX116S,None
LX118S,None
LX120S,None
LX122S,None
LX125S,None
LX130S,None
LX132S,None
LX134S,None
LX135S,None
LX136S,None
LX138S,None
LX140S,None
LX142S,None
LX145S,None
LX149R,https://products.api.bbraun.io/api/image/LX149R?countryISOCode=01
LX150R,https://products.api.bbraun.io/api/image/LX150R?countryISOCode=01
LX152R,https://products.api.bbraun.io/api/image/LX152R?countryISOCode=01
LX156R,https://products.api.bbraun.io/api/image/LX156R?countryISOCode=01
LX157NR,https://products.api.bbraun.io/api/image/LX157NR?countryISOCode=01
LX157R,https://products.api.bbraun.io/api/image/LX157R?countryISOCode=01
LX158R,https://products.api.bbraun.io/api/image/LX158R?countryISOCode=01
LX159NR,https://products.api.bbraun.io/api/image/LX159NR?countryISOCode=01
LX159R,https://products.api.bbraun.io/api/image/LX159NR?countryISOCode=01
LX162R,https://products.api.bbraun.io/api/image/LX162R?countryISOCode=01
LX163R,https://products.api.bbraun.io/api/image/LX163R?countryISOCode=01
LX164205,None
LX164R,https://products.api.bbraun.io/api/image/LX164R?countryISOCode=01
LX165R,https://products.api.bbraun.io/api/image/LX165R?countryISOCode=01
LX170R,https://products.api.bbraun.io/api/image/LX170R?countryISOCode=01
LX171R,https://products.api.bbraun.io/api/image/LX171R?countryISOCode=01
LX172R,https://products.api.bbraun.io/api/image/LX172R?countryISOCode=01
LX174R,https://products.api.bbraun.io/api/image/LX174R?countryISOCode=01
LX175S,https://products.api.bbraun.io/api/image/LX175S?countryISOCode=01
LX176R,https://products.api.bbraun.io/api/image/LX176R?countryISOCode=01
LX177R,https://products.api.bbraun.io/api/image/LX177R?countryISOCode=01
LX178R,https://products.api.bbraun.io/api/image/LX178R?countryISOCode=01
LX179R,https://products.api.bbraun.io/api/image/LX179R?countryISOCode=01
LX181NR,https://products.api.bbraun.io/api/image/LX181NR?countryISOCode=01
LX181R,https://products.api.bbraun.io/api/image/LX181NR?countryISOCode=01
LX182NR,https://products.api.bbraun.io/api/image/LX182NR?countryISOCode=01
LX182R,https://products.api.bbraun.io/api/image/LX182NR?countryISOCode=01
LX183NR,https://products.api.bbraun.io/api/image/LX183NR?countryISOCode=01
LX183R,https://products.api.bbraun.io/api/image/LX183NR?countryISOCode=01
LX184NR,https://products.api.bbraun.io/api/image/LX184NR?countryISOCode=01
LX185R,https://products.api.bbraun.io/api/image/LX184NR?countryISOCode=01
LX189R,https://products.api.bbraun.io/api/image/LX189R?countryISOCode=01
LX190R,https://products.api.bbraun.io/api/image/LX190R?countryISOCode=01
LX202S,None
LX203R,None
LX204R,None
LX205R,None
LX206R,None
LX207R,None
LX208R,None
LX209R,None
LX211R,None
LX212R,None
LX213R,None
LX214R,None
LX215R,None
LX216R,None
LX218R,None
LX222R,None
LX223R,None
LX225C,None
LX227R,None
LX240R,None
LX241R,None
LX267R,None
LX505R,None
LX522C,None
LX548R,https://products.api.bbraun.io/api/image/LX548R?countryISOCode=01
LX550R,https://products.api.bbraun.io/api/image/LX550R?countryISOCode=01
LX552R,https://products.api.bbraun.io/api/image/LX552R?countryISOCode=01
LX553R,https://products.api.bbraun.io/api/image/LX553R?countryISOCode=01
LX556R,https://products.api.bbraun.io/api/image/LX556R?countryISOCode=01
LX558R,https://products.api.bbraun.io/api/image/LX558R?countryISOCode=01
LX565R,https://products.api.bbraun.io/api/image/LX565R?countryISOCode=01
LX574R,https://products.api.bbraun.io/api/image/LX574R?countryISOCode=01
LX575R,https://products.api.bbraun.io/api/image/LX575R?countryISOCode=01
LX582R,https://products.api.bbraun.io/api/image/LX582R?countryISOCode=01
LX587R,https://products.api.bbraun.io/api/image/LX587R?countryISOCode=01
LX600R,https://products.api.bbraun.io/api/image/LX600R?countryISOCode=01
LX605R,https://products.api.bbraun.io/api/image/LX605R?countryISOCode=01
LX610R,None
LX618R,https://products.api.bbraun.io/api/image/LX618R?countryISOCode=01
LX624R,https://products.api.bbraun.io/api/image/LX624R?countryISOCode=01
LX902S,None
LX951S,None
LX952S,None
LX953S,None
LX957S,None
MA005R,None
MA006R,None
MA007R,None
MA008R,None
MA009R,None
MA011R,None
MA013R,None
MA014R,None
MA016R,None
MA017R,None
MA018R,None
MA038R,None
MA039R,None
MA053R,None
MA054R,None
MA058R,None
MA059R,None
MA060R,None
MA061R,None
MA062R,None
MA070R,None
MA090R,None
MA091R,None
MA092R,None
MA106R,None
MA107R,None
MA108R,None
MA109R,None
MA110R,None
MA111R,None
MA112R,None
MA129R,None
MA137R,None
MA146R,None
MA147R,None
MA159R,None
MA173R,None
MA174R,None
MA178R,None
MA179R,None
MA181R,None
MA182R,None
MA186R,None
MA188R,None
MA201R,None
MA203R,None
MA211R,None
MA212R,None
MA241R,None
MA246R,None
MA247R,None
MA263R,None
MA264R,None
MA265R,None
MA267R,None
MA282R,None
MA283R,None
MA292R,None
MA308R,None
MA309R,None
MA311R,None
MA312R,None
MA313R,None
MA314R,None
MA332R,None
MA333R,None
MA334R,None
MA349R,None
MA355R,None
MA356R,None
MA357R,None
MA358R,None
MA360R,None
MA362R,None
MA363R,None
MA364R,None
MA366R,None
MA367R,None
MA368R,None
MA374R,None
MA375R,None
MA379R,None
MA381R,None
MA382R,None
MA391R,None
MA407R,None
MA410R,None
MA411R,None
MA412R,None
MA413R,None
MA414R,None
MA419R,None
MA420R,None
MA421R,None
MA430R,None
MA431R,None
MA444R,None
MA449R,None
MA452R,None
MA464R,None
MA465R,None
MA500R,None
MA501R,None
MA502R,None
MA503R,None
MA504R,None
MA508R,None
MA513R,None
MA514R,None
MA515R,None
MA516R,None
MA518R,None
MA522R,None
MA548R,None
MB044R,None
MB047R,https://products.api.bbraun.io/api/image/MB047R?countryISOCode=01
MB048R,https://products.api.bbraun.io/api/image/MB048R?countryISOCode=01
MB056R,None
MB057R,None
MB066R,None
MB106R,None
MB107R,None
MB109R,None
MB127R,None
MB128R,None
MB140R,None
MB146R,None
MB156R,https://products.api.bbraun.io/api/image/MB156R?countryISOCode=01
MB157R,https://products.api.bbraun.io/api/image/MB157R?countryISOCode=01
MB171R,None
MB174R,None
MB175R,None
MB177R,https://products.api.bbraun.io/api/image/MB177R?countryISOCode=01
MB178R,https://products.api.bbraun.io/api/image/MB178R?countryISOCode=01
MB180R,None
MB190R,None
MB191R,None
MB192R,https://products.api.bbraun.io/api/image/MB192R?countryISOCode=01
MB193R,https://products.api.bbraun.io/api/image/MB193R?countryISOCode=01
MB199R,None
MB205R,None
MB207R,None
MB210R,None
MB211R,None
MB212R,None
MB213R,None
MB229R,https://products.api.bbraun.io/api/image/MB229R?countryISOCode=01
MB238R,https://products.api.bbraun.io/api/image/MB238R?countryISOCode=01
MB239R,https://products.api.bbraun.io/api/image/MB239R?countryISOCode=01
MB240,https://products.api.bbraun.io/api/image/MB240?countryISOCode=01
MB241,https://products.api.bbraun.io/api/image/MB241?countryISOCode=01
MB245,https://products.api.bbraun.io/api/image/MB245?countryISOCode=01
MB246,https://products.api.bbraun.io/api/image/MB246?countryISOCode=01
MB247,https://products.api.bbraun.io/api/image/MB247?countryISOCode=01
MB248,https://products.api.bbraun.io/api/image/MB248?countryISOCode=01
MB249,https://products.api.bbraun.io/api/image/MB249?countryISOCode=01
MB250,https://products.api.bbraun.io/api/image/MB250?countryISOCode=01
MB251,https://products.api.bbraun.io/api/image/MB251?countryISOCode=01
MB252,https://products.api.bbraun.io/api/image/MB252?countryISOCode=01
MB253,https://products.api.bbraun.io/api/image/MB253?countryISOCode=01
MB254,https://products.api.bbraun.io/api/image/MB254?countryISOCode=01
MB256,https://products.api.bbraun.io/api/image/MB256?countryISOCode=01
MB257,https://products.api.bbraun.io/api/image/MB257?countryISOCode=01
MB258,https://products.api.bbraun.io/api/image/MB258?countryISOCode=01
MB259,https://products.api.bbraun.io/api/image/MB259?countryISOCode=01
MB260,https://products.api.bbraun.io/api/image/MB260?countryISOCode=01
MB261,https://products.api.bbraun.io/api/image/MB261?countryISOCode=01
MB262,https://products.api.bbraun.io/api/image/MB262?countryISOCode=01
MB263,https://products.api.bbraun.io/api/image/MB263?countryISOCode=01
MB264,https://products.api.bbraun.io/api/image/MB264?countryISOCode=01
MB265,https://products.api.bbraun.io/api/image/MB265?countryISOCode=01
MB273R,https://products.api.bbraun.io/api/image/MB273R?countryISOCode=01
MB275R,https://products.api.bbraun.io/api/image/MB275R?countryISOCode=01
MB276R,https://products.api.bbraun.io/api/image/MB276R?countryISOCode=01
MB277R,https://products.api.bbraun.io/api/image/MB277R?countryISOCode=01
MB278R,https://products.api.bbraun.io/api/image/MB278R?countryISOCode=01
MB279R,https://products.api.bbraun.io/api/image/MB279R?countryISOCode=01
MB285R,https://products.api.bbraun.io/api/image/MB285R?countryISOCode=01
MB286R,https://products.api.bbraun.io/api/image/MB286R?countryISOCode=01
MB291R,https://products.api.bbraun.io/api/image/MB291R?countryISOCode=01
MB297R,None
MB308R,None
MB312R,None
MB315R,None
MB338R,None
MB349R,None
MB352R,None
MB353R,None
MB354R,None
MB355R,None
MB357R,None
MB358R,None
MB359R,None
MB388R,None
MB389R,None
MB405R,None
MB407R,None
MB408R,None
MB410R,None
MB411R,None
MB449R,None
MB450R,None
MB451R,None
MB452R,None
MB453R,None
MB454R,https://products.api.bbraun.io/api/image/MB454R?countryISOCode=01
MB459R,None
MB476R,None
MB523R,None
MB536R,None
MB540R,None
MB576R,https://products.api.bbraun.io/api/image/MB576R?countryISOCode=01
MB580R,None
MB581R,None
MB586R,None
MB587R,None
MB588R,None
MB603R,https://products.api.bbraun.io/api/image/MB603R?countryISOCode=01
MB606R,https://products.api.bbraun.io/api/image/MB606R?countryISOCode=01
MB607R,https://products.api.bbraun.io/api/image/MB607R?countryISOCode=01
MB611R,https://products.api.bbraun.io/api/image/MB611R?countryISOCode=01
MB612R,https://products.api.bbraun.io/api/image/MB612R?countryISOCode=01
MB613R,https://products.api.bbraun.io/api/image/MB613R?countryISOCode=01
MB629R,None
MB630R,https://products.api.bbraun.io/api/image/MB630R?countryISOCode=01
MB631NR,https://products.api.bbraun.io/api/image/MB631NR?countryISOCode=01
MB631R,https://products.api.bbraun.io/api/image/MB631R?countryISOCode=01
MB641R,https://products.api.bbraun.io/api/image/MB641R?countryISOCode=01
MB642R,https://products.api.bbraun.io/api/image/MB642R?countryISOCode=01
MB643R,https://products.api.bbraun.io/api/image/MB643R?countryISOCode=01
MB644R,https://products.api.bbraun.io/api/image/MB644R?countryISOCode=01
MB645R,https://products.api.bbraun.io/api/image/MB645R?countryISOCode=01
MB646R,https://products.api.bbraun.io/api/image/MB646R?countryISOCode=01
MB651R,https://products.api.bbraun.io/api/image/MB651R?countryISOCode=01
MB652R,https://products.api.bbraun.io/api/image/MB652R?countryISOCode=01
MB653R,https://products.api.bbraun.io/api/image/MB653R?countryISOCode=01
MB654R,https://products.api.bbraun.io/api/image/MB654R?countryISOCode=01
MB655R,https://products.api.bbraun.io/api/image/MB655R?countryISOCode=01
MB656R,https://products.api.bbraun.io/api/image/MB656R?countryISOCode=01
MB657R,https://products.api.bbraun.io/api/image/MB657R?countryISOCode=01
MB658R,https://products.api.bbraun.io/api/image/MB658R?countryISOCode=01
MB659R,https://products.api.bbraun.io/api/image/MB659R?countryISOCode=01
MB660R,https://products.api.bbraun.io/api/image/MB660R?countryISOCode=01
MB661R,https://products.api.bbraun.io/api/image/MB661R?countryISOCode=01
MB662R,https://products.api.bbraun.io/api/image/MB662R?countryISOCode=01
MB663R,https://products.api.bbraun.io/api/image/MB663R?countryISOCode=01
MB664R,https://products.api.bbraun.io/api/image/MB664R?countryISOCode=01
MB665R,https://products.api.bbraun.io/api/image/MB665R?countryISOCode=01
MB666R,https://products.api.bbraun.io/api/image/MB666R?countryISOCode=01
MB667R,https://products.api.bbraun.io/api/image/MB667R?countryISOCode=01
MB668R,https://products.api.bbraun.io/api/image/MB668R?countryISOCode=01
MB669R,https://products.api.bbraun.io/api/image/MB669R?countryISOCode=01
MB675R,https://products.api.bbraun.io/api/image/MB675R?countryISOCode=01
MB676R,https://products.api.bbraun.io/api/image/MB676R?countryISOCode=01
MB677R,https://products.api.bbraun.io/api/image/MB677R?countryISOCode=01
MB678R,https://products.api.bbraun.io/api/image/MB678R?countryISOCode=01
MB679R,https://products.api.bbraun.io/api/image/MB679R?countryISOCode=01
MB680R,https://products.api.bbraun.io/api/image/MB680R?countryISOCode=01
MB681R,https://products.api.bbraun.io/api/image/MB681R?countryISOCode=01
MB682R,None
MB683R,https://products.api.bbraun.io/api/image/MB683R?countryISOCode=01
MB684R,https://products.api.bbraun.io/api/image/MB684R?countryISOCode=01
MB685R,https://products.api.bbraun.io/api/image/MB685R?countryISOCode=01
MB686R,https://products.api.bbraun.io/api/image/MB686R?countryISOCode=01
MB687R,https://products.api.bbraun.io/api/image/MB687R?countryISOCode=01
MB688R,https://products.api.bbraun.io/api/image/MB688R?countryISOCode=01
MB689R,https://products.api.bbraun.io/api/image/MB689R?countryISOCode=01
MB690R,https://products.api.bbraun.io/api/image/MB690R?countryISOCode=01
MB691R,https://products.api.bbraun.io/api/image/MB691R?countryISOCode=01
MB692R,None
MB693R,https://products.api.bbraun.io/api/image/MB693R?countryISOCode=01
MB694R,https://products.api.bbraun.io/api/image/MB694R?countryISOCode=01
MB700R,https://products.api.bbraun.io/api/image/MB700R?countryISOCode=01
MB701R,https://products.api.bbraun.io/api/image/MB701R?countryISOCode=01
MB702R,https://products.api.bbraun.io/api/image/MB702R?countryISOCode=01
MB703R,https://products.api.bbraun.io/api/image/MB703R?countryISOCode=01
MB707R,None
MB710R,None
MB712R,None
MB714R,None
MB716R,None
MB718R,None
MB720R,None
MB721R,None
MB736R,https://products.api.bbraun.io/api/image/MB736R?countryISOCode=01
MB741R,https://products.api.bbraun.io/api/image/MB741R?countryISOCode=01
MB750R,https://products.api.bbraun.io/api/image/MB750R?countryISOCode=01
MB751R,https://products.api.bbraun.io/api/image/MB751R?countryISOCode=01
MB752R,https://products.api.bbraun.io/api/image/MB752R?countryISOCode=01
MB758R,https://products.api.bbraun.io/api/image/MB758R?countryISOCode=01
MB785R,https://products.api.bbraun.io/api/image/MB785R?countryISOCode=01
MB803R,None
MB812R,https://products.api.bbraun.io/api/image/MB812R?countryISOCode=01
MB816R,https://products.api.bbraun.io/api/image/MB816R?countryISOCode=01
MB842R,None
MB843R,None
MB844R,None
MB850R,None
MB851R,None
MB852R,None
MB854R,None
MB856R,None
MB858R,None
MB859R,None
MB872R,https://products.api.bbraun.io/api/image/MB872R?countryISOCode=01
MB873R,https://products.api.bbraun.io/api/image/MB873R?countryISOCode=01
MB874R,https://products.api.bbraun.io/api/image/MB874R?countryISOCode=01
MB875R,https://products.api.bbraun.io/api/image/MB875R?countryISOCode=01
MB876R,https://products.api.bbraun.io/api/image/MB876R?countryISOCode=01
MB877R,https://products.api.bbraun.io/api/image/MB877R?countryISOCode=01
MB878R,https://products.api.bbraun.io/api/image/MB878R?countryISOCode=01
MB879R,https://products.api.bbraun.io/api/image/MB879R?countryISOCode=01
MB880R,https://products.api.bbraun.io/api/image/MB880R?countryISOCode=01
MB986R,None
MB989R,None
MB992R,None
MB994R,None
MB995R,None
MD064R,None
MD065R,None
MD066R,None
MD067R,None
MD068R,None
MD069R,None
MD070R,None
MD076,https://products.api.bbraun.io/api/image/MD076?countryISOCode=01
MD077,https://products.api.bbraun.io/api/image/MD077?countryISOCode=01
MD124R,https://products.api.bbraun.io/api/image/MD124R?countryISOCode=01
MD125R,https://products.api.bbraun.io/api/image/MD125R?countryISOCode=01
MD127R,https://products.api.bbraun.io/api/image/MD127R?countryISOCode=01
MD129R,https://products.api.bbraun.io/api/image/MD129R?countryISOCode=01
MD452R,https://products.api.bbraun.io/api/image/MD452R?countryISOCode=01
MD453R,https://products.api.bbraun.io/api/image/MD453R?countryISOCode=01
MD454R,https://products.api.bbraun.io/api/image/MD454R?countryISOCode=01
MD455,https://products.api.bbraun.io/api/image/MD455?countryISOCode=01
MD456R,https://products.api.bbraun.io/api/image/MD456R?countryISOCode=01
MD463,https://products.api.bbraun.io/api/image/MD463?countryISOCode=01
MD464,https://products.api.bbraun.io/api/image/MD464?countryISOCode=01
MD465R,https://products.api.bbraun.io/api/image/MD465R?countryISOCode=01
MD466R,https://products.api.bbraun.io/api/image/MD466R?countryISOCode=01
MD467R,https://products.api.bbraun.io/api/image/MD467R?countryISOCode=01
MD468,https://products.api.bbraun.io/api/image/MD468?countryISOCode=01
MD469,https://products.api.bbraun.io/api/image/MD469?countryISOCode=01
MD470,https://products.api.bbraun.io/api/image/MD470?countryISOCode=01
MD497,https://products.api.bbraun.io/api/image/MD497?countryISOCode=01
MD541R,None
MD545R,None
MD549R,None
MD553R,None
MD563,https://products.api.bbraun.io/api/image/MD563?countryISOCode=01
MD568,https://products.api.bbraun.io/api/image/MD568?countryISOCode=01
MD569,https://products.api.bbraun.io/api/image/MD569?countryISOCode=01
MD570R,https://products.api.bbraun.io/api/image/MD570R?countryISOCode=01
MD579R,None
MD581,https://products.api.bbraun.io/api/image/MD581?countryISOCode=01
MD591,https://products.api.bbraun.io/api/image/MD591?countryISOCode=01
MD592,https://products.api.bbraun.io/api/image/MD592?countryISOCode=01
MD593R,None
MD610,https://products.api.bbraun.io/api/image/MD610?countryISOCode=01
MD611,https://products.api.bbraun.io/api/image/MD611?countryISOCode=01
MD615,https://products.api.bbraun.io/api/image/MD615?countryISOCode=01
MD617,https://products.api.bbraun.io/api/image/MD617?countryISOCode=01
MD652,https://products.api.bbraun.io/api/image/MD652?countryISOCode=01
MD653,https://products.api.bbraun.io/api/image/MD653?countryISOCode=01
MD654,https://products.api.bbraun.io/api/image/MD654?countryISOCode=01
MF058R,None
MF059R,None
MF060R,None
MF061R,None
MF068R,None
MF069R,None
MF070R,None
MF071R,None
MF072R,None
MF073R,None
MF074R,None
MF075R,None
MF076R,None
MF077R,None
MF078R,None
MF079R,None
MF133R,None
MF135R,None
MF139R,None
MF141R,None
MF251R,https://products.api.bbraun.io/api/image/MF251R?countryISOCode=01
MF252R,None
MF253R,https://products.api.bbraun.io/api/image/MF253R?countryISOCode=01
MF254R,https://products.api.bbraun.io/api/image/MF254R?countryISOCode=01
MF256R,https://products.api.bbraun.io/api/image/MF256R?countryISOCode=01
MF257R,https://products.api.bbraun.io/api/image/MF257R?countryISOCode=01
MF258R,https://products.api.bbraun.io/api/image/MF258R?countryISOCode=01
MF259R,https://products.api.bbraun.io/api/image/MF259R?countryISOCode=01
MF261R,https://products.api.bbraun.io/api/image/MF261R?countryISOCode=01
MF262R,https://products.api.bbraun.io/api/image/MF262R?countryISOCode=01
MF263R,https://products.api.bbraun.io/api/image/MF263R?countryISOCode=01
MF264R,https://products.api.bbraun.io/api/image/MF264R?countryISOCode=01
MF266R,https://products.api.bbraun.io/api/image/MF266R?countryISOCode=01
MF267R,https://products.api.bbraun.io/api/image/MF267R?countryISOCode=01
MF268R,https://products.api.bbraun.io/api/image/MF268R?countryISOCode=01
MF269R,https://products.api.bbraun.io/api/image/MF269R?countryISOCode=01
MF272R,https://products.api.bbraun.io/api/image/MF272R?countryISOCode=01
MF273R,https://products.api.bbraun.io/api/image/MF273R?countryISOCode=01
MF274R,https://products.api.bbraun.io/api/image/MF274R?countryISOCode=01
MF275R,https://products.api.bbraun.io/api/image/MF275R?countryISOCode=01
MF277R,https://products.api.bbraun.io/api/image/MF277R?countryISOCode=01
MF278R,https://products.api.bbraun.io/api/image/MF278R?countryISOCode=01
MF279R,https://products.api.bbraun.io/api/image/MF279R?countryISOCode=01
MF280R,https://products.api.bbraun.io/api/image/MF280R?countryISOCode=01
MF282R,https://products.api.bbraun.io/api/image/MF282R?countryISOCode=01
MF283R,https://products.api.bbraun.io/api/image/MF283R?countryISOCode=01
MF284R,https://products.api.bbraun.io/api/image/MF284R?countryISOCode=01
MF285R,https://products.api.bbraun.io/api/image/MF285R?countryISOCode=01
MF287R,https://products.api.bbraun.io/api/image/MF287R?countryISOCode=01
MF288R,https://products.api.bbraun.io/api/image/MF288R?countryISOCode=01
MF289R,https://products.api.bbraun.io/api/image/MF289R?countryISOCode=01
MF290R,https://products.api.bbraun.io/api/image/MF290R?countryISOCode=01
MF296R,https://products.api.bbraun.io/api/image/MF296R?countryISOCode=01
MF297R,https://products.api.bbraun.io/api/image/MF297R?countryISOCode=01
MF298R,https://products.api.bbraun.io/api/image/MF298R?countryISOCode=01
MF299R,https://products.api.bbraun.io/api/image/MF299R?countryISOCode=01
MF300R,https://products.api.bbraun.io/api/image/MF300R?countryISOCode=01
MF301R,https://products.api.bbraun.io/api/image/MF301R?countryISOCode=01
MF302R,https://products.api.bbraun.io/api/image/MF302R?countryISOCode=01
MF303R,https://products.api.bbraun.io/api/image/MF303R?countryISOCode=01
MF304R,https://products.api.bbraun.io/api/image/MF304R?countryISOCode=01
MF305R,https://products.api.bbraun.io/api/image/MF305R?countryISOCode=01
MF306R,https://products.api.bbraun.io/api/image/MF306R?countryISOCode=01
MF307R,https://products.api.bbraun.io/api/image/MF307R?countryISOCode=01
MF308R,https://products.api.bbraun.io/api/image/MF308R?countryISOCode=01
MF309R,https://products.api.bbraun.io/api/image/MF309R?countryISOCode=01
MF310R,https://products.api.bbraun.io/api/image/MF310R?countryISOCode=01
MF311R,https://products.api.bbraun.io/api/image/MF311R?countryISOCode=01
MF312R,https://products.api.bbraun.io/api/image/MF312R?countryISOCode=01
MF313R,https://products.api.bbraun.io/api/image/MF313R?countryISOCode=01
MF326R,None
MF327R,None
MF328R,None
MF333R,None
MF334R,None
MF335R,None
MF360R,None
MF361R,None
MF362R,None
MF401R,None
MF405R,None
MF406R,None
MF453R,None
MG012R,None
MG013R,None
MG015R,None
MG021R,None
MG024R,None
MG025R,https://products.api.bbraun.io/api/image/LX157R?countryISOCode=01
MG026R,None
MG061R,None
MG071R,None
MG081R,https://products.api.bbraun.io/api/image/MG081R?countryISOCode=01
MG082R,None
MG083R,None
MG086R,None
MG087R,None
MG088R,None
MG089R,None
MG090R,None
MG128R,None
MG129R,None
MG130R,None
MG141R,None
MG142R,None
MG143R,None
MG144R,None
MG145R,None
MG147R,None
MG148R,None
MG151R,None
MG152R,None
MG153R,None
MG154R,None
MG157R,None
MG180R,None
MG185R,None
MG189R,None
MG191R,None
MG193R,None
MG203R,None
MG204R,None
MG205R,None
MG206R,None
MG208R,None
MG209R,None
MG210R,None
MG216R,None
MG221R,None
MG235R,None
MG236R,None
MG237R,None
MG240R,None
MG241R,None
MG242R,None
MG243R,None
MG244R,None
MG245R,None
MG246R,None
MG247R,None
MG248R,None
MG249R,None
MG275R,None
MG276R,None
MG277R,None
MG346R,None
MG347R,None
MG348R,None
MG349R,None
MG350R,None
MG356R,None
MG359R,None
MG360R,None
MG364R,None
MG366R,None
MG370R,None
MG377R,None
MG378R,None
MG471R,None
MG481R,None
MG565R,https://products.api.bbraun.io/api/image/MG565R?countryISOCode=01
MG566R,https://products.api.bbraun.io/api/image/MG566R?countryISOCode=01
MG567R,https://products.api.bbraun.io/api/image/MG567R?countryISOCode=01
MG568R,https://products.api.bbraun.io/api/image/MG568R?countryISOCode=01
MG569R,https://products.api.bbraun.io/api/image/MG569R?countryISOCode=01
MG570R,https://products.api.bbraun.io/api/image/MG570R?countryISOCode=01
MG575R,None
MG578R,None
MG579R,None
MG581R,None
MG588R,None
MG589R,None
MG697R,https://products.api.bbraun.io/api/image/MG697R?countryISOCode=01
MG698R,https://products.api.bbraun.io/api/image/MG698R?countryISOCode=01
MG699R,https://products.api.bbraun.io/api/image/MG699R?countryISOCode=01
MG700R,https://products.api.bbraun.io/api/image/MG700R?countryISOCode=01
MG701R,https://products.api.bbraun.io/api/image/MG701R?countryISOCode=01
MG702R,https://products.api.bbraun.io/api/image/MG702R?countryISOCode=01
MG703R,https://products.api.bbraun.io/api/image/MG703R?countryISOCode=01
ND007NR,https://products.api.bbraun.io/api/image/ND007NR?countryISOCode=01
ND019NR,https://products.api.bbraun.io/api/image/ND019NR?countryISOCode=01
ND066NR,https://products.api.bbraun.io/api/image/ND066NR?countryISOCode=01
ND067NR,https://products.api.bbraun.io/api/image/ND067NR?countryISOCode=01
ND068NR,https://products.api.bbraun.io/api/image/ND068NR?countryISOCode=01
ND091NR,https://products.api.bbraun.io/api/image/ND091NR?countryISOCode=01
ND092NR,https://products.api.bbraun.io/api/image/ND092NR?countryISOCode=01
ND093NR,https://products.api.bbraun.io/api/image/ND093NR?countryISOCode=01
ND096NR,https://products.api.bbraun.io/api/image/ND096NR?countryISOCode=01
ND097NR,https://products.api.bbraun.io/api/image/ND097NR?countryISOCode=01
ND098NR,https://products.api.bbraun.io/api/image/ND098NR?countryISOCode=01
ND104NR,https://products.api.bbraun.io/api/image/ND104NR?countryISOCode=01
ND105NR,https://products.api.bbraun.io/api/image/ND105NR?countryISOCode=01
ND108NR,https://products.api.bbraun.io/api/image/ND108NR?countryISOCode=01
ND109NR,https://products.api.bbraun.io/api/image/ND109NR?countryISOCode=01
ND118NR,https://products.api.bbraun.io/api/image/ND118NR?countryISOCode=01
ND584NR,https://products.api.bbraun.io/api/image/ND584NR?countryISOCode=01
ND585NR,https://products.api.bbraun.io/api/image/ND585NR?countryISOCode=01
ND586NR,https://products.api.bbraun.io/api/image/ND586NR?countryISOCode=01
ND587NR,https://products.api.bbraun.io/api/image/ND587NR?countryISOCode=01
ND588NR,https://products.api.bbraun.io/api/image/ND588NR?countryISOCode=01
OA200R,https://products.api.bbraun.io/api/image/OA200R?countryISOCode=01
OA218R,https://products.api.bbraun.io/api/image/OA218R?countryISOCode=01
OA225R,https://products.api.bbraun.io/api/image/OA225R?countryISOCode=01
OA310R,https://products.api.bbraun.io/api/image/OA310R?countryISOCode=01
OA311R,https://products.api.bbraun.io/api/image/OA311R?countryISOCode=01
OA312R,https://products.api.bbraun.io/api/image/OA312R?countryISOCode=01
OA313R,https://products.api.bbraun.io/api/image/OA313R?countryISOCode=01
OA314R,https://products.api.bbraun.io/api/image/OA314R?countryISOCode=01
OA332R,https://products.api.bbraun.io/api/image/OA332R?countryISOCode=01
OA333R,https://products.api.bbraun.io/api/image/OA333R?countryISOCode=01
OA334R,https://products.api.bbraun.io/api/image/OA334R?countryISOCode=01
OA335R,https://products.api.bbraun.io/api/image/OA335R?countryISOCode=01
OA336R,https://products.api.bbraun.io/api/image/OA336R?countryISOCode=01
OA337R,https://products.api.bbraun.io/api/image/OA337R?countryISOCode=01
OA338R,https://products.api.bbraun.io/api/image/OA338R?countryISOCode=01
OA340R,https://products.api.bbraun.io/api/image/OA340R?countryISOCode=01
OA351R,https://products.api.bbraun.io/api/image/OA351R?countryISOCode=01
OA357R,https://products.api.bbraun.io/api/image/OA357R?countryISOCode=01
OA358R,https://products.api.bbraun.io/api/image/OA358R?countryISOCode=01
OA359R,https://products.api.bbraun.io/api/image/OA359R?countryISOCode=01
OB510,https://products.api.bbraun.io/api/image/OB510?countryISOCode=01
OB511,https://products.api.bbraun.io/api/image/OB511?countryISOCode=01
OB512,https://products.api.bbraun.io/api/image/OB512?countryISOCode=01
OB513,https://products.api.bbraun.io/api/image/OB513?countryISOCode=01
OB514,https://products.api.bbraun.io/api/image/OB514?countryISOCode=01
OB792R,https://products.api.bbraun.io/api/image/OB792R?countryISOCode=01
OB793R,None
OC020R,https://products.api.bbraun.io/api/image/OC020R?countryISOCode=01
OC021R,https://products.api.bbraun.io/api/image/OC021R?countryISOCode=01
OC022R,https://products.api.bbraun.io/api/image/OC022R?countryISOCode=01
OC024R,https://products.api.bbraun.io/api/image/OC024R?countryISOCode=01
OC025R,https://products.api.bbraun.io/api/image/OC025R?countryISOCode=01
OC026R,https://products.api.bbraun.io/api/image/OC026R?countryISOCode=01
OC051R,https://products.api.bbraun.io/api/image/OC051R?countryISOCode=01
OC069R,https://products.api.bbraun.io/api/image/OC069R?countryISOCode=01
OC091R,https://products.api.bbraun.io/api/image/OC091R?countryISOCode=01
OC094R,https://products.api.bbraun.io/api/image/OC094R?countryISOCode=01
OC100R,https://products.api.bbraun.io/api/image/OC100R?countryISOCode=01
OC231R,https://products.api.bbraun.io/api/image/OC231R?countryISOCode=01
OC415R,https://products.api.bbraun.io/api/image/OC415R?countryISOCode=01
OC430R,None
OC480R,https://products.api.bbraun.io/api/image/OC480R?countryISOCode=01
OC482R,https://products.api.bbraun.io/api/image/OC482R?countryISOCode=01
OC485R,https://products.api.bbraun.io/api/image/OC485R?countryISOCode=01
OC486R,https://products.api.bbraun.io/api/image/OC486R?countryISOCode=01
OC491R,https://products.api.bbraun.io/api/image/OC491R?countryISOCode=01
OC492R,https://products.api.bbraun.io/api/image/OC492R?countryISOCode=01
OC496R,https://products.api.bbraun.io/api/image/OC496R?countryISOCode=01
OC497R,https://products.api.bbraun.io/api/image/OC497R?countryISOCode=01
OC498R,https://products.api.bbraun.io/api/image/OC498R?countryISOCode=01
OC499R,https://products.api.bbraun.io/api/image/OC499R?countryISOCode=01
OC500R,https://products.api.bbraun.io/api/image/OC500R?countryISOCode=01
OF001N,None
OF002N,None
OF003N,None
OF004N,None
OF005N,None
OF006N,None
OF010N,None
OF031N,None
OF033N,None
OF043,https://products.api.bbraun.io/api/image/OF043?countryISOCode=01
OF044,https://products.api.bbraun.io/api/image/OF044?countryISOCode=01
OF045,https://products.api.bbraun.io/api/image/OF045?countryISOCode=01
OF046,https://products.api.bbraun.io/api/image/OF046?countryISOCode=01
OF047,https://products.api.bbraun.io/api/image/OF047?countryISOCode=01
OF081,None
OF093,https://products.api.bbraun.io/api/image/OF093?countryISOCode=01
OF094,https://products.api.bbraun.io/api/image/OF094?countryISOCode=01
OF095,https://products.api.bbraun.io/api/image/OF095?countryISOCode=01
OF096,https://products.api.bbraun.io/api/image/OF096?countryISOCode=01
OF097,https://products.api.bbraun.io/api/image/OF097?countryISOCode=01
OF101C,None
OF102C,https://products.api.bbraun.io/api/image/OF102C?countryISOCode=01
OF103C,https://products.api.bbraun.io/api/image/OF103C?countryISOCode=01
OF104C,https://products.api.bbraun.io/api/image/OF104C?countryISOCode=01
OF108C,None
OF111C,https://products.api.bbraun.io/api/image/OF111C?countryISOCode=01
OF112C,https://products.api.bbraun.io/api/image/OF112C?countryISOCode=01
OF113C,https://products.api.bbraun.io/api/image/OF113C?countryISOCode=01
OF114C,https://products.api.bbraun.io/api/image/OF114C?countryISOCode=01
OF115C,https://products.api.bbraun.io/api/image/OF115C?countryISOCode=01
OF116C,https://products.api.bbraun.io/api/image/OF116C?countryISOCode=01
OF117C,https://products.api.bbraun.io/api/image/OF117C?countryISOCode=01
OF120C,None
OF121C,https://products.api.bbraun.io/api/image/OF121C?countryISOCode=01
OF122C,https://products.api.bbraun.io/api/image/OF122C?countryISOCode=01
OF123C,https://products.api.bbraun.io/api/image/OF123C?countryISOCode=01
OF124C,https://products.api.bbraun.io/api/image/OF124C?countryISOCode=01
OF125C,None
OF126C,https://products.api.bbraun.io/api/image/OF126C?countryISOCode=01
OF127C,https://products.api.bbraun.io/api/image/OF127C?countryISOCode=01
OF128C,https://products.api.bbraun.io/api/image/OF128C?countryISOCode=01
OF150,None
OF151,https://products.api.bbraun.io/api/image/OF151?countryISOCode=01
OF152,https://products.api.bbraun.io/api/image/OF152?countryISOCode=01
OF153,https://products.api.bbraun.io/api/image/OF153?countryISOCode=01
OF154,https://products.api.bbraun.io/api/image/OF154?countryISOCode=01
OF155,https://products.api.bbraun.io/api/image/OF155?countryISOCode=01
OF161,https://products.api.bbraun.io/api/image/OF161?countryISOCode=01
OF162,https://products.api.bbraun.io/api/image/OF162?countryISOCode=01
OF163,https://products.api.bbraun.io/api/image/OF163?countryISOCode=01
OF164,https://products.api.bbraun.io/api/image/OF164?countryISOCode=01
OF250C,https://products.api.bbraun.io/api/image/OF250C?countryISOCode=01
OF251C,https://products.api.bbraun.io/api/image/OF251C?countryISOCode=01
OF252C,https://products.api.bbraun.io/api/image/OF252C?countryISOCode=01
OF253C,https://products.api.bbraun.io/api/image/OF253C?countryISOCode=01
OF254C,https://products.api.bbraun.io/api/image/OF254C?countryISOCode=01
OF257R,https://products.api.bbraun.io/api/image/OF257R?countryISOCode=01
OF259R,https://products.api.bbraun.io/api/image/OF259R?countryISOCode=01
OF261R,https://products.api.bbraun.io/api/image/OF261R?countryISOCode=01
OF262R,https://products.api.bbraun.io/api/image/OF262R?countryISOCode=01
OF266R,https://products.api.bbraun.io/api/image/OF266R?countryISOCode=01
OF267R,https://products.api.bbraun.io/api/image/OF267R?countryISOCode=01
OF268R,https://products.api.bbraun.io/api/image/OF268R?countryISOCode=01
OF271R,https://products.api.bbraun.io/api/image/OF271R?countryISOCode=01
OF272R,https://products.api.bbraun.io/api/image/OF272R?countryISOCode=01
OF274R,https://products.api.bbraun.io/api/image/OF274R?countryISOCode=01
OF277R,https://products.api.bbraun.io/api/image/OF277R?countryISOCode=01
OF278R,https://products.api.bbraun.io/api/image/OF278R?countryISOCode=01
OF279R,https://products.api.bbraun.io/api/image/OF279R?countryISOCode=01
OF282R,https://products.api.bbraun.io/api/image/OF282R?countryISOCode=01
OF283R,https://products.api.bbraun.io/api/image/OF283R?countryISOCode=01
OF284R,https://products.api.bbraun.io/api/image/OF284R?countryISOCode=01
OF285R,https://products.api.bbraun.io/api/image/OF285R?countryISOCode=01
OF288R,https://products.api.bbraun.io/api/image/OF288R?countryISOCode=01
OF290,None
OF291,https://products.api.bbraun.io/api/image/OF291?countryISOCode=01
OF292,https://products.api.bbraun.io/api/image/OF292?countryISOCode=01
OF293,https://products.api.bbraun.io/api/image/OF293?countryISOCode=01
OF294,https://products.api.bbraun.io/api/image/OF294?countryISOCode=01
OF295,https://products.api.bbraun.io/api/image/OF295?countryISOCode=01
OF296,https://products.api.bbraun.io/api/image/OF296?countryISOCode=01
OF297,https://products.api.bbraun.io/api/image/OF297?countryISOCode=01
OF298,https://products.api.bbraun.io/api/image/OF298?countryISOCode=01
OF300R,https://products.api.bbraun.io/api/image/OF300R?countryISOCode=01
OF303R,https://products.api.bbraun.io/api/image/OF303R?countryISOCode=01
OF313R,https://products.api.bbraun.io/api/image/OF313R?countryISOCode=01
OF314R,https://products.api.bbraun.io/api/image/OF314R?countryISOCode=01
OF315R,https://products.api.bbraun.io/api/image/OF315R?countryISOCode=01
OF316R,https://products.api.bbraun.io/api/image/OF316R?countryISOCode=01
OF317R,https://products.api.bbraun.io/api/image/OF317R?countryISOCode=01
OF350R,https://products.api.bbraun.io/api/image/OF350R?countryISOCode=01
OF351R,https://products.api.bbraun.io/api/image/OF351R?countryISOCode=01
OF352R,https://products.api.bbraun.io/api/image/OF352R?countryISOCode=01
OF353R,https://products.api.bbraun.io/api/image/OF353R?countryISOCode=01
OF354R,https://products.api.bbraun.io/api/image/OF354R?countryISOCode=01
OF355R,https://products.api.bbraun.io/api/image/OF355R?countryISOCode=01
OF356R,https://products.api.bbraun.io/api/image/OF356R?countryISOCode=01
OF357R,https://products.api.bbraun.io/api/image/OF357R?countryISOCode=01
OF358R,https://products.api.bbraun.io/api/image/OF358R?countryISOCode=01
OF359R,https://products.api.bbraun.io/api/image/OF359R?countryISOCode=01
OF360R,https://products.api.bbraun.io/api/image/OF360R?countryISOCode=01
OF361R,https://products.api.bbraun.io/api/image/OF361R?countryISOCode=01
OF403R,https://products.api.bbraun.io/api/image/OF403R?countryISOCode=01
OF405R,https://products.api.bbraun.io/api/image/OF405R?countryISOCode=01
OF407R,https://products.api.bbraun.io/api/image/OF407R?countryISOCode=01
OF408R,https://products.api.bbraun.io/api/image/OF408R?countryISOCode=01
OF410R,https://products.api.bbraun.io/api/image/OF410R?countryISOCode=01
OF411R,https://products.api.bbraun.io/api/image/OF411R?countryISOCode=01
OF414R,https://products.api.bbraun.io/api/image/OF414R?countryISOCode=01
OF420R,https://products.api.bbraun.io/api/image/OF420R?countryISOCode=01
OF423R,https://products.api.bbraun.io/api/image/OF423R?countryISOCode=01
OF424R,https://products.api.bbraun.io/api/image/OF424R?countryISOCode=01
OF425R,https://products.api.bbraun.io/api/image/OF425R?countryISOCode=01
OF431R,https://products.api.bbraun.io/api/image/OF431R?countryISOCode=01
OF438R,https://products.api.bbraun.io/api/image/OF438R?countryISOCode=01
OF439R,https://products.api.bbraun.io/api/image/OF439R?countryISOCode=01
OF440R,https://products.api.bbraun.io/api/image/OF440R?countryISOCode=01
OF442R,https://products.api.bbraun.io/api/image/OF442R?countryISOCode=01
OF444R,https://products.api.bbraun.io/api/image/OF444R?countryISOCode=01
OF448R,https://products.api.bbraun.io/api/image/OF448R?countryISOCode=01
OF505R,https://products.api.bbraun.io/api/image/OF505R?countryISOCode=01
OF528R,https://products.api.bbraun.io/api/image/OF528R?countryISOCode=01
OF600R,https://products.api.bbraun.io/api/image/OF600R?countryISOCode=01
OF608R,https://products.api.bbraun.io/api/image/OF608R?countryISOCode=01
OF610R,https://products.api.bbraun.io/api/image/OF610R?countryISOCode=01
OF614R,https://products.api.bbraun.io/api/image/OF614R?countryISOCode=01
OF615R,https://products.api.bbraun.io/api/image/OF615R?countryISOCode=01
OF618R,https://products.api.bbraun.io/api/image/OF618R?countryISOCode=01
OF626R,https://products.api.bbraun.io/api/image/OF626R?countryISOCode=01
OF760R,https://products.api.bbraun.io/api/image/OF760R?countryISOCode=01
OF768R,None
OG001R,https://products.api.bbraun.io/api/image/OG001R?countryISOCode=01
OG002R,https://products.api.bbraun.io/api/image/OG002R?countryISOCode=01
OG003R,https://products.api.bbraun.io/api/image/OG003R?countryISOCode=01
OG005R,https://products.api.bbraun.io/api/image/OG005R?countryISOCode=01
OG006R,https://products.api.bbraun.io/api/image/OG006R?countryISOCode=01
OG007R,https://products.api.bbraun.io/api/image/OG007R?countryISOCode=01
OG008R,https://products.api.bbraun.io/api/image/OG008R?countryISOCode=01
OG009R,https://products.api.bbraun.io/api/image/OG009R?countryISOCode=01
OG010R,https://products.api.bbraun.io/api/image/OG010R?countryISOCode=01
OG011R,https://products.api.bbraun.io/api/image/OG011R?countryISOCode=01
OG012R,https://products.api.bbraun.io/api/image/OG012R?countryISOCode=01
OG013R,https://products.api.bbraun.io/api/image/OG013R?countryISOCode=01
OG014R,https://products.api.bbraun.io/api/image/OG014R?countryISOCode=01
OG021R,https://products.api.bbraun.io/api/image/OG021R?countryISOCode=01
OG023R,https://products.api.bbraun.io/api/image/OG023R?countryISOCode=01
OG031R,https://products.api.bbraun.io/api/image/OG031R?countryISOCode=01
OG034R,https://products.api.bbraun.io/api/image/OG034R?countryISOCode=01
OG035R,https://products.api.bbraun.io/api/image/OG035R?countryISOCode=01
OG036R,https://products.api.bbraun.io/api/image/OG036R?countryISOCode=01
OG037R,https://products.api.bbraun.io/api/image/OG037R?countryISOCode=01
OG038R,https://products.api.bbraun.io/api/image/OG038R?countryISOCode=01
OG040R,https://products.api.bbraun.io/api/image/OG040R?countryISOCode=01
OG042R,https://products.api.bbraun.io/api/image/OG042R?countryISOCode=01
OG048R,https://products.api.bbraun.io/api/image/OG048R?countryISOCode=01
OG050R,https://products.api.bbraun.io/api/image/OG050R?countryISOCode=01
OG051R,https://products.api.bbraun.io/api/image/OG051R?countryISOCode=01
OG053R,https://products.api.bbraun.io/api/image/OG053R?countryISOCode=01
OG054R,https://products.api.bbraun.io/api/image/OG054R?countryISOCode=01
OG055R,https://products.api.bbraun.io/api/image/OG055R?countryISOCode=01
OG056R,https://products.api.bbraun.io/api/image/OG056R?countryISOCode=01
OG060R,https://products.api.bbraun.io/api/image/OG060R?countryISOCode=01
OG061R,https://products.api.bbraun.io/api/image/OG061R?countryISOCode=01
OG066R,https://products.api.bbraun.io/api/image/OG066R?countryISOCode=01
OG080R,https://products.api.bbraun.io/api/image/OG080R?countryISOCode=01
OG081R,https://products.api.bbraun.io/api/image/OG081R?countryISOCode=01
OG082R,https://products.api.bbraun.io/api/image/OG082R?countryISOCode=01
OG083R,https://products.api.bbraun.io/api/image/OG083R?countryISOCode=01
OG084R,https://products.api.bbraun.io/api/image/OG084R?countryISOCode=01
OG085R,https://products.api.bbraun.io/api/image/OG085R?countryISOCode=01
OG086R,https://products.api.bbraun.io/api/image/OG086R?countryISOCode=01
OG099R,https://products.api.bbraun.io/api/image/OG099R?countryISOCode=01
OG100R,https://products.api.bbraun.io/api/image/OG100R?countryISOCode=01
OG101R,https://products.api.bbraun.io/api/image/OG101R?countryISOCode=01
OG104R,https://products.api.bbraun.io/api/image/OG104R?countryISOCode=01
OG105R,https://products.api.bbraun.io/api/image/OG105R?countryISOCode=01
OG106R,https://products.api.bbraun.io/api/image/OG106R?countryISOCode=01
OG108R,https://products.api.bbraun.io/api/image/OG108R?countryISOCode=01
OG110R,https://products.api.bbraun.io/api/image/OG110R?countryISOCode=01
OG112R,https://products.api.bbraun.io/api/image/OG112R?countryISOCode=01
OG116R,https://products.api.bbraun.io/api/image/OG116R?countryISOCode=01
OG123R,https://products.api.bbraun.io/api/image/OG123R?countryISOCode=01
OG124R,https://products.api.bbraun.io/api/image/OG124R?countryISOCode=01
OG131R,https://products.api.bbraun.io/api/image/OG131R?countryISOCode=01
OG132R,https://products.api.bbraun.io/api/image/OG132R?countryISOCode=01
OG133R,https://products.api.bbraun.io/api/image/OG133R?countryISOCode=01
OG136R,https://products.api.bbraun.io/api/image/OG136R?countryISOCode=01
OG140R,https://products.api.bbraun.io/api/image/OG140R?countryISOCode=01
OG145R,https://products.api.bbraun.io/api/image/OG145R?countryISOCode=01
OG151R,https://products.api.bbraun.io/api/image/OG151R?countryISOCode=01
OG160R,https://products.api.bbraun.io/api/image/OG160R?countryISOCode=01
OG161R,https://products.api.bbraun.io/api/image/OG161R?countryISOCode=01
OG162R,https://products.api.bbraun.io/api/image/OG162R?countryISOCode=01
OG163R,https://products.api.bbraun.io/api/image/OG163R?countryISOCode=01
OG164R,https://products.api.bbraun.io/api/image/OG164R?countryISOCode=01
OG165R,https://products.api.bbraun.io/api/image/OG165R?countryISOCode=01
OG180R,https://products.api.bbraun.io/api/image/OG180R?countryISOCode=01
OG181R,https://products.api.bbraun.io/api/image/OG181R?countryISOCode=01
OG182R,https://products.api.bbraun.io/api/image/OG182R?countryISOCode=01
OG184R,https://products.api.bbraun.io/api/image/OG184R?countryISOCode=01
OG185R,https://products.api.bbraun.io/api/image/OG185R?countryISOCode=01
OG189R,https://products.api.bbraun.io/api/image/OG189R?countryISOCode=01
OG201R,https://products.api.bbraun.io/api/image/OG201R?countryISOCode=01
OG202R,https://products.api.bbraun.io/api/image/OG202R?countryISOCode=01
OG203R,https://products.api.bbraun.io/api/image/OG203R?countryISOCode=01
OG205R,https://products.api.bbraun.io/api/image/OG205R?countryISOCode=01
OG206R,https://products.api.bbraun.io/api/image/OG206R?countryISOCode=01
OG207R,https://products.api.bbraun.io/api/image/OG207R?countryISOCode=01
OG209R,https://products.api.bbraun.io/api/image/OG209R?countryISOCode=01
OG300R,https://products.api.bbraun.io/api/image/OG300R?countryISOCode=01
OG301R,https://products.api.bbraun.io/api/image/OG301R?countryISOCode=01
OG325R,https://products.api.bbraun.io/api/image/OG325R?countryISOCode=01
OG329R,https://products.api.bbraun.io/api/image/OG329R?countryISOCode=01
OG330R,https://products.api.bbraun.io/api/image/OG330R?countryISOCode=01
OG331R,https://products.api.bbraun.io/api/image/OG331R?countryISOCode=01
OG332R,https://products.api.bbraun.io/api/image/OG332R?countryISOCode=01
OG334R,https://products.api.bbraun.io/api/image/OG334R?countryISOCode=01
OG335R,https://products.api.bbraun.io/api/image/OG335R?countryISOCode=01
OG338R,https://products.api.bbraun.io/api/image/OG338R?countryISOCode=01
OG339R,https://products.api.bbraun.io/api/image/OG339R?countryISOCode=01
OG341R,https://products.api.bbraun.io/api/image/OG341R?countryISOCode=01
OG342R,https://products.api.bbraun.io/api/image/OG342R?countryISOCode=01
OG343R,https://products.api.bbraun.io/api/image/OG343R?countryISOCode=01
OG344R,https://products.api.bbraun.io/api/image/OG344R?countryISOCode=01
OG345R,https://products.api.bbraun.io/api/image/OG345R?countryISOCode=01
OG346R,https://products.api.bbraun.io/api/image/OG346R?countryISOCode=01
OG348R,https://products.api.bbraun.io/api/image/OG348R?countryISOCode=01
OG350R,https://products.api.bbraun.io/api/image/OG350R?countryISOCode=01
OG351R,https://products.api.bbraun.io/api/image/OG351R?countryISOCode=01
OG352R,https://products.api.bbraun.io/api/image/OG352R?countryISOCode=01
OG353R,https://products.api.bbraun.io/api/image/OG353R?countryISOCode=01
OG354R,https://products.api.bbraun.io/api/image/OG354R?countryISOCode=01
OG355R,https://products.api.bbraun.io/api/image/OG355R?countryISOCode=01
OG359R,https://products.api.bbraun.io/api/image/OG359R?countryISOCode=01
OG360R,https://products.api.bbraun.io/api/image/OG360R?countryISOCode=01
OG950R,https://products.api.bbraun.io/api/image/OG950R?countryISOCode=01
OG951R,https://products.api.bbraun.io/api/image/OG951R?countryISOCode=01
OG960R,None
OG961R,None
OG962R,None
OG963R,None
OG964R,None
OG969R,None
OG970R,None
OG971R,https://products.api.bbraun.io/api/image/OG971R?countryISOCode=01
OG972R,None
OG973R,None
OG974R,None
OK001,None
OK030R,https://products.api.bbraun.io/api/image/OK030R?countryISOCode=01
OK035R,https://products.api.bbraun.io/api/image/OK035R?countryISOCode=01
OK036R,https://products.api.bbraun.io/api/image/OK036R?countryISOCode=01
OK037R,https://products.api.bbraun.io/api/image/OK037R?countryISOCode=01
OK038R,https://products.api.bbraun.io/api/image/OK038R?countryISOCode=01
OK039R,https://products.api.bbraun.io/api/image/OK039R?countryISOCode=01
OK041R,https://products.api.bbraun.io/api/image/OK041R?countryISOCode=01
OK042R,https://products.api.bbraun.io/api/image/OK042R?countryISOCode=01
OK043R,https://products.api.bbraun.io/api/image/OK043R?countryISOCode=01
OK047R,https://products.api.bbraun.io/api/image/OK047R?countryISOCode=01
OK048R,https://products.api.bbraun.io/api/image/OK048R?countryISOCode=01
OK049R,https://products.api.bbraun.io/api/image/OK049R?countryISOCode=01
OK051R,https://products.api.bbraun.io/api/image/OK051R?countryISOCode=01
OK052R,https://products.api.bbraun.io/api/image/OK052R?countryISOCode=01
OK053R,https://products.api.bbraun.io/api/image/OK053R?countryISOCode=01
OK058R,https://products.api.bbraun.io/api/image/OK058R?countryISOCode=01
OK060R,https://products.api.bbraun.io/api/image/OK060R?countryISOCode=01
OK061R,https://products.api.bbraun.io/api/image/OK061R?countryISOCode=01
OK062R,https://products.api.bbraun.io/api/image/OK062R?countryISOCode=01
OK070R,https://products.api.bbraun.io/api/image/OK070R?countryISOCode=01
OK071R,https://products.api.bbraun.io/api/image/OK071R?countryISOCode=01
OK072R,https://products.api.bbraun.io/api/image/OK072R?countryISOCode=01
OK073R,https://products.api.bbraun.io/api/image/OK073R?countryISOCode=01
OK081R,https://products.api.bbraun.io/api/image/OK081R?countryISOCode=01
OK082R,https://products.api.bbraun.io/api/image/OK082R?countryISOCode=01
OK083R,https://products.api.bbraun.io/api/image/OK083R?countryISOCode=01
OK084R,https://products.api.bbraun.io/api/image/OK084R?countryISOCode=01
OK085R,https://products.api.bbraun.io/api/image/OK085R?countryISOCode=01
OK089R,https://products.api.bbraun.io/api/image/OK089R?countryISOCode=01
OK090R,https://products.api.bbraun.io/api/image/OK090R?countryISOCode=01
OK091R,https://products.api.bbraun.io/api/image/OK091R?countryISOCode=01
OK092R,https://products.api.bbraun.io/api/image/OK092R?countryISOCode=01
OK093R,https://products.api.bbraun.io/api/image/OK093R?countryISOCode=01
OK094R,https://products.api.bbraun.io/api/image/OK094R?countryISOCode=01
OK099R,https://products.api.bbraun.io/api/image/OK099R?countryISOCode=01
OK100R,https://products.api.bbraun.io/api/image/OK100R?countryISOCode=01
OK101R,https://products.api.bbraun.io/api/image/OK101R?countryISOCode=01
OK102R,https://products.api.bbraun.io/api/image/OK102R?countryISOCode=01
OK103R,https://products.api.bbraun.io/api/image/OK103R?countryISOCode=01
OK105R,https://products.api.bbraun.io/api/image/OK105R?countryISOCode=01
OK106R,https://products.api.bbraun.io/api/image/OK106R?countryISOCode=01
OK107R,https://products.api.bbraun.io/api/image/OK107R?countryISOCode=01
OK108R,https://products.api.bbraun.io/api/image/OK108R?countryISOCode=01
OK161R,https://products.api.bbraun.io/api/image/OK161R?countryISOCode=01
OK162R,https://products.api.bbraun.io/api/image/OK162R?countryISOCode=01
OK163R,https://products.api.bbraun.io/api/image/OK163R?countryISOCode=01
OK164R,https://products.api.bbraun.io/api/image/OK164R?countryISOCode=01
OK165R,https://products.api.bbraun.io/api/image/OK165R?countryISOCode=01
OK166R,https://products.api.bbraun.io/api/image/OK166R?countryISOCode=01
OK167R,https://products.api.bbraun.io/api/image/OK167R?countryISOCode=01
OK225R,https://products.api.bbraun.io/api/image/OK225R?countryISOCode=01
OK226R,https://products.api.bbraun.io/api/image/OK226R?countryISOCode=01
OK242R,https://products.api.bbraun.io/api/image/OK242R?countryISOCode=01
OK243R,https://products.api.bbraun.io/api/image/OK243R?countryISOCode=01
OK245R,https://products.api.bbraun.io/api/image/OK245R?countryISOCode=01
OK260R,https://products.api.bbraun.io/api/image/OK260R?countryISOCode=01
OK261R,https://products.api.bbraun.io/api/image/OK261R?countryISOCode=01
OK262R,https://products.api.bbraun.io/api/image/OK262R?countryISOCode=01
OK293R,https://products.api.bbraun.io/api/image/OK293R?countryISOCode=01
OK350R,https://products.api.bbraun.io/api/image/OK350R?countryISOCode=01
OK351R,https://products.api.bbraun.io/api/image/OK351R?countryISOCode=01
OK352R,https://products.api.bbraun.io/api/image/OK352R?countryISOCode=01
OK365R,https://products.api.bbraun.io/api/image/OK365R?countryISOCode=01
OK366R,https://products.api.bbraun.io/api/image/OK366R?countryISOCode=01
OK367R,https://products.api.bbraun.io/api/image/OK367R?countryISOCode=01
OK368R,https://products.api.bbraun.io/api/image/OK368R?countryISOCode=01
OK369R,https://products.api.bbraun.io/api/image/OK369R?countryISOCode=01
OK370R,https://products.api.bbraun.io/api/image/OK370R?countryISOCode=01
OK371R,https://products.api.bbraun.io/api/image/OK371R?countryISOCode=01
OK372R,https://products.api.bbraun.io/api/image/OK372R?countryISOCode=01
OK373R,https://products.api.bbraun.io/api/image/OK373R?countryISOCode=01
OK374R,https://products.api.bbraun.io/api/image/OK374R?countryISOCode=01
OK378R,https://products.api.bbraun.io/api/image/OK378R?countryISOCode=01
OK400R,https://products.api.bbraun.io/api/image/OK400R?countryISOCode=01
OK405R,https://products.api.bbraun.io/api/image/OK405R?countryISOCode=01
OK410R,https://products.api.bbraun.io/api/image/OK410R?countryISOCode=01
OK412R,https://products.api.bbraun.io/api/image/OK412R?countryISOCode=01
OK422R,https://products.api.bbraun.io/api/image/OK422R?countryISOCode=01
OK433R,https://products.api.bbraun.io/api/image/OK433R?countryISOCode=01
OK434R,https://products.api.bbraun.io/api/image/OK434R?countryISOCode=01
OK435R,https://products.api.bbraun.io/api/image/OK435R?countryISOCode=01
OK436R,https://products.api.bbraun.io/api/image/OK436R?countryISOCode=01
OK440R,https://products.api.bbraun.io/api/image/OK440R?countryISOCode=01
OK441R,https://products.api.bbraun.io/api/image/OK441R?countryISOCode=01
OK442R,https://products.api.bbraun.io/api/image/OK442R?countryISOCode=01
OK443R,https://products.api.bbraun.io/api/image/OK443R?countryISOCode=01
OK503R,https://products.api.bbraun.io/api/image/OK503R?countryISOCode=01
OK505R,https://products.api.bbraun.io/api/image/OK505R?countryISOCode=01
OK506R,https://products.api.bbraun.io/api/image/OK506R?countryISOCode=01
OK507R,https://products.api.bbraun.io/api/image/OK507R?countryISOCode=01
OK508R,https://products.api.bbraun.io/api/image/OK508R?countryISOCode=01
OK509R,https://products.api.bbraun.io/api/image/OK509R?countryISOCode=01
OK520R,https://products.api.bbraun.io/api/image/OK520R?countryISOCode=01
OK521R,https://products.api.bbraun.io/api/image/OK521R?countryISOCode=01
OK522R,https://products.api.bbraun.io/api/image/OK522R?countryISOCode=01
OK525R,https://products.api.bbraun.io/api/image/OK525R?countryISOCode=01
OK526R,https://products.api.bbraun.io/api/image/OK526R?countryISOCode=01
OK527R,https://products.api.bbraun.io/api/image/OK527R?countryISOCode=01
OK529R,https://products.api.bbraun.io/api/image/OK529R?countryISOCode=01
OK530R,https://products.api.bbraun.io/api/image/OK530R?countryISOCode=01
OK531R,https://products.api.bbraun.io/api/image/OK531R?countryISOCode=01
OK536R,https://products.api.bbraun.io/api/image/OK536R?countryISOCode=01
OK537R,https://products.api.bbraun.io/api/image/OK537R?countryISOCode=01
OK538R,https://products.api.bbraun.io/api/image/OK538R?countryISOCode=01
OK544R,https://products.api.bbraun.io/api/image/OK544R?countryISOCode=01
OK546R,https://products.api.bbraun.io/api/image/OK546R?countryISOCode=01
OK600R,https://products.api.bbraun.io/api/image/OK600R?countryISOCode=01
OK612R,https://products.api.bbraun.io/api/image/OK612R?countryISOCode=01
OK613R,https://products.api.bbraun.io/api/image/OK613R?countryISOCode=01
OK641R,https://products.api.bbraun.io/api/image/OK641R?countryISOCode=01
OK642R,https://products.api.bbraun.io/api/image/OK642R?countryISOCode=01
OK643R,https://products.api.bbraun.io/api/image/OK643R?countryISOCode=01
OK644R,https://products.api.bbraun.io/api/image/OK644R?countryISOCode=01
OK646R,https://products.api.bbraun.io/api/image/OK646R?countryISOCode=01
OK647R,https://products.api.bbraun.io/api/image/OK647R?countryISOCode=01
OK690R,https://products.api.bbraun.io/api/image/OK690R?countryISOCode=01
OK704R,https://products.api.bbraun.io/api/image/OK704R?countryISOCode=01
OK711R,https://products.api.bbraun.io/api/image/OK711R?countryISOCode=01
OK712R,https://products.api.bbraun.io/api/image/OK712R?countryISOCode=01
OK737R,https://products.api.bbraun.io/api/image/OK737R?countryISOCode=01
OK740R,https://products.api.bbraun.io/api/image/OK740R?countryISOCode=01
OK741R,https://products.api.bbraun.io/api/image/OK741R?countryISOCode=01
OK742R,https://products.api.bbraun.io/api/image/OK742R?countryISOCode=01
OK745R,https://products.api.bbraun.io/api/image/OK745R?countryISOCode=01
OK794R,https://products.api.bbraun.io/api/image/OK794R?countryISOCode=01
OK795R,https://products.api.bbraun.io/api/image/OK795R?countryISOCode=01
OK804R,https://products.api.bbraun.io/api/image/OK804R?countryISOCode=01
OK805R,https://products.api.bbraun.io/api/image/OK805R?countryISOCode=01
OK811R,https://products.api.bbraun.io/api/image/OK811R?countryISOCode=01
OK812R,https://products.api.bbraun.io/api/image/OK812R?countryISOCode=01
OK813R,https://products.api.bbraun.io/api/image/OK813R?countryISOCode=01
OK814R,https://products.api.bbraun.io/api/image/OK814R?countryISOCode=01
OK815R,https://products.api.bbraun.io/api/image/OK815R?countryISOCode=01
OK816R,https://products.api.bbraun.io/api/image/OK816R?countryISOCode=01
OK874C,https://products.api.bbraun.io/api/image/OK874C?countryISOCode=01
OK875C,https://products.api.bbraun.io/api/image/OK875C?countryISOCode=01
OK900,https://products.api.bbraun.io/api/image/OK900?countryISOCode=01
OK921R,https://products.api.bbraun.io/api/image/OK921R?countryISOCode=01
OK922R,https://products.api.bbraun.io/api/image/OK922R?countryISOCode=01
OK924R,https://products.api.bbraun.io/api/image/OK924R?countryISOCode=01
OK926R,https://products.api.bbraun.io/api/image/OK926R?countryISOCode=01
OL010R,https://products.api.bbraun.io/api/image/OL010R?countryISOCode=01
OL011R,https://products.api.bbraun.io/api/image/OL011R?countryISOCode=01
OL102R,None
OL104R,None
OL109R,None
OL111R,https://products.api.bbraun.io/api/image/OL111R?countryISOCode=01
OL112R,None
OL113R,https://products.api.bbraun.io/api/image/OL113R?countryISOCode=01
OL114R,https://products.api.bbraun.io/api/image/OL114R?countryISOCode=01
OL120R,https://products.api.bbraun.io/api/image/OL120R?countryISOCode=01
OL140R,https://products.api.bbraun.io/api/image/OL140R?countryISOCode=01
OL141R,https://products.api.bbraun.io/api/image/OL141R?countryISOCode=01
OL142R,https://products.api.bbraun.io/api/image/OL142R?countryISOCode=01
OL143R,https://products.api.bbraun.io/api/image/OL143R?countryISOCode=01
OL151R,https://products.api.bbraun.io/api/image/OL151R?countryISOCode=01
OL152R,https://products.api.bbraun.io/api/image/OL152R?countryISOCode=01
OL153R,https://products.api.bbraun.io/api/image/OL153R?countryISOCode=01
OL155R,https://products.api.bbraun.io/api/image/OL155R?countryISOCode=01
OL157R,https://products.api.bbraun.io/api/image/OL157R?countryISOCode=01
OL159R,https://products.api.bbraun.io/api/image/OL159R?countryISOCode=01
OL160R,https://products.api.bbraun.io/api/image/OL160R?countryISOCode=01
OL161R,https://products.api.bbraun.io/api/image/OL161R?countryISOCode=01
OL162R,https://products.api.bbraun.io/api/image/OL162R?countryISOCode=01
OL163R,https://products.api.bbraun.io/api/image/OL163R?countryISOCode=01
OL164R,https://products.api.bbraun.io/api/image/OL164R?countryISOCode=01
OL165R,https://products.api.bbraun.io/api/image/OL165R?countryISOCode=01
OL166R,https://products.api.bbraun.io/api/image/OL166R?countryISOCode=01
OL168R,https://products.api.bbraun.io/api/image/OL168R?countryISOCode=01
OL169R,https://products.api.bbraun.io/api/image/OL169R?countryISOCode=01
OL170R,https://products.api.bbraun.io/api/image/OL170R?countryISOCode=01
OL171R,https://products.api.bbraun.io/api/image/OL171R?countryISOCode=01
OL177R,https://products.api.bbraun.io/api/image/OL177R?countryISOCode=01
OL179R,https://products.api.bbraun.io/api/image/OL179R?countryISOCode=01
OL187R,https://products.api.bbraun.io/api/image/OL187R?countryISOCode=01
OL192R,https://products.api.bbraun.io/api/image/OL192R?countryISOCode=01
OL195R,https://products.api.bbraun.io/api/image/OL195R?countryISOCode=01
OL196R,https://products.api.bbraun.io/api/image/OL196R?countryISOCode=01
OL198R,https://products.api.bbraun.io/api/image/OL198R?countryISOCode=01
OL201R,https://products.api.bbraun.io/api/image/OL201R?countryISOCode=01
OL202R,https://products.api.bbraun.io/api/image/OL202R?countryISOCode=01
OL203R,https://products.api.bbraun.io/api/image/OL203R?countryISOCode=01
OL204R,https://products.api.bbraun.io/api/image/OL204R?countryISOCode=01
OL206R,https://products.api.bbraun.io/api/image/OL206R?countryISOCode=01
OL207R,https://products.api.bbraun.io/api/image/OL207R?countryISOCode=01
OL210R,https://products.api.bbraun.io/api/image/OL210R?countryISOCode=01
OL211R,https://products.api.bbraun.io/api/image/OL211R?countryISOCode=01
OL212R,https://products.api.bbraun.io/api/image/OL212R?countryISOCode=01
OL214R,https://products.api.bbraun.io/api/image/OL214R?countryISOCode=01
OL218R,https://products.api.bbraun.io/api/image/OL218R?countryISOCode=01
OL219R,https://products.api.bbraun.io/api/image/OL219R?countryISOCode=01
OL220R,https://products.api.bbraun.io/api/image/OL220R?countryISOCode=01
OL221R,https://products.api.bbraun.io/api/image/OL221R?countryISOCode=01
OL294R,https://products.api.bbraun.io/api/image/OL294R?countryISOCode=01
OL296R,https://products.api.bbraun.io/api/image/OL296R?countryISOCode=01
OL298R,https://products.api.bbraun.io/api/image/OL298R?countryISOCode=01
OL299R,https://products.api.bbraun.io/api/image/OL299R?countryISOCode=01
OL300R,https://products.api.bbraun.io/api/image/OL300R?countryISOCode=01
OL301R,https://products.api.bbraun.io/api/image/OL301R?countryISOCode=01
OL302R,https://products.api.bbraun.io/api/image/OL302R?countryISOCode=01
OL303R,https://products.api.bbraun.io/api/image/OL303R?countryISOCode=01
OL304R,https://products.api.bbraun.io/api/image/OL304R?countryISOCode=01
OL305R,https://products.api.bbraun.io/api/image/OL305R?countryISOCode=01
OL307R,https://products.api.bbraun.io/api/image/OL307R?countryISOCode=01
OL311R,https://products.api.bbraun.io/api/image/OL311R?countryISOCode=01
OL314R,https://products.api.bbraun.io/api/image/OL314R?countryISOCode=01
OL316R,https://products.api.bbraun.io/api/image/OL316R?countryISOCode=01
OL318R,https://products.api.bbraun.io/api/image/OL318R?countryISOCode=01
OL319R,https://products.api.bbraun.io/api/image/OL319R?countryISOCode=01
OL320R,https://products.api.bbraun.io/api/image/OL320R?countryISOCode=01
OL321R,https://products.api.bbraun.io/api/image/OL321R?countryISOCode=01
OL322R,https://products.api.bbraun.io/api/image/OL322R?countryISOCode=01
OL323R,https://products.api.bbraun.io/api/image/OL323R?countryISOCode=01
OL326R,https://products.api.bbraun.io/api/image/OL326R?countryISOCode=01
OL327R,https://products.api.bbraun.io/api/image/OL327R?countryISOCode=01
OL328R,https://products.api.bbraun.io/api/image/OL328R?countryISOCode=01
OL329R,https://products.api.bbraun.io/api/image/OL329R?countryISOCode=01
OL335R,https://products.api.bbraun.io/api/image/OL335R?countryISOCode=01
OL336R,https://products.api.bbraun.io/api/image/OL336R?countryISOCode=01
OL338R,https://products.api.bbraun.io/api/image/OL338R?countryISOCode=01
OL339R,https://products.api.bbraun.io/api/image/OL339R?countryISOCode=01
OL341R,https://products.api.bbraun.io/api/image/OL341R?countryISOCode=01
OL342R,https://products.api.bbraun.io/api/image/OL342R?countryISOCode=01
OL343R,https://products.api.bbraun.io/api/image/OL343R?countryISOCode=01
OL344R,https://products.api.bbraun.io/api/image/OL344R?countryISOCode=01
OL345R,https://products.api.bbraun.io/api/image/OL345R?countryISOCode=01
OL346R,https://products.api.bbraun.io/api/image/OL346R?countryISOCode=01
OL347R,https://products.api.bbraun.io/api/image/OL347R?countryISOCode=01
OL348R,https://products.api.bbraun.io/api/image/OL348R?countryISOCode=01
OL349R,https://products.api.bbraun.io/api/image/OL349R?countryISOCode=01
OL350R,https://products.api.bbraun.io/api/image/OL350R?countryISOCode=01
OL354R,https://products.api.bbraun.io/api/image/OL354R?countryISOCode=01
OL355R,https://products.api.bbraun.io/api/image/OL355R?countryISOCode=01
OL356R,https://products.api.bbraun.io/api/image/OL356R?countryISOCode=01
OL360R,https://products.api.bbraun.io/api/image/OL360R?countryISOCode=01
OL361R,https://products.api.bbraun.io/api/image/OL361R?countryISOCode=01
OL362R,https://products.api.bbraun.io/api/image/OL362R?countryISOCode=01
OL363R,https://products.api.bbraun.io/api/image/OL363R?countryISOCode=01
OL366R,https://products.api.bbraun.io/api/image/OL366R?countryISOCode=01
OL367R,https://products.api.bbraun.io/api/image/OL367R?countryISOCode=01
OL368R,https://products.api.bbraun.io/api/image/OL368R?countryISOCode=01
OL369R,https://products.api.bbraun.io/api/image/OL369R?countryISOCode=01
OL370R,https://products.api.bbraun.io/api/image/OL370R?countryISOCode=01
OL371R,https://products.api.bbraun.io/api/image/OL371R?countryISOCode=01
OL385R,https://products.api.bbraun.io/api/image/OL385R?countryISOCode=01
OL386R,https://products.api.bbraun.io/api/image/OL386R?countryISOCode=01
OL387R,https://products.api.bbraun.io/api/image/OL387R?countryISOCode=01
OL390R,https://products.api.bbraun.io/api/image/OL390R?countryISOCode=01
OL391R,https://products.api.bbraun.io/api/image/OL391R?countryISOCode=01
OL392R,https://products.api.bbraun.io/api/image/OL392R?countryISOCode=01
OL393R,https://products.api.bbraun.io/api/image/OL393R?countryISOCode=01
OL394R,https://products.api.bbraun.io/api/image/OL394R?countryISOCode=01
OL401R,https://products.api.bbraun.io/api/image/OL401R?countryISOCode=01
OL403R,https://products.api.bbraun.io/api/image/OL403R?countryISOCode=01
OL405R,https://products.api.bbraun.io/api/image/OL405R?countryISOCode=01
OL406R,https://products.api.bbraun.io/api/image/OL406R?countryISOCode=01
OL407R,https://products.api.bbraun.io/api/image/OL407R?countryISOCode=01
OL408R,https://products.api.bbraun.io/api/image/OL408R?countryISOCode=01
OL409R,https://products.api.bbraun.io/api/image/OL409R?countryISOCode=01
OL410R,https://products.api.bbraun.io/api/image/OL410R?countryISOCode=01
OL411R,https://products.api.bbraun.io/api/image/OL411R?countryISOCode=01
OL412R,https://products.api.bbraun.io/api/image/OL412R?countryISOCode=01
OL421R,https://products.api.bbraun.io/api/image/OL421R?countryISOCode=01
OL423R,https://products.api.bbraun.io/api/image/OL423R?countryISOCode=01
OL425R,https://products.api.bbraun.io/api/image/OL425R?countryISOCode=01
OL427R,https://products.api.bbraun.io/api/image/OL427R?countryISOCode=01
OL429R,https://products.api.bbraun.io/api/image/OL429R?countryISOCode=01
OL448R,https://products.api.bbraun.io/api/image/OL448R?countryISOCode=01
OL451R,https://products.api.bbraun.io/api/image/OL451R?countryISOCode=01
OL452R,https://products.api.bbraun.io/api/image/OL452R?countryISOCode=01
OL460R,https://products.api.bbraun.io/api/image/OL460R?countryISOCode=01
OL461R,https://products.api.bbraun.io/api/image/OL461R?countryISOCode=01
OL470R,https://products.api.bbraun.io/api/image/OL470R?countryISOCode=01
OL471R,https://products.api.bbraun.io/api/image/OL471R?countryISOCode=01
OL472R,https://products.api.bbraun.io/api/image/OL472R?countryISOCode=01
OL473R,https://products.api.bbraun.io/api/image/OL473R?countryISOCode=01
OL474R,https://products.api.bbraun.io/api/image/OL474R?countryISOCode=01
OL477R,https://products.api.bbraun.io/api/image/OL477R?countryISOCode=01
OL479R,https://products.api.bbraun.io/api/image/OL479R?countryISOCode=01
OL601R,https://products.api.bbraun.io/api/image/OL601R?countryISOCode=01
OL602R,https://products.api.bbraun.io/api/image/OL602R?countryISOCode=01
OL603R,https://products.api.bbraun.io/api/image/OL603R?countryISOCode=01
OL610R,https://products.api.bbraun.io/api/image/OL610R?countryISOCode=01
OL611R,https://products.api.bbraun.io/api/image/OL611R?countryISOCode=01
OL612R,https://products.api.bbraun.io/api/image/OL612R?countryISOCode=01
OL614R,https://products.api.bbraun.io/api/image/OL614R?countryISOCode=01
OL615R,https://products.api.bbraun.io/api/image/OL615R?countryISOCode=01
OL616R,https://products.api.bbraun.io/api/image/OL616R?countryISOCode=01
OL617R,https://products.api.bbraun.io/api/image/OL617R?countryISOCode=01
OL619R,https://products.api.bbraun.io/api/image/OL619R?countryISOCode=01
OL620R,https://products.api.bbraun.io/api/image/OL620R?countryISOCode=01
OL621R,https://products.api.bbraun.io/api/image/OL621R?countryISOCode=01
OL622R,https://products.api.bbraun.io/api/image/OL622R?countryISOCode=01
OL623R,https://products.api.bbraun.io/api/image/OL623R?countryISOCode=01
OL624R,https://products.api.bbraun.io/api/image/OL624R?countryISOCode=01
OL626R,https://products.api.bbraun.io/api/image/OL626R?countryISOCode=01
OL627R,https://products.api.bbraun.io/api/image/OL627R?countryISOCode=01
OL652R,None
OL653R,None
OL654R,None
OL656R,None
OL657R,None
OL670R,https://products.api.bbraun.io/api/image/OL670R?countryISOCode=01
OL699R,https://products.api.bbraun.io/api/image/OL699R?countryISOCode=01
OM002R,None
OM030R,https://products.api.bbraun.io/api/image/OM030R?countryISOCode=01
OM038R,https://products.api.bbraun.io/api/image/OM038R?countryISOCode=01
OM040R,https://products.api.bbraun.io/api/image/OM040R?countryISOCode=01
OM041R,https://products.api.bbraun.io/api/image/OM041R?countryISOCode=01
OM044R,https://products.api.bbraun.io/api/image/OM044R?countryISOCode=01
OM047R,https://products.api.bbraun.io/api/image/OM047R?countryISOCode=01
OM048R,https://products.api.bbraun.io/api/image/OM048R?countryISOCode=01
OM049R,https://products.api.bbraun.io/api/image/OM049R?countryISOCode=01
OM061R,https://products.api.bbraun.io/api/image/OM061R?countryISOCode=01
OM062R,https://products.api.bbraun.io/api/image/OM062R?countryISOCode=01
OM063R,https://products.api.bbraun.io/api/image/OM063R?countryISOCode=01
OM070R,https://products.api.bbraun.io/api/image/OM070R?countryISOCode=01
OM071R,https://products.api.bbraun.io/api/image/OM071R?countryISOCode=01
OM072R,https://products.api.bbraun.io/api/image/OM072R?countryISOCode=01
OM073R,https://products.api.bbraun.io/api/image/OM073R?countryISOCode=01
OM078R,https://products.api.bbraun.io/api/image/OM078R?countryISOCode=01
OM079R,https://products.api.bbraun.io/api/image/OM079R?countryISOCode=01
OM080R,https://products.api.bbraun.io/api/image/OM080R?countryISOCode=01
OM081R,https://products.api.bbraun.io/api/image/OM081R?countryISOCode=01
OM082R,https://products.api.bbraun.io/api/image/OM082R?countryISOCode=01
OM083R,https://products.api.bbraun.io/api/image/OM083R?countryISOCode=01
OM084R,https://products.api.bbraun.io/api/image/OM084R?countryISOCode=01
OM085R,https://products.api.bbraun.io/api/image/OM085R?countryISOCode=01
OM086R,https://products.api.bbraun.io/api/image/OM086R?countryISOCode=01
OM087R,https://products.api.bbraun.io/api/image/OM087R?countryISOCode=01
OM088R,https://products.api.bbraun.io/api/image/OM088R?countryISOCode=01
OM089R,https://products.api.bbraun.io/api/image/OM089R?countryISOCode=01
OM090R,https://products.api.bbraun.io/api/image/OM090R?countryISOCode=01
OM101R,https://products.api.bbraun.io/api/image/OM101R?countryISOCode=01
OM102R,https://products.api.bbraun.io/api/image/OM102R?countryISOCode=01
OM103R,https://products.api.bbraun.io/api/image/OM103R?countryISOCode=01
OM104R,https://products.api.bbraun.io/api/image/OM104R?countryISOCode=01
OM105R,https://products.api.bbraun.io/api/image/OM105R?countryISOCode=01
OM111R,https://products.api.bbraun.io/api/image/OM111R?countryISOCode=01
OM112R,https://products.api.bbraun.io/api/image/OM112R?countryISOCode=01
OM113R,https://products.api.bbraun.io/api/image/OM113R?countryISOCode=01
OM114R,https://products.api.bbraun.io/api/image/OM114R?countryISOCode=01
OM115R,https://products.api.bbraun.io/api/image/OM115R?countryISOCode=01
OM116R,https://products.api.bbraun.io/api/image/OM116R?countryISOCode=01
OM118R,https://products.api.bbraun.io/api/image/OM118R?countryISOCode=01
OM119R,https://products.api.bbraun.io/api/image/OM119R?countryISOCode=01
OM150R,https://products.api.bbraun.io/api/image/OM150R?countryISOCode=01
OM151R,https://products.api.bbraun.io/api/image/OM151R?countryISOCode=01
OM152R,https://products.api.bbraun.io/api/image/OM152R?countryISOCode=01
OM153R,https://products.api.bbraun.io/api/image/OM153R?countryISOCode=01
OM154R,https://products.api.bbraun.io/api/image/OM154R?countryISOCode=01
OM155R,https://products.api.bbraun.io/api/image/OM155R?countryISOCode=01
OM156R,https://products.api.bbraun.io/api/image/OM156R?countryISOCode=01
OM157R,https://products.api.bbraun.io/api/image/OM157R?countryISOCode=01
OM158R,https://products.api.bbraun.io/api/image/OM158R?countryISOCode=01
OM169R,https://products.api.bbraun.io/api/image/OM169R?countryISOCode=01
OM170,https://products.api.bbraun.io/api/image/OM170?countryISOCode=01
OM171R,https://products.api.bbraun.io/api/image/OM171R?countryISOCode=01
OM172R,https://products.api.bbraun.io/api/image/OM172R?countryISOCode=01
OM173R,https://products.api.bbraun.io/api/image/OM173R?countryISOCode=01
OM174R,https://products.api.bbraun.io/api/image/OM174R?countryISOCode=01
OM175R,https://products.api.bbraun.io/api/image/OM175R?countryISOCode=01
OM176R,https://products.api.bbraun.io/api/image/OM176R?countryISOCode=01
OM177R,https://products.api.bbraun.io/api/image/OM177R?countryISOCode=01
OM178R,https://products.api.bbraun.io/api/image/OM178R?countryISOCode=01
OM179R,https://products.api.bbraun.io/api/image/OM179R?countryISOCode=01
OM181R,https://products.api.bbraun.io/api/image/OM181R?countryISOCode=01
OM182R,https://products.api.bbraun.io/api/image/OM182R?countryISOCode=01
OM183R,https://products.api.bbraun.io/api/image/OM183R?countryISOCode=01
OM185R,https://products.api.bbraun.io/api/image/OM185R?countryISOCode=01
OM186R,https://products.api.bbraun.io/api/image/OM186R?countryISOCode=01
OM187R,https://products.api.bbraun.io/api/image/OM187R?countryISOCode=01
OM202R,https://products.api.bbraun.io/api/image/OM202R?countryISOCode=01
OM203R,https://products.api.bbraun.io/api/image/OM203R?countryISOCode=01
OM205R,https://products.api.bbraun.io/api/image/OM205R?countryISOCode=01
OM208R,https://products.api.bbraun.io/api/image/OM208R?countryISOCode=01
OM212R,https://products.api.bbraun.io/api/image/OM212R?countryISOCode=01
OM220R,https://products.api.bbraun.io/api/image/OM220R?countryISOCode=01
OM221R,https://products.api.bbraun.io/api/image/OM221R?countryISOCode=01
OM222R,https://products.api.bbraun.io/api/image/OM222R?countryISOCode=01
OM230R,https://products.api.bbraun.io/api/image/OM230R?countryISOCode=01
OM235R,https://products.api.bbraun.io/api/image/OM235R?countryISOCode=01
OM236R,https://products.api.bbraun.io/api/image/OM236R?countryISOCode=01
OM237R,https://products.api.bbraun.io/api/image/OM237R?countryISOCode=01
OM251R,https://products.api.bbraun.io/api/image/OM251R?countryISOCode=01
OM252R,https://products.api.bbraun.io/api/image/OM252R?countryISOCode=01
OM253R,https://products.api.bbraun.io/api/image/OM253R?countryISOCode=01
OM307R,https://products.api.bbraun.io/api/image/OM307R?countryISOCode=01
OM308R,https://products.api.bbraun.io/api/image/OM308R?countryISOCode=01
OM309R,https://products.api.bbraun.io/api/image/OM309R?countryISOCode=01
OM311R,None
OM314R,https://products.api.bbraun.io/api/image/OM314R?countryISOCode=01
OM315R,https://products.api.bbraun.io/api/image/OM315R?countryISOCode=01
OM406R,None
OM407R,None
OM408R,None
OM451R,https://products.api.bbraun.io/api/image/OM451R?countryISOCode=01
OM452R,https://products.api.bbraun.io/api/image/OM452R?countryISOCode=01
OM453R,https://products.api.bbraun.io/api/image/OM453R?countryISOCode=01
OM454R,https://products.api.bbraun.io/api/image/OM454R?countryISOCode=01
OM455R,https://products.api.bbraun.io/api/image/OM455R?countryISOCode=01
OM456R,https://products.api.bbraun.io/api/image/OM456R?countryISOCode=01
OM471R,https://products.api.bbraun.io/api/image/OM471R?countryISOCode=01
OM472R,https://products.api.bbraun.io/api/image/OM472R?countryISOCode=01
OM473R,https://products.api.bbraun.io/api/image/OM473R?countryISOCode=01
OM474R,https://products.api.bbraun.io/api/image/OM474R?countryISOCode=01
OM488,https://products.api.bbraun.io/api/image/OM488?countryISOCode=01
OM489R,https://products.api.bbraun.io/api/image/OM489R?countryISOCode=01
OM490R,https://products.api.bbraun.io/api/image/OM490R?countryISOCode=01
OM496R,https://products.api.bbraun.io/api/image/OM496R?countryISOCode=01
OM498R,https://products.api.bbraun.io/api/image/OM498R?countryISOCode=01
OM499R,None
OM500R,https://products.api.bbraun.io/api/image/OM500R?countryISOCode=01
OM501R,https://products.api.bbraun.io/api/image/OM501R?countryISOCode=01
OM502R,https://products.api.bbraun.io/api/image/OM502R?countryISOCode=01
OM503R,https://products.api.bbraun.io/api/image/OM503R?countryISOCode=01
OM504R,https://products.api.bbraun.io/api/image/OM504R?countryISOCode=01
OM505R,https://products.api.bbraun.io/api/image/OM505R?countryISOCode=01
OM510R,https://products.api.bbraun.io/api/image/OM510R?countryISOCode=01
OM511R,https://products.api.bbraun.io/api/image/OM511R?countryISOCode=01
OM512R,https://products.api.bbraun.io/api/image/OM512R?countryISOCode=01
OM513R,https://products.api.bbraun.io/api/image/OM513R?countryISOCode=01
OM514R,https://products.api.bbraun.io/api/image/OM514R?countryISOCode=01
OM602R,https://products.api.bbraun.io/api/image/OM602R?countryISOCode=01
OM611R,https://products.api.bbraun.io/api/image/OM611R?countryISOCode=01
OM612R,https://products.api.bbraun.io/api/image/OM612R?countryISOCode=01
OM613R,https://products.api.bbraun.io/api/image/OM613R?countryISOCode=01
OM616R,https://products.api.bbraun.io/api/image/OM616R?countryISOCode=01
OM617R,https://products.api.bbraun.io/api/image/OM617R?countryISOCode=01
OM618R,https://products.api.bbraun.io/api/image/OM618R?countryISOCode=01
OM637R,https://products.api.bbraun.io/api/image/OM637R?countryISOCode=01
OM640R,https://products.api.bbraun.io/api/image/OM640R?countryISOCode=01
OM660R,https://products.api.bbraun.io/api/image/OM660R?countryISOCode=01
OM661R,https://products.api.bbraun.io/api/image/OM661R?countryISOCode=01
OM663R,https://products.api.bbraun.io/api/image/OM663R?countryISOCode=01
OM664R,https://products.api.bbraun.io/api/image/OM664R?countryISOCode=01
OM665R,https://products.api.bbraun.io/api/image/OM665R?countryISOCode=01
OM666R,https://products.api.bbraun.io/api/image/OM666R?countryISOCode=01
OM668R,https://products.api.bbraun.io/api/image/OM668R?countryISOCode=01
OM669R,https://products.api.bbraun.io/api/image/OM669R?countryISOCode=01
OM670R,https://products.api.bbraun.io/api/image/OM670R?countryISOCode=01
OM671R,https://products.api.bbraun.io/api/image/OM671R?countryISOCode=01
OM672R,None
OM680R,https://products.api.bbraun.io/api/image/OM680R?countryISOCode=01
OM681R,https://products.api.bbraun.io/api/image/OM681R?countryISOCode=01
OM688R,https://products.api.bbraun.io/api/image/OM688R?countryISOCode=01
OM700R,https://products.api.bbraun.io/api/image/OM700R?countryISOCode=01
OM707R,https://products.api.bbraun.io/api/image/OM707R?countryISOCode=01
OM710R,https://products.api.bbraun.io/api/image/OM710R?countryISOCode=01
OM750R,https://products.api.bbraun.io/api/image/OM750R?countryISOCode=01
OM751R,https://products.api.bbraun.io/api/image/OM751R?countryISOCode=01
OM757R,https://products.api.bbraun.io/api/image/OM757R?countryISOCode=01
OM758R,https://products.api.bbraun.io/api/image/OM758R?countryISOCode=01
OM760R,https://products.api.bbraun.io/api/image/OM760R?countryISOCode=01
OM761R,https://products.api.bbraun.io/api/image/OM761R?countryISOCode=01
OM768R,https://products.api.bbraun.io/api/image/OM768R?countryISOCode=01
OM776R,https://products.api.bbraun.io/api/image/OM776R?countryISOCode=01
OM781R,https://products.api.bbraun.io/api/image/OM781R?countryISOCode=01
OM801R,https://products.api.bbraun.io/api/image/OM801R?countryISOCode=01
OM802R,https://products.api.bbraun.io/api/image/OM802R?countryISOCode=01
OM803R,https://products.api.bbraun.io/api/image/OM803R?countryISOCode=01
OM806R,https://products.api.bbraun.io/api/image/OM806R?countryISOCode=01
OM902R,https://products.api.bbraun.io/api/image/OM902R?countryISOCode=01
OM903R,https://products.api.bbraun.io/api/image/OM903R?countryISOCode=01
OM917R,https://products.api.bbraun.io/api/image/OM917R?countryISOCode=01
OP030R,None
OP031R,None
OP100R,https://products.api.bbraun.io/api/image/OP100R?countryISOCode=01
OP111R,https://products.api.bbraun.io/api/image/OP111R?countryISOCode=01
OP112R,https://products.api.bbraun.io/api/image/OP112R?countryISOCode=01
OP113R,https://products.api.bbraun.io/api/image/OP113R?countryISOCode=01
OP114R,https://products.api.bbraun.io/api/image/OP114R?countryISOCode=01
OP120R,https://products.api.bbraun.io/api/image/OP120R?countryISOCode=01
OP130R,https://products.api.bbraun.io/api/image/OP130R?countryISOCode=01
OP151R,None
OP152R,None
OP160R,None
OP161R,None
OP222R,None
OP223R,None
OP280R,https://products.api.bbraun.io/api/image/OP280R?countryISOCode=01
OP281R,https://products.api.bbraun.io/api/image/OP281R?countryISOCode=01
OP290R,https://products.api.bbraun.io/api/image/OP290R?countryISOCode=01
OP292R,https://products.api.bbraun.io/api/image/OP292R?countryISOCode=01
OP293R,https://products.api.bbraun.io/api/image/OP293R?countryISOCode=01
OP294R,https://products.api.bbraun.io/api/image/OP294R?countryISOCode=01
OP295R,https://products.api.bbraun.io/api/image/OP295R?countryISOCode=01
OP297R,https://products.api.bbraun.io/api/image/OP297R?countryISOCode=01
OP298R,https://products.api.bbraun.io/api/image/OP298R?countryISOCode=01
OP300R,https://products.api.bbraun.io/api/image/OP300R?countryISOCode=01
OP301R,https://products.api.bbraun.io/api/image/OP301R?countryISOCode=01
OP302R,https://products.api.bbraun.io/api/image/OP302R?countryISOCode=01
OP304R,https://products.api.bbraun.io/api/image/OP304R?countryISOCode=01
OP305R,https://products.api.bbraun.io/api/image/OP305R?countryISOCode=01
OP306R,https://products.api.bbraun.io/api/image/OP306R?countryISOCode=01
OP307R,https://products.api.bbraun.io/api/image/OP307R?countryISOCode=01
OP310R,https://products.api.bbraun.io/api/image/OP310R?countryISOCode=01
OP311R,https://products.api.bbraun.io/api/image/OP311R?countryISOCode=01
OP312R,https://products.api.bbraun.io/api/image/OP312R?countryISOCode=01
OP313R,https://products.api.bbraun.io/api/image/OP313R?countryISOCode=01
OP316R,https://products.api.bbraun.io/api/image/OP316R?countryISOCode=01
OP320R,https://products.api.bbraun.io/api/image/OP320R?countryISOCode=01
OP325R,https://products.api.bbraun.io/api/image/OP325R?countryISOCode=01
OP360R,https://products.api.bbraun.io/api/image/OP360R?countryISOCode=01
OP361R,https://products.api.bbraun.io/api/image/OP361R?countryISOCode=01
OP362R,https://products.api.bbraun.io/api/image/OP362R?countryISOCode=01
OP380R,https://products.api.bbraun.io/api/image/OP380R?countryISOCode=01
OP386R,https://products.api.bbraun.io/api/image/OP386R?countryISOCode=01
OP387R,https://products.api.bbraun.io/api/image/OP387R?countryISOCode=01
OP388R,https://products.api.bbraun.io/api/image/OP388R?countryISOCode=01
OP389R,https://products.api.bbraun.io/api/image/OP389R?countryISOCode=01
OP390R,https://products.api.bbraun.io/api/image/OP390R?countryISOCode=01
OP392R,https://products.api.bbraun.io/api/image/OP392R?countryISOCode=01
OP396R,https://products.api.bbraun.io/api/image/OP396R?countryISOCode=01
OP402R,https://products.api.bbraun.io/api/image/OP402R?countryISOCode=01
OP403R,https://products.api.bbraun.io/api/image/OP403R?countryISOCode=01
OP406R,https://products.api.bbraun.io/api/image/OP406R?countryISOCode=01
OP409R,https://products.api.bbraun.io/api/image/OP409R?countryISOCode=01
OP801,None
OP906,None
OP913,None
OP914,None
OP917,None
OP923,None
OP931,None
OP933,None
OP940,None
OP941,None
OP942,None
OP950,None
PE182A,None
PE184A,None
PE185A,None
PE202A,None
PE204A,None
PE218A,None
PE484A,None
PE485A,None
PE486A,None
PE505A,None
PE505RE,None
PE506A,None
PE508A,None
PE514A,None
PE522A,None
PE525A,None
PE526A,None
PE528A,None
PE530A,None
PE590A,None
PE610A,None
PE889A,None
PE889RE,None
PE909A,None
PE969A,None
PE970A,None
PF010A,None
PF011A,None
PG002,None
PG003,None
PG008,None
PG011,None
PG012,None
PG013,None
PG014,None
PG019,None
PG023,None
PG025R,None
PG026R,None
PG027R,None
PG028R,None
PG032SU,None
PG033SU,None
PG035SU,None
PG036SU,None
PG037SU,None
PG038R,None
PG039R,None
PG041R,None
PG042SU,None
PG043SU,None
PG052,None
PG056,None
PG057,None
PG058,None
PG061,None
PG065,None
PG066,None
PG067,None
PG068,None
PG073SU,None
PG074SU,None
PG077,None
PG080,None
PG082,None
PG083,None
PG084,None
PG085,None
PG091,None
PG092,None
PG093,None
PG094,None
PG096SU,None
PG097,None
PG106,None
PG107SU,None
PG122SU,None
PG123SU,None
PG124,None
PG130,None
PG131,None
PG132SU,None
PG133SU,None
PG134SU,None
PG135SU,None
PG136,None
PG137,None
PG138SU,None
PG139,None
PG140,None
PG141,None
PG142,None
PG143,None
PG144,None
PG145,None
PG150,None
PL100R,None
PL162R,None
PL170251,None
PL230R,None
PL231R,None
PL232R,None
PL233R,None
PL234R,None
PL235R,None
PL404R,None
PL405R,None
PL406R,None
PL407R,None
PL408R,None
PL409R,None
PL410R,None
PL411R,None
PL412R,None
PL413R,None
PL414R,None
PL415R,None
PL416R,None
PL417R,None
PL418R,None
PL419R,None
PL430R,None
PL431R,None
PL432R,None
PL435R,None
PL450SU,None
PL452SU,None
PL453SU,None
PL459SU,None
PL462SU,None
PL465SU,None
PL468SU,None
PL471SU,None
PL475SU,None
PL503R,None
PL504R,None
PL506R,None
PL508R,None
PL510R,None
PL512R,None
PL520R,None
PL522R,None
PL528R,None
PL530R,None
PL531R,None
PL536R,None
PL538R,None
PL541S,None
PL542S,None
PL543S,None
PL544S,None
PL545S,None
PL546S,None
PL547S,None
PL548S,None
PL549S,None
PL561T,https://products.api.bbraun.io/api/image/FB282R?countryISOCode=01
PL565T,https://products.api.bbraun.io/api/image/PL565T?countryISOCode=01
PL566T,https://products.api.bbraun.io/api/image/FB224R?countryISOCode=01
PL567T,https://products.api.bbraun.io/api/image/FB282R?countryISOCode=01
PL568T,https://products.api.bbraun.io/api/image/FB282R?countryISOCode=01
PL569T,None
PL572T,None
PL574T,None
PL575SU,None
PL579T,None
PL593R,None
PL594R,None
PL595SU,None
PL600R,None
PL601R,None
PL602R,None
PL603R,None
PL604R,None
PL606R,None
PL608R,None
PL609R,None
PL650R,None
PL651R,None
PL657R,None
PL659R,None
PL663R,None
PL680R,None
PL682R,None
PL700,None
PL701,None
PL702SU,None
PL703SU,None
PL720SU,None
PL730SU,None
PL731SU,None
PL738SU,None
PL740SU,None
PL741SU,None
PL742SU,None
PL770SU,None
PL775SU,None
PL801R,None
PL802R,None
PL806R,None
PL807R,None
PL808R,None
PL809R,None
PL816R,None
PL817R,None
PL818R,None
PL822R,None
PL826R,None
PL827R,None
PL828R,None
PL960R,None
PL961R,None
PL963R,None
PL964R,None
PM171R,None
PM173R,None
PM175R,None
PM176R,None
PM177R,None
PM178R,None
PM400R,None
PM401R,None
PM402R,None
PM403R,None
PM404R,None
PM405R,None
PM406R,None
PM407R,None
PM408R,None
PM409R,None
PM410R,None
PM412R,None
PM413R,None
PM414R,None
PM415R,None
PM430R,None
PM431R,None
PM432R,None
PM433R,None
PM434R,None
PM435R,None
PM436R,None
PM437R,None
PM438R,None
PM439R,None
PM440R,None
PM442R,None
PM443R,None
PM444R,None
PM445R,None
PM450R,None
PM600201,None
PM604R,None
PM609R,None
PM612R,None
PM614R,None
PM616R,None
PM618R,None
PM621R,None
PM630R,None
PM635R,None
PM637R,None
PM640R,None
PM643R,None
PM647R,None
PM649R,None
PM651R,None
PM653R,None
PM654R,None
PM657R,None
PM658R,None
PM670R,None
PM671R,None
PM679R,None
PM681R,None
PM687R,None
PM688R,None
PM689R,None
PM690R,None
PM693R,None
PM696R,None
PM697R,None
PM698R,None
PM699R,None
PM700R,None
PM701R,None
PM710R,None
PM711R,None
PM712R,None
PM713R,None
PM719R,None
PM940R,None
PM953R,None
PM954R,None
PM957R,None
PM970R,None
PM971R,None
PM973R,None
PM974R,None
PM975R,None
PM976R,None
PM977R,None
PM978R,None
PM981R,None
PM982R,None
PM983P,None
PM986P,None
PM987P,None
PM992R,None
PM995R,None
PO001R,None
PO002R,None
PO003R,None
PO004R,None
PO006R,None
PO011R,None
PO014R,None
PO022R,None
PO023R,None
PO025R,None
PO027R,None
PO028R,None
PO030R,None
PO031R,None
PO090R,None
PO091R,None
PO100R,None
PO101R,None
PO102R,None
PO103R,None
PO104R,None
PO105R,None
PO107R,None
PO109R,None
PO111R,None
PO112R,None
PO113R,None
PO114R,None
PO117R,None
PO118R,None
PO127R,None
PO128R,None
PO129R,None
PO130R,None
PO132R,None
PO134R,None
PO137R,None
PO141R,None
PO147R,None
PO149R,None
PO151R,None
PO152R,None
PO182R,None
PO183R,None
PO185R,None
PO186R,None
PO187R,None
PO188R,None
PO189R,None
PO190R,None
PO191R,None
PO193R,None
PO194R,None
PO195R,None
PO196R,None
PO197R,None
PO199R,None
PO200R,None
PO201R,None
PO202R,None
PO203R,None
PO204R,None
PO205R,None
PO206R,None
PO207R,None
PO208R,None
PO209R,None
PO210R,None
PO211R,None
PO212R,None
PO213R,None
PO214R,None
PO215R,None
PO216R,None
PO217R,None
PO218R,None
PO219R,None
PO220R,None
PO221R,None
PO222R,None
PO223R,None
PO224R,None
PO225R,None
PO228R,None
PO229R,None
PO230R,None
PO231R,None
PO232R,None
PO300R,None
PO301R,None
PO302R,None
PO303R,None
PO305R,None
PO306R,None
PO307R,None
PO308R,None
PO309R,None
PO320R,None
PO321R,None
PO322R,None
PO323R,None
PO324R,None
PO325R,None
PO326R,None
PO327R,None
PO328R,None
PO329R,None
PO340R,None
PO341R,None
PO342R,None
PO343R,None
PO344R,None
PO345R,None
PO346R,None
PO347R,None
PO348R,None
PO349R,None
PO360R,None
PO361R,None
PO362R,None
PO363R,None
PO364R,None
PO365R,None
PO366R,None
PO367R,None
PO368R,None
PO369R,None
PO380R,None
PO381R,None
PO500R,None
PO501R,None
PO502R,None
PO505R,None
PO509R,None
PO510R,None
PO511R,None
PO512R,None
PO550R,None
PO559R,None
PO600R,None
PO601R,None
PO602R,None
PO603R,None
PO605R,None
PO606R,None
PO607R,None
PO608R,None
PO610R,None
PO611R,None
PO613R,None
PO615R,None
PO617R,None
PO618R,None
PO619R,None
PO620R,None
PO623R,None
PO624R,None
PO625R,None
PO626R,None
PO627R,None
PO628R,None
PO631R,None
PO632R,None
PO633R,None
PO634R,None
PO636R,None
PO638R,None
PO641R,None
PO642R,None
PO644R,None
PO645R,None
PO646R,None
PO647R,None
PO648R,None
PO650R,None
PO652R,None
PO655R,None
PO657R,None
PO661R,None
PO667R,None
PO668R,None
PO669R,None
PO678R,None
PO680R,None
PO682R,None
PO684R,None
PO705R,None
PO715R,None
PO716R,None
PO717R,None
PO718R,None
PO726R,None
PO727R,None
PO728R,None
PO729R,None
PO730R,None
PO731R,None
PO734R,None
PO735R,None
PO736R,None
PO738R,None
PO739R,None
PO740R,None
PO741R,None
PO742R,None
PO744R,None
PO745R,None
PO746R,None
PO747R,None
PO748R,None
PO749R,None
PO750R,None
PO751R,None
PO752R,None
PO753R,None
PO754R,None
PO755R,None
PO756R,None
PO757R,None
PO758R,None
PO759R,None
PO760R,None
PO761R,None
PO762R,None
PO763R,None
PO764R,None
PO765R,None
PO766R,None
PO767R,None
PO768R,None
PO769R,None
PO770R,None
PO771R,None
PO772R,None
PO773R,None
PO774R,None
PO775R,None
PO776R,None
PO777R,None
PO778R,None
PO781R,None
PO782R,None
PO783R,None
PO784R,None
PO785R,None
PO786R,None
PO787R,None
PO788R,None
PO789R,None
PO790R,None
PO791R,None
PO800SU,None
PO840SU,None
PO841SU,None
PO842SU,None
PO843SU,None
PO844SU,None
PO845SU,None
PO885SU,None
PO886,None
PO887,None
PO888,None
PO889,None
PO891SU,None
PO892SU,None
PO893SU,None
PO894SU,None
PO958R,None
PO959R,None
PV425,None
PV427,None
PV428,None
PV436,None
PV441,None
PV460,None
PV462,None
PV470,None
PV471,None
PV472,None
PV480,None
PV482,None
PV485,None
PV621,None
PV622,None
PV623,None
PV624,None
PV628,None
PV630,None
PV631,None
PV632,None
PV636,None
PV638,None
PV640,None
PV641SU,None
PV642SU,None
PV643,None
PV644,None
PV646,None
PV647,None
PV648,None
PV790,None
PV791,None
PV792,None
PV793,None
PV794,None
PV796,None
PV797,None
PV800,None
PV801,None
PV802,None
PV803,None
PV804,None
PV810,None
PV811,None
PV812,None
PV813,None
PV819,None
PV821,None
PV822,None
PV823,None
PV824,None
PV825,None
PV826,None
PV827,None
PV828,None
PV828U,None
PV829,None
PV829U,None
PV830,None
PV831,None
PV832,None
PV833,None
PV834,None
PV835,None
PV836,None
PV838,None
PV839,None
PV841,None
PV865,None
PV866,None
PV875,None
PV880,None
PV881,None
PV882,None
PV883,None
PV884,None
PV885,None
PV886,None
PV887,None
PV888,None
PV889,None
PV890,None
PV891,None
PV893,None
PV894,None
PV895,None
PV904,None
PV908,None
PV916,None
PV951R,None
PV959,None
PV968,None
PV987,None
QW227,None
QW229,None
QW230,None
QW231,None
RT020R,https://products.api.bbraun.io/api/image/RT020R?countryISOCode=01
RT040R,https://products.api.bbraun.io/api/image/RT040R?countryISOCode=01
RT055P,https://products.api.bbraun.io/api/image/RT055P?countryISOCode=01
RT060R,None
RT064R,None
RT065R,None
RT066R,None
RT069R,https://products.api.bbraun.io/api/image/RT069R?countryISOCode=01
RT071R,https://products.api.bbraun.io/api/image/RT071R?countryISOCode=01
RT072R,https://products.api.bbraun.io/api/image/RT072R?countryISOCode=01
RT073R,https://products.api.bbraun.io/api/image/RT073R?countryISOCode=01
RT079R,https://products.api.bbraun.io/api/image/RT079R?countryISOCode=01
RT081R,https://products.api.bbraun.io/api/image/RT081R?countryISOCode=01
RT086P,https://products.api.bbraun.io/api/image/RT086P?countryISOCode=01
RT088R,https://products.api.bbraun.io/api/image/RT088R?countryISOCode=01
RT090R,https://products.api.bbraun.io/api/image/RT090R?countryISOCode=01
RT091R,https://products.api.bbraun.io/api/image/RT091R?countryISOCode=01
RT092R,https://products.api.bbraun.io/api/image/RT092R?countryISOCode=01
SF811R,None
SF812R,None
SF813R,None
SF817C,None
SK271C,None
SL002R,None
SL017R,None
SL018R,None
SL022R,None
SL028R,None
SL032R,None
SL033R,None
SL034R,None
SL118R,None
SL122R,None
SR550R,None
SR551R,None
SR553R,None
SR554R,None
SR580R,None
TE561,None
TE562,None
TE563,None
TE584,None
TE585,None
TE664,None
TE665,None
TE666,None
TE667,None
TE676,None
TE683R,None
TE684R,None
TE687R,None
TE688R,None
TE730,None
TE734,None
TE735,None
TE737,None
TE739,None
TE740,None
TE742,None
TE743,None
TE746,None
TE747,None
TE780,None
US100,https://products.api.bbraun.io/api/image/US100?countryISOCode=01
US100201,None
US100202,None
VC100R,None
VC101R,None
