Y112.10M,M SERIES CONTAINER,1/1,585x280x105,550x260x85,Lid Closed,Base Closed
Y112.13M,M SERIES CONTAINER,1/1,585x280x135,550x260x115,Lid Closed,Base Closed
Y112.15M,M SERIES CONTAINER,1/1,585x280x155,550x260x135,Lid Closed,Base Closed
Y112.20M,M SERIES CONTAINER,1/1,585x280x205,550x260x185,Lid Closed,Base Closed
Y112.26M,M SERIES CONTAINER,1/1,585x280x265,550x260x245,Lid Closed,Base Closed
Y122.10M,M SERIES CONTAINER,1/1,585x280x105,550x260x85,Lid Closed,Base Closed
Y122.13M,M SERIES CONTAINER,1/1,585x280x135,550x260x115,Lid Closed,Base Closed
Y122.15M,M SERIES CONTAINER,1/1,585x280x155,550x260x135,Lid Closed,Base Closed
Y122.20M,M SERIES CONTAINER,1/1,585x280x205,550x260x185,Lid Closed,Base Closed
Y122.26M,M SERIES CONTAINER,1/1,585x280x265,550x260x245,Lid Closed,Base Closed
Y132.10M,M SERIES CONTAINER,1/1,585x280x105,550x260x85,Lid Closed,Base Closed
Y132.13M,M SERIES CONTAINER,1/1,585x280x135,550x260x115,Lid Closed,Base Closed
Y132.15M,M SERIES CONTAINER,1/1,585x280x155,550x260x135,Lid Closed,Base Closed
Y132.20M,M SERIES CONTAINER,1/1,585x280x205,550x260x185,Lid Closed,Base Closed
Y132.26M,M SERIES CONTAINER,1/1,585x280x265,550x260x245,Lid Closed,Base Closed
Y142.10M,M SERIES CONTAINER,1/1,585x280x105,550x260x85,Lid Closed,Base Closed
Y142.13M,M SERIES CONTAINER,1/1,585x280x135,550x260x115,Lid Closed,Base Closed
Y142.15M,M SERIES CONTAINER,1/1,585x280x155,550x260x135,Lid Closed,Base Closed
Y142.20M,M SERIES CONTAINER,1/1,585x280x205,550x260x185,Lid Closed,Base Closed
Y142.26M,M SERIES CONTAINER,1/1,585x280x265,550x260x245,Lid Closed,Base Closed
Y152.10M,M SERIES CONTAINER,1/1,585x280x105,550x260x85,Lid Closed,Base Closed
Y152.13M,M SERIES CONTAINER,1/1,585x280x135,550x260x115,Lid Closed,Base Closed
Y152.15M,M SERIES CONTAINER,1/1,585x280x155,550x260x135,Lid Closed,Base Closed
Y152.20M,M SERIES CONTAINER,1/1,585x280x205,550x260x185,Lid Closed,Base Closed
Y152.26M,M SERIES CONTAINER,1/1,585x280x265,550x260x245,Lid Closed,Base Closed
Y162.10M,M SERIES CONTAINER,1/1,585x280x105,550x260x85,Lid Closed,Base Closed
Y162.13M,M SERIES CONTAINER,1/1,585x280x135,550x260x115,Lid Closed,Base Closed
Y162.15M,M SERIES CONTAINER,1/1,585x280x155,550x260x135,Lid Closed,Base Closed
Y162.20M,M SERIES CONTAINER,1/1,585x280x205,550x260x185,Lid Closed,Base Closed
Y162.26M,M SERIES CONTAINER,1/1,585x280x265,550x260x245,Lid Closed,Base Closed
Y172.10M,M SERIES CONTAINER,1/1,585x280x105,550x260x85,Lid Closed,Base Closed
Y172.13M,M SERIES CONTAINER,1/1,585x280x135,550x260x115,Lid Closed,Base Closed
Y172.15M,M SERIES CONTAINER,1/1,585x280x155,550x260x135,Lid Closed,Base Closed
Y172.20M,M SERIES CONTAINER,1/1,585x280x205,550x260x185,Lid Closed,Base Closed
Y172.26M,M SERIES CONTAINER,1/1,585x280x265,550x260x245,Lid Closed,Base Closed
Y113.10M,M SERIES CONTAINER,1/1,585x280x105,550x260x75,Lid Closed,Base Perforated
Y113.13M,M SERIES CONTAINER,1/1,585x280x135,550x260x105,Lid Closed,Base Perforated
Y113.15M,M SERIES CONTAINER,1/1,585x280x155,550x260x125,Lid Closed,Base Perforated
Y113.20M,M SERIES CONTAINER,1/1,585x280x205,550x260x175,Lid Closed,Base Perforated
Y113.26M,M SERIES CONTAINER,1/1,585x280x265,550x260x235,Lid Closed,Base Perforated
Y123.10M,M SERIES CONTAINER,1/1,585x280x105,550x260x75,Lid Closed,Base Perforated
Y123.13M,M SERIES CONTAINER,1/1,585x280x135,550x260x105,Lid Closed,Base Perforated
Y123.15M,M SERIES CONTAINER,1/1,585x280x155,550x260x125,Lid Closed,Base Perforated
Y123.20M,M SERIES CONTAINER,1/1,585x280x205,550x260x175,Lid Closed,Base Perforated
Y123.26M,M SERIES CONTAINER,1/1,585x280x265,550x260x235,Lid Closed,Base Perforated
Y133.10M,M SERIES CONTAINER,1/1,585x280x105,550x260x75,Lid Closed,Base Perforated
Y133.13M,M SERIES CONTAINER,1/1,585x280x135,550x260x105,Lid Closed,Base Perforated
Y133.15M,M SERIES CONTAINER,1/1,585x280x155,550x260x125,Lid Closed,Base Perforated
Y133.20M,M SERIES CONTAINER,1/1,585x280x205,550x260x175,Lid Closed,Base Perforated
Y133.26M,M SERIES CONTAINER,1/1,585x280x265,550x260x235,Lid Closed,Base Perforated
Y143.10M,M SERIES CONTAINER,1/1,585x280x105,550x260x75,Lid Closed,Base Perforated
Y143.13M,M SERIES CONTAINER,1/1,585x280x135,550x260x105,Lid Closed,Base Perforated
Y143.15M,M SERIES CONTAINER,1/1,585x280x155,550x260x125,Lid Closed,Base Perforated
Y143.20M,M SERIES CONTAINER,1/1,585x280x205,550x260x175,Lid Closed,Base Perforated
Y143.26M,M SERIES CONTAINER,1/1,585x280x265,550x260x235,Lid Closed,Base Perforated
Y153.10M,M SERIES CONTAINER,1/1,585x280x105,550x260x75,Lid Closed,Base Perforated
Y153.13M,M SERIES CONTAINER,1/1,585x280x135,550x260x105,Lid Closed,Base Perforated
Y153.15M,M SERIES CONTAINER,1/1,585x280x155,550x260x125,Lid Closed,Base Perforated
Y153.20M,M SERIES CONTAINER,1/1,585x280x205,550x260x175,Lid Closed,Base Perforated
Y153.26M,M SERIES CONTAINER,1/1,585x280x265,550x260x235,Lid Closed,Base Perforated
Y163.10M,M SERIES CONTAINER,1/1,585x280x105,550x260x75,Lid Closed,Base Perforated
Y163.13M,M SERIES CONTAINER,1/1,585x280x135,550x260x105,Lid Closed,Base Perforated
Y163.15M,M SERIES CONTAINER,1/1,585x280x155,550x260x125,Lid Closed,Base Perforated
Y163.20M,M SERIES CONTAINER,1/1,585x280x205,550x260x175,Lid Closed,Base Perforated
Y163.26M,M SERIES CONTAINER,1/1,585x280x265,550x260x235,Lid Closed,Base Perforated
Y173.10M,M SERIES CONTAINER,1/1,585x280x105,550x260x75,Lid Closed,Base Perforated
Y173.13M,M SERIES CONTAINER,1/1,585x280x135,550x260x105,Lid Closed,Base Perforated
Y173.15M,M SERIES CONTAINER,1/1,585x280x155,550x260x125,Lid Closed,Base Perforated
Y173.20M,M SERIES CONTAINER,1/1,585x280x205,550x260x175,Lid Closed,Base Perforated
Y173.26M,M SERIES CONTAINER,1/1,585x280x265,550x260x235,Lid Closed,Base Perforated
Y105.10M1,M SERIES BASE,1/1,585x280x90,550x260x85,,Base Closed
Y105.13M1,M SERIES BASE,1/1,585x280x120,550x260x115,,Base Closed
Y105.15M1,M SERIES BASE,1/1,585x280x140,550x260x135,,Base Closed
Y105.20M1,M SERIES BASE,1/1,585x280x190,550x260x185,,Base Closed
Y105.26M1,M SERIES BASE,1/1,585x280x250,550x260x245,,Base Closed
Y105.10M2,M SERIES BASE,1/1,585x280x90,550x260x85,,Base Closed
Y105.13M2,M SERIES BASE,1/1,585x280x120,550x260x115,,Base Closed
Y105.15M2,M SERIES BASE,1/1,585x280x140,550x260x135,,Base Closed
Y105.20M2,M SERIES BASE,1/1,585x280x190,550x260x185,,Base Closed
Y105.26M2,M SERIES BASE,1/1,585x280x250,550x260x245,,Base Closed
Y105.10M3,M SERIES BASE,1/1,585x280x90,550x260x85,,Base Closed
Y105.13M3,M SERIES BASE,1/1,585x280x120,550x260x115,,Base Closed
Y105.15M3,M SERIES BASE,1/1,585x280x140,550x260x135,,Base Closed
Y105.20M3,M SERIES BASE,1/1,585x280x190,550x260x185,,Base Closed
Y105.26M3,M SERIES BASE,1/1,585x280x250,550x260x245,,Base Closed
Y105.10M4,M SERIES BASE,1/1,585x280x90,550x260x85,,Base Closed
Y105.13M4,M SERIES BASE,1/1,585x280x120,550x260x115,,Base Closed
Y105.15M4,M SERIES BASE,1/1,585x280x140,550x260x135,,Base Closed
Y105.20M4,M SERIES BASE,1/1,585x280x190,550x260x185,,Base Closed
Y105.26M4,M SERIES BASE,1/1,585x280x250,550x260x245,,Base Closed
Y105.10M5,M SERIES BASE,1/1,585x280x90,550x260x85,,Base Closed
Y105.13M5,M SERIES BASE,1/1,585x280x120,550x260x115,,Base Closed
Y105.15M5,M SERIES BASE,1/1,585x280x140,550x260x135,,Base Closed
Y105.20M5,M SERIES BASE,1/1,585x280x190,550x260x185,,Base Closed
Y105.26M5,M SERIES BASE,1/1,585x280x250,550x260x245,,Base Closed
Y105.10M6,M SERIES BASE,1/1,585x280x90,550x260x85,,Base Closed
Y105.13M6,M SERIES BASE,1/1,585x280x120,550x260x115,,Base Closed
Y105.15M6,M SERIES BASE,1/1,585x280x140,550x260x135,,Base Closed
Y105.20M6,M SERIES BASE,1/1,585x280x190,550x260x185,,Base Closed
Y105.26M6,M SERIES BASE,1/1,585x280x250,550x260x245,,Base Closed
Y105.10M7,M SERIES BASE,1/1,585x280x90,550x260x85,,Base Closed
Y105.13M7,M SERIES BASE,1/1,585x280x120,550x260x115,,Base Closed
Y105.15M7,M SERIES BASE,1/1,585x280x140,550x260x135,,Base Closed
Y105.20M7,M SERIES BASE,1/1,585x280x190,550x260x185,,Base Closed
Y105.26M7,M SERIES BASE,1/1,585x280x250,550x260x245,,Base Closed
Y106.10M1,M SERIES BASE,1/1,585x280x90,550x260x75,,Base Perforated
Y106.13M1,M SERIES BASE,1/1,585x280x120,550x260x105,,Base Perforated
Y106.15M1,M SERIES BASE,1/1,585x280x140,550x260x125,,Base Perforated
Y106.20M1,M SERIES BASE,1/1,585x280x190,550x260x175,,Base Perforated
Y106.26M1,M SERIES BASE,1/1,585x280x250,550x260x235,,Base Perforated
Y106.10M2,M SERIES BASE,1/1,585x280x90,550x260x75,,Base Perforated
Y106.13M2,M SERIES BASE,1/1,585x280x120,550x260x105,,Base Perforated
Y106.15M2,M SERIES BASE,1/1,585x280x140,550x260x125,,Base Perforated
Y106.20M2,M SERIES BASE,1/1,585x280x190,550x260x175,,Base Perforated
Y106.26M2,M SERIES BASE,1/1,585x280x250,550x260x235,,Base Perforated
Y106.10M3,M SERIES BASE,1/1,585x280x90,550x260x75,,Base Perforated
Y106.13M3,M SERIES BASE,1/1,585x280x120,550x260x105,,Base Perforated
Y106.15M3,M SERIES BASE,1/1,585x280x140,550x260x125,,Base Perforated
Y106.20M3,M SERIES BASE,1/1,585x280x190,550x260x175,,Base Perforated
Y106.26M3,M SERIES BASE,1/1,585x280x250,550x260x235,,Base Perforated
Y106.10M4,M SERIES BASE,1/1,585x280x90,550x260x75,,Base Perforated
Y106.13M4,M SERIES BASE,1/1,585x280x120,550x260x105,,Base Perforated
Y106.15M4,M SERIES BASE,1/1,585x280x140,550x260x125,,Base Perforated
Y106.20M4,M SERIES BASE,1/1,585x280x190,550x260x175,,Base Perforated
Y106.26M4,M SERIES BASE,1/1,585x280x250,550x260x235,,Base Perforated
Y106.10M5,M SERIES BASE,1/1,585x280x90,550x260x75,,Base Perforated
Y106.13M5,M SERIES BASE,1/1,585x280x120,550x260x105,,Base Perforated
Y106.15M5,M SERIES BASE,1/1,585x280x140,550x260x125,,Base Perforated
Y106.20M5,M SERIES BASE,1/1,585x280x190,550x260x175,,Base Perforated
Y106.26M5,M SERIES BASE,1/1,585x280x250,550x260x235,,Base Perforated
Y106.10M6,M SERIES BASE,1/1,585x280x90,550x260x75,,Base Perforated
Y106.13M6,M SERIES BASE,1/1,585x280x120,550x260x105,,Base Perforated
Y106.15M6,M SERIES BASE,1/1,585x280x140,550x260x125,,Base Perforated
Y106.20M6,M SERIES BASE,1/1,585x280x190,550x260x175,,Base Perforated
Y106.26M6,M SERIES BASE,1/1,585x280x250,550x260x235,,Base Perforated
Y106.10M7,M SERIES BASE,1/1,585x280x90,550x260x75,,Base Perforated
Y106.13M7,M SERIES BASE,1/1,585x280x120,550x260x105,,Base Perforated
Y106.15M7,M SERIES BASE,1/1,585x280x140,550x260x125,,Base Perforated
Y106.20M7,M SERIES BASE,1/1,585x280x190,550x260x175,,Base Perforated
Y106.26M7,M SERIES BASE,1/1,585x280x250,550x260x235,,Base Perforated
Y103.07M,M SERIES LID,1/1,585x280,585x280,Lid Closed,
Y212.10M,M SERIES CONTAINER,3/4,465x280x105,430x260x85,Lid Closed,Base Closed
Y212.13M,M SERIES CONTAINER,3/4,465x280x135,430x260x115,Lid Closed,Base Closed
Y212.15M,M SERIES CONTAINER,3/4,465x280x155,430x260x135,Lid Closed,Base Closed
Y212.20M,M SERIES CONTAINER,3/4,465x280x205,430x260x185,Lid Closed,Base Closed
Y222.10M,M SERIES CONTAINER,3/4,465x280x105,430x260x85,Lid Closed,Base Closed
Y222.13M,M SERIES CONTAINER,3/4,465x280x135,430x260x115,Lid Closed,Base Closed
Y222.15M,M SERIES CONTAINER,3/4,465x280x155,430x260x135,Lid Closed,Base Closed
Y222.20M,M SERIES CONTAINER,3/4,465x280x205,430x260x185,Lid Closed,Base Closed
Y232.10M,M SERIES CONTAINER,3/4,465x280x105,430x260x85,Lid Closed,Base Closed
Y232.13M,M SERIES CONTAINER,3/4,465x280x135,430x260x115,Lid Closed,Base Closed
Y232.15M,M SERIES CONTAINER,3/4,465x280x155,430x260x135,Lid Closed,Base Closed
Y232.20M,M SERIES CONTAINER,3/4,465x280x205,430x260x185,Lid Closed,Base Closed
Y242.10M,M SERIES CONTAINER,3/4,465x280x105,430x260x85,Lid Closed,Base Closed
Y242.13M,M SERIES CONTAINER,3/4,465x280x135,430x260x115,Lid Closed,Base Closed
Y242.15M,M SERIES CONTAINER,3/4,465x280x155,430x260x135,Lid Closed,Base Closed
Y242.20M,M SERIES CONTAINER,3/4,465x280x205,430x260x185,Lid Closed,Base Closed
Y252.10M,M SERIES CONTAINER,3/4,465x280x105,430x260x85,Lid Closed,Base Closed
Y252.13M,M SERIES CONTAINER,3/4,465x280x135,430x260x115,Lid Closed,Base Closed
Y252.15M,M SERIES CONTAINER,3/4,465x280x155,430x260x135,Lid Closed,Base Closed
Y252.20M,M SERIES CONTAINER,3/4,465x280x205,430x260x185,Lid Closed,Base Closed
Y262.10M,M SERIES CONTAINER,3/4,465x280x105,430x260x85,Lid Closed,Base Closed
Y262.13M,M SERIES CONTAINER,3/4,465x280x135,430x260x115,Lid Closed,Base Closed
Y262.15M,M SERIES CONTAINER,3/4,465x280x155,430x260x135,Lid Closed,Base Closed
Y262.20M,M SERIES CONTAINER,3/4,465x280x205,430x260x185,Lid Closed,Base Closed
Y272.10M,M SERIES CONTAINER,3/4,465x280x105,430x260x85,Lid Closed,Base Closed
Y272.13M,M SERIES CONTAINER,3/4,465x280x135,430x260x115,Lid Closed,Base Closed
Y272.15M,M SERIES CONTAINER,3/4,465x280x155,430x260x135,Lid Closed,Base Closed
Y272.20M,M SERIES CONTAINER,3/4,465x280x205,430x260x185,Lid Closed,Base Closed
Y213.10M,M SERIES CONTAINER,3/4,465x280x105,430x260x75,Lid Closed,Base Perforated
Y213.13M,M SERIES CONTAINER,3/4,465x280x135,430x260x105,Lid Closed,Base Perforated
Y213.15M,M SERIES CONTAINER,3/4,465x280x155,430x260x125,Lid Closed,Base Perforated
Y213.20M,M SERIES CONTAINER,3/4,465x280x205,430x260x175,Lid Closed,Base Perforated
Y223.10M,M SERIES CONTAINER,3/4,465x280x105,430x260x75,Lid Closed,Base Perforated
Y223.13M,M SERIES CONTAINER,3/4,465x280x135,430x260x105,Lid Closed,Base Perforated
Y223.15M,M SERIES CONTAINER,3/4,465x280x155,430x260x125,Lid Closed,Base Perforated
Y223.20M,M SERIES CONTAINER,3/4,465x280x205,430x260x175,Lid Closed,Base Perforated
Y233.10M,M SERIES CONTAINER,3/4,465x280x105,430x260x75,Lid Closed,Base Perforated
Y233.13M,M SERIES CONTAINER,3/4,465x280x135,430x260x105,Lid Closed,Base Perforated
Y233.15M,M SERIES CONTAINER,3/4,465x280x155,430x260x125,Lid Closed,Base Perforated
Y233.20M,M SERIES CONTAINER,3/4,465x280x205,430x260x175,Lid Closed,Base Perforated
Y243.10M,M SERIES CONTAINER,3/4,465x280x105,430x260x75,Lid Closed,Base Perforated
Y243.13M,M SERIES CONTAINER,3/4,465x280x135,430x260x105,Lid Closed,Base Perforated
Y243.15M,M SERIES CONTAINER,3/4,465x280x155,430x260x125,Lid Closed,Base Perforated
Y243.20M,M SERIES CONTAINER,3/4,465x280x205,430x260x175,Lid Closed,Base Perforated
Y253.10M,M SERIES CONTAINER,3/4,465x280x105,430x260x75,Lid Closed,Base Perforated
Y253.13M,M SERIES CONTAINER,3/4,465x280x135,430x260x105,Lid Closed,Base Perforated
Y253.15M,M SERIES CONTAINER,3/4,465x280x155,430x260x125,Lid Closed,Base Perforated
Y253.20M,M SERIES CONTAINER,3/4,465x280x205,430x260x175,Lid Closed,Base Perforated
Y263.10M,M SERIES CONTAINER,3/4,465x280x105,430x260x75,Lid Closed,Base Perforated
Y263.13M,M SERIES CONTAINER,3/4,465x280x135,430x260x105,Lid Closed,Base Perforated
Y263.15M,M SERIES CONTAINER,3/4,465x280x155,430x260x125,Lid Closed,Base Perforated
Y263.20M,M SERIES CONTAINER,3/4,465x280x205,430x260x175,Lid Closed,Base Perforated
Y273.10M,M SERIES CONTAINER,3/4,465x280x105,430x260x75,Lid Closed,Base Perforated
Y273.13M,M SERIES CONTAINER,3/4,465x280x135,430x260x105,Lid Closed,Base Perforated
Y273.15M,M SERIES CONTAINER,3/4,465x280x155,430x260x125,Lid Closed,Base Perforated
Y273.20M,M SERIES CONTAINER,3/4,465x280x205,430x260x175,Lid Closed,Base Perforated
Y205.10M1,M SERIES BASE,3/4,465x280x90,430x260x85,,Base Closed
Y205.13M1,M SERIES BASE,3/4,465x280x120,430x260x115,,Base Closed
Y205.15M1,M SERIES BASE,3/4,465x280x140,430x260x135,,Base Closed
Y205.20M1,M SERIES BASE,3/4,465x280x190,430x260x185,,Base Closed
Y205.10M2,M SERIES BASE,3/4,465x280x90,430x260x85,,Base Closed
Y205.13M2,M SERIES BASE,3/4,465x280x120,430x260x115,,Base Closed
Y205.15M2,M SERIES BASE,3/4,465x280x140,430x260x135,,Base Closed
Y205.20M2,M SERIES BASE,3/4,465x280x190,430x260x185,,Base Closed
Y205.10M3,M SERIES BASE,3/4,465x280x90,430x260x85,,Base Closed
Y205.13M3,M SERIES BASE,3/4,465x280x120,430x260x115,,Base Closed
Y205.15M3,M SERIES BASE,3/4,465x280x140,430x260x135,,Base Closed
Y205.20M3,M SERIES BASE,3/4,465x280x190,430x260x185,,Base Closed
Y205.10M4,M SERIES BASE,3/4,465x280x90,430x260x85,,Base Closed
Y205.13M4,M SERIES BASE,3/4,465x280x120,430x260x115,,Base Closed
Y205.15M4,M SERIES BASE,3/4,465x280x140,430x260x135,,Base Closed
Y205.20M4,M SERIES BASE,3/4,465x280x190,430x260x185,,Base Closed
Y205.10M5,M SERIES BASE,3/4,465x280x90,430x260x85,,Base Closed
Y205.13M5,M SERIES BASE,3/4,465x280x120,430x260x115,,Base Closed
Y205.15M5,M SERIES BASE,3/4,465x280x140,430x260x135,,Base Closed
Y205.20M5,M SERIES BASE,3/4,465x280x190,430x260x185,,Base Closed
Y205.10M6,M SERIES BASE,3/4,465x280x90,430x260x85,,Base Closed
Y205.13M6,M SERIES BASE,3/4,465x280x120,430x260x115,,Base Closed
Y205.15M6,M SERIES BASE,3/4,465x280x140,430x260x135,,Base Closed
Y205.20M6,M SERIES BASE,3/4,465x280x190,430x260x185,,Base Closed
Y205.10M7,M SERIES BASE,3/4,465x280x90,430x260x85,,Base Closed
Y205.13M7,M SERIES BASE,3/4,465x280x120,430x260x115,,Base Closed
Y205.15M7,M SERIES BASE,3/4,465x280x140,430x260x135,,Base Closed
Y205.20M7,M SERIES BASE,3/4,465x280x190,430x260x185,,Base Closed
Y206.10M1,M SERIES BASE,3/4,465x280x90,430x260x75,,Base Perforated
Y206.13M1,M SERIES BASE,3/4,465x280x120,430x260x105,,Base Perforated
Y206.15M1,M SERIES BASE,3/4,465x280x140,430x260x125,,Base Perforated
Y206.20M1,M SERIES BASE,3/4,465x280x190,430x260x175,,Base Perforated
Y206.10M2,M SERIES BASE,3/4,465x280x90,430x260x75,,Base Perforated
Y206.13M2,M SERIES BASE,3/4,465x280x120,430x260x105,,Base Perforated
Y206.15M2,M SERIES BASE,3/4,465x280x140,430x260x125,,Base Perforated
Y206.20M2,M SERIES BASE,3/4,465x280x190,430x260x175,,Base Perforated
Y206.10M3,M SERIES BASE,3/4,465x280x90,430x260x75,,Base Perforated
Y206.13M3,M SERIES BASE,3/4,465x280x120,430x260x105,,Base Perforated
Y206.15M3,M SERIES BASE,3/4,465x280x140,430x260x125,,Base Perforated
Y206.20M3,M SERIES BASE,3/4,465x280x190,430x260x175,,Base Perforated
Y206.10M4,M SERIES BASE,3/4,465x280x90,430x260x75,,Base Perforated
Y206.13M4,M SERIES BASE,3/4,465x280x120,430x260x105,,Base Perforated
Y206.15M4,M SERIES BASE,3/4,465x280x140,430x260x125,,Base Perforated
Y206.20M4,M SERIES BASE,3/4,465x280x190,430x260x175,,Base Perforated
Y206.10M5,M SERIES BASE,3/4,465x280x90,430x260x75,,Base Perforated
Y206.13M5,M SERIES BASE,3/4,465x280x120,430x260x105,,Base Perforated
Y206.15M5,M SERIES BASE,3/4,465x280x140,430x260x125,,Base Perforated
Y206.20M5,M SERIES BASE,3/4,465x280x190,430x260x175,,Base Perforated
Y206.10M6,M SERIES BASE,3/4,465x280x90,430x260x75,,Base Perforated
Y206.13M6,M SERIES BASE,3/4,465x280x120,430x260x105,,Base Perforated
Y206.15M6,M SERIES BASE,3/4,465x280x140,430x260x125,,Base Perforated
Y206.20M6,M SERIES BASE,3/4,465x280x190,430x260x175,,Base Perforated
Y206.10M7,M SERIES BASE,3/4,465x280x90,430x260x75,,Base Perforated
Y206.13M7,M SERIES BASE,3/4,465x280x120,430x260x105,,Base Perforated
Y206.15M7,M SERIES BASE,3/4,465x280x140,430x260x125,,Base Perforated
Y206.20M7,M SERIES BASE,3/4,465x280x190,430x260x175,,Base Perforated
Y203.07M,M SERIES LID,3/4,465x280,465x280,Lid Closed,
Y312.10M,M SERIES CONTAINER,1/2,295x280x105,260x260x85,Lid Closed,Base Closed
Y312.13M,M SERIES CONTAINER,1/2,295x280x135,260x260x115,Lid Closed,Base Closed
Y312.15M,M SERIES CONTAINER,1/2,295x280x155,260x260x135,Lid Closed,Base Closed
Y312.20M,M SERIES CONTAINER,1/2,295x280x205,260x260x185,Lid Closed,Base Closed
Y312.26M,M SERIES CONTAINER,1/2,295x280x265,260x260x245,Lid Closed,Base Closed
Y322.10M,M SERIES CONTAINER,1/2,295x280x105,260x260x85,Lid Closed,Base Closed
Y322.13M,M SERIES CONTAINER,1/2,295x280x135,260x260x115,Lid Closed,Base Closed
Y322.15M,M SERIES CONTAINER,1/2,295x280x155,260x260x135,Lid Closed,Base Closed
Y322.20M,M SERIES CONTAINER,1/2,295x280x205,260x260x185,Lid Closed,Base Closed
Y322.26M,M SERIES CONTAINER,1/2,295x280x265,260x260x245,Lid Closed,Base Closed
Y332.10M,M SERIES CONTAINER,1/2,295x280x105,260x260x85,Lid Closed,Base Closed
Y332.13M,M SERIES CONTAINER,1/2,295x280x135,260x260x115,Lid Closed,Base Closed
Y332.15M,M SERIES CONTAINER,1/2,295x280x155,260x260x135,Lid Closed,Base Closed
Y332.20M,M SERIES CONTAINER,1/2,295x280x205,260x260x185,Lid Closed,Base Closed
Y332.26M,M SERIES CONTAINER,1/2,295x280x265,260x260x245,Lid Closed,Base Closed
Y342.10M,M SERIES CONTAINER,1/2,295x280x105,260x260x85,Lid Closed,Base Closed
Y342.13M,M SERIES CONTAINER,1/2,295x280x135,260x260x115,Lid Closed,Base Closed
Y342.15M,M SERIES CONTAINER,1/2,295x280x155,260x260x135,Lid Closed,Base Closed
Y342.20M,M SERIES CONTAINER,1/2,295x280x205,260x260x185,Lid Closed,Base Closed
Y342.26M,M SERIES CONTAINER,1/2,295x280x265,260x260x245,Lid Closed,Base Closed
Y352.10M,M SERIES CONTAINER,1/2,295x280x105,260x260x85,Lid Closed,Base Closed
Y352.13M,M SERIES CONTAINER,1/2,295x280x135,260x260x115,Lid Closed,Base Closed
Y352.15M,M SERIES CONTAINER,1/2,295x280x155,260x260x135,Lid Closed,Base Closed
Y352.20M,M SERIES CONTAINER,1/2,295x280x205,260x260x185,Lid Closed,Base Closed
Y352.26M,M SERIES CONTAINER,1/2,295x280x265,260x260x245,Lid Closed,Base Closed
Y362.10M,M SERIES CONTAINER,1/2,295x280x105,260x260x85,Lid Closed,Base Closed
Y362.13M,M SERIES CONTAINER,1/2,295x280x135,260x260x115,Lid Closed,Base Closed
Y362.15M,M SERIES CONTAINER,1/2,295x280x155,260x260x135,Lid Closed,Base Closed
Y362.20M,M SERIES CONTAINER,1/2,295x280x205,260x260x185,Lid Closed,Base Closed
Y362.26M,M SERIES CONTAINER,1/2,295x280x265,260x260x245,Lid Closed,Base Closed
Y372.10M,M SERIES CONTAINER,1/2,295x280x105,260x260x85,Lid Closed,Base Closed
Y372.13M,M SERIES CONTAINER,1/2,295x280x135,260x260x115,Lid Closed,Base Closed
Y372.15M,M SERIES CONTAINER,1/2,295x280x155,260x260x135,Lid Closed,Base Closed
Y372.20M,M SERIES CONTAINER,1/2,295x280x205,260x260x185,Lid Closed,Base Closed
Y372.26M,M SERIES CONTAINER,1/2,295x280x265,260x260x245,Lid Closed,Base Closed
Y313.10M,M SERIES CONTAINER,1/2,295x280x105,260x260x75,Lid Closed,Base Perforated
Y313.13M,M SERIES CONTAINER,1/2,295x280x135,260x260x105,Lid Closed,Base Perforated
Y313.15M,M SERIES CONTAINER,1/2,295x280x155,260x260x125,Lid Closed,Base Perforated
Y313.20M,M SERIES CONTAINER,1/2,295x280x205,260x260x175,Lid Closed,Base Perforated
Y313.26M,M SERIES CONTAINER,1/2,295x280x265,260x260x235,Lid Closed,Base Perforated
Y323.10M,M SERIES CONTAINER,1/2,295x280x105,260x260x75,Lid Closed,Base Perforated
Y323.13M,M SERIES CONTAINER,1/2,295x280x135,260x260x105,Lid Closed,Base Perforated
Y323.15M,M SERIES CONTAINER,1/2,295x280x155,260x260x125,Lid Closed,Base Perforated
Y323.20M,M SERIES CONTAINER,1/2,295x280x205,260x260x175,Lid Closed,Base Perforated
Y323.26M,M SERIES CONTAINER,1/2,295x280x265,260x260x235,Lid Closed,Base Perforated
Y333.10M,M SERIES CONTAINER,1/2,295x280x105,260x260x75,Lid Closed,Base Perforated
Y333.13M,M SERIES CONTAINER,1/2,295x280x135,260x260x105,Lid Closed,Base Perforated
Y333.15M,M SERIES CONTAINER,1/2,295x280x155,260x260x125,Lid Closed,Base Perforated
Y333.20M,M SERIES CONTAINER,1/2,295x280x205,260x260x175,Lid Closed,Base Perforated
Y333.26M,M SERIES CONTAINER,1/2,295x280x265,260x260x235,Lid Closed,Base Perforated
Y343.10M,M SERIES CONTAINER,1/2,295x280x105,260x260x75,Lid Closed,Base Perforated
Y343.13M,M SERIES CONTAINER,1/2,295x280x135,260x260x105,Lid Closed,Base Perforated
Y343.15M,M SERIES CONTAINER,1/2,295x280x155,260x260x125,Lid Closed,Base Perforated
Y343.20M,M SERIES CONTAINER,1/2,295x280x205,260x260x175,Lid Closed,Base Perforated
Y343.26M,M SERIES CONTAINER,1/2,295x280x265,260x260x235,Lid Closed,Base Perforated
Y353.10M,M SERIES CONTAINER,1/2,295x280x105,260x260x75,Lid Closed,Base Perforated
Y353.13M,M SERIES CONTAINER,1/2,295x280x135,260x260x105,Lid Closed,Base Perforated
Y353.15M,M SERIES CONTAINER,1/2,295x280x155,260x260x125,Lid Closed,Base Perforated
Y353.20M,M SERIES CONTAINER,1/2,295x280x205,260x260x175,Lid Closed,Base Perforated
Y353.26M,M SERIES CONTAINER,1/2,295x280x265,260x260x235,Lid Closed,Base Perforated
Y363.10M,M SERIES CONTAINER,1/2,295x280x105,260x260x75,Lid Closed,Base Perforated
Y363.13M,M SERIES CONTAINER,1/2,295x280x135,260x260x105,Lid Closed,Base Perforated
Y363.15M,M SERIES CONTAINER,1/2,295x280x155,260x260x125,Lid Closed,Base Perforated
Y363.20M,M SERIES CONTAINER,1/2,295x280x205,260x260x175,Lid Closed,Base Perforated
Y363.26M,M SERIES CONTAINER,1/2,295x280x265,260x260x235,Lid Closed,Base Perforated
Y373.10M,M SERIES CONTAINER,1/2,295x280x105,260x260x75,Lid Closed,Base Perforated
Y373.13M,M SERIES CONTAINER,1/2,295x280x135,260x260x105,Lid Closed,Base Perforated
Y373.15M,M SERIES CONTAINER,1/2,295x280x155,260x260x125,Lid Closed,Base Perforated
Y373.20M,M SERIES CONTAINER,1/2,295x280x205,260x260x175,Lid Closed,Base Perforated
Y373.26M,M SERIES CONTAINER,1/2,295x280x265,260x260x235,Lid Closed,Base Perforated
Y305.10M1,M SERIES BASE,1/2,295x280x90,260x260x85,,Base Closed
Y305.13M1,M SERIES BASE,1/2,295x280x120,260x260x115,,Base Closed
Y305.15M1,M SERIES BASE,1/2,295x280x140,260x260x135,,Base Closed
Y305.20M1,M SERIES BASE,1/2,295x280x190,260x260x185,,Base Closed
Y305.26M1,M SERIES BASE,1/2,295x280x250,260x260x245,,Base Closed
Y305.10M2,M SERIES BASE,1/2,295x280x90,260x260x85,,Base Closed
Y305.13M2,M SERIES BASE,1/2,295x280x120,260x260x115,,Base Closed
Y305.15M2,M SERIES BASE,1/2,295x280x140,260x260x135,,Base Closed
Y305.20M2,M SERIES BASE,1/2,295x280x190,260x260x185,,Base Closed
Y305.26M2,M SERIES BASE,1/2,295x280x250,260x260x245,,Base Closed
Y305.10M3,M SERIES BASE,1/2,295x280x90,260x260x85,,Base Closed
Y305.13M3,M SERIES BASE,1/2,295x280x120,260x260x115,,Base Closed
Y305.15M3,M SERIES BASE,1/2,295x280x140,260x260x135,,Base Closed
Y305.20M3,M SERIES BASE,1/2,295x280x190,260x260x185,,Base Closed
Y305.26M3,M SERIES BASE,1/2,295x280x250,260x260x245,,Base Closed
Y305.10M4,M SERIES BASE,1/2,295x280x90,260x260x85,,Base Closed
Y305.13M4,M SERIES BASE,1/2,295x280x120,260x260x115,,Base Closed
Y305.15M4,M SERIES BASE,1/2,295x280x140,260x260x135,,Base Closed
Y305.20M4,M SERIES BASE,1/2,295x280x190,260x260x185,,Base Closed
Y305.26M4,M SERIES BASE,1/2,295x280x250,260x260x245,,Base Closed
Y305.10M5,M SERIES BASE,1/2,295x280x90,260x260x85,,Base Closed
Y305.13M5,M SERIES BASE,1/2,295x280x120,260x260x115,,Base Closed
Y305.15M5,M SERIES BASE,1/2,295x280x140,260x260x135,,Base Closed
Y305.20M5,M SERIES BASE,1/2,295x280x190,260x260x185,,Base Closed
Y305.26M5,M SERIES BASE,1/2,295x280x250,260x260x245,,Base Closed
Y305.10M6,M SERIES BASE,1/2,295x280x90,260x260x85,,Base Closed
Y305.13M6,M SERIES BASE,1/2,295x280x120,260x260x115,,Base Closed
Y305.15M6,M SERIES BASE,1/2,295x280x140,260x260x135,,Base Closed
Y305.20M6,M SERIES BASE,1/2,295x280x190,260x260x185,,Base Closed
Y305.26M6,M SERIES BASE,1/2,295x280x250,260x260x245,,Base Closed
Y305.10M7,M SERIES BASE,1/2,295x280x90,260x260x85,,Base Closed
Y305.13M7,M SERIES BASE,1/2,295x280x120,260x260x115,,Base Closed
Y305.15M7,M SERIES BASE,1/2,295x280x140,260x260x135,,Base Closed
Y305.20M7,M SERIES BASE,1/2,295x280x190,260x260x185,,Base Closed
Y305.26M7,M SERIES BASE,1/2,295x280x250,260x260x245,,Base Closed
Y306.10M1,M SERIES BASE,1/2,295x280x90,260x260x75,,Base Perforated
Y306.13M1,M SERIES BASE,1/2,295x280x120,260x260x105,,Base Perforated
Y306.15M1,M SERIES BASE,1/2,295x280x140,260x260x125,,Base Perforated
Y306.20M1,M SERIES BASE,1/2,295x280x190,260x260x175,,Base Perforated
Y306.26M1,M SERIES BASE,1/2,295x280x250,260x260x235,,Base Perforated
Y306.10M2,M SERIES BASE,1/2,295x280x90,260x260x75,,Base Perforated
Y306.13M2,M SERIES BASE,1/2,295x280x120,260x260x105,,Base Perforated
Y306.15M2,M SERIES BASE,1/2,295x280x140,260x260x125,,Base Perforated
Y306.20M2,M SERIES BASE,1/2,295x280x190,260x260x175,,Base Perforated
Y306.26M2,M SERIES BASE,1/2,295x280x250,260x260x235,,Base Perforated
Y306.10M3,M SERIES BASE,1/2,295x280x90,260x260x75,,Base Perforated
Y306.13M3,M SERIES BASE,1/2,295x280x120,260x260x105,,Base Perforated
Y306.15M3,M SERIES BASE,1/2,295x280x140,260x260x125,,Base Perforated
Y306.20M3,M SERIES BASE,1/2,295x280x190,260x260x175,,Base Perforated
Y306.26M3,M SERIES BASE,1/2,295x280x250,260x260x235,,Base Perforated
Y306.10M4,M SERIES BASE,1/2,295x280x90,260x260x75,,Base Perforated
Y306.13M4,M SERIES BASE,1/2,295x280x120,260x260x105,,Base Perforated
Y306.15M4,M SERIES BASE,1/2,295x280x140,260x260x125,,Base Perforated
Y306.20M4,M SERIES BASE,1/2,295x280x190,260x260x175,,Base Perforated
Y306.26M4,M SERIES BASE,1/2,295x280x250,260x260x235,,Base Perforated
Y306.10M5,M SERIES BASE,1/2,295x280x90,260x260x75,,Base Perforated
Y306.13M5,M SERIES BASE,1/2,295x280x120,260x260x105,,Base Perforated
Y306.15M5,M SERIES BASE,1/2,295x280x140,260x260x125,,Base Perforated
Y306.20M5,M SERIES BASE,1/2,295x280x190,260x260x175,,Base Perforated
Y306.26M5,M SERIES BASE,1/2,295x280x250,260x260x235,,Base Perforated
Y306.10M6,M SERIES BASE,1/2,295x280x90,260x260x75,,Base Perforated
Y306.13M6,M SERIES BASE,1/2,295x280x120,260x260x105,,Base Perforated
Y306.15M6,M SERIES BASE,1/2,295x280x140,260x260x125,,Base Perforated
Y306.20M6,M SERIES BASE,1/2,295x280x190,260x260x175,,Base Perforated
Y306.26M6,M SERIES BASE,1/2,295x280x250,260x260x235,,Base Perforated
Y306.10M7,M SERIES BASE,1/2,295x280x90,260x260x75,,Base Perforated
Y306.13M7,M SERIES BASE,1/2,295x280x120,260x260x105,,Base Perforated
Y306.15M7,M SERIES BASE,1/2,295x280x140,260x260x125,,Base Perforated
Y306.20M7,M SERIES BASE,1/2,295x280x190,260x260x175,,Base Perforated
Y306.26M7,M SERIES BASE,1/2,295x280x250,260x260x235,,Base Perforated
Y303.07M,M SERIES LID,1/2,295x280,295x280,Lid Closed,
Y111.92M,M SERIES CONTAINER,XXL,770x315x190,,Lid Closed,Base Perforated
Y121.92M,M SERIES CONTAINER,XXL,770x315x190,,Lid Closed,Base Perforated
Y131.92M,M SERIES CONTAINER,XXL,770x315x190,,Lid Closed,Base Perforated
Y141.92M,M SERIES CONTAINER,XXL,770x315x190,,Lid Closed,Base Perforated
Y151.92M,M SERIES CONTAINER,XXL,770x315x190,,Lid Closed,Base Perforated
Y161.92M,M SERIES CONTAINER,XXL,770x315x190,,Lid Closed,Base Perforated
Y171.92M,M SERIES CONTAINER,XXL,770x315x190,,Lid Closed,Base Perforated
Y106.92M1,M SERIES BASE,XXL,770x315x170,,,Base Perforated
Y106.92M2,M SERIES BASE,XXL,770x315x170,,,Base Perforated
Y106.92M3,M SERIES BASE,XXL,770x315x170,,,Base Perforated
Y106.92M4,M SERIES BASE,XXL,770x315x170,,,Base Perforated
Y106.92M5,M SERIES BASE,XXL,770x315x170,,,Base Perforated
Y106.92M6,M SERIES BASE,XXL,770x315x170,,,Base Perforated
Y106.92M7,M SERIES BASE,XXL,770x315x170,,,Base Perforated
Y100.97M,M SERIES LID,XXL,770x315,770x315,Lid Closed,
Y110.10W,W SERIES CONTAINER,1/1,585x280x105,550x260x85,Lid Perforated,Base Closed
Y110.13W,W SERIES CONTAINER,1/1,585x280x135,550x260x115,Lid Perforated,Base Closed
Y110.15W,W SERIES CONTAINER,1/1,585x280x155,550x260x135,Lid Perforated,Base Closed
Y110.20W,W SERIES CONTAINER,1/1,585x280x205,550x260x185,Lid Perforated,Base Closed
Y110.26W,W SERIES CONTAINER,1/1,585x280x265,550x260x245,Lid Perforated,Base Closed
Y120.10W,W SERIES CONTAINER,1/1,585x280x105,550x260x85,Lid Perforated,Base Closed
Y120.13W,W SERIES CONTAINER,1/1,585x280x135,550x260x115,Lid Perforated,Base Closed
Y120.15W,W SERIES CONTAINER,1/1,585x280x155,550x260x135,Lid Perforated,Base Closed
Y120.20W,W SERIES CONTAINER,1/1,585x280x205,550x260x185,Lid Perforated,Base Closed
Y120.26W,W SERIES CONTAINER,1/1,585x280x265,550x260x245,Lid Perforated,Base Closed
Y130.10W,W SERIES CONTAINER,1/1,585x280x105,550x260x85,Lid Perforated,Base Closed
Y130.13W,W SERIES CONTAINER,1/1,585x280x135,550x260x115,Lid Perforated,Base Closed
Y130.15W,W SERIES CONTAINER,1/1,585x280x155,550x260x135,Lid Perforated,Base Closed
Y130.20W,W SERIES CONTAINER,1/1,585x280x205,550x260x185,Lid Perforated,Base Closed
Y130.26W,W SERIES CONTAINER,1/1,585x280x265,550x260x245,Lid Perforated,Base Closed
Y140.10W,W SERIES CONTAINER,1/1,585x280x105,550x260x85,Lid Perforated,Base Closed
Y140.13W,W SERIES CONTAINER,1/1,585x280x135,550x260x115,Lid Perforated,Base Closed
Y140.15W,W SERIES CONTAINER,1/1,585x280x155,550x260x135,Lid Perforated,Base Closed
Y140.20W,W SERIES CONTAINER,1/1,585x280x205,550x260x185,Lid Perforated,Base Closed
Y140.26W,W SERIES CONTAINER,1/1,585x280x265,550x260x245,Lid Perforated,Base Closed
Y150.10W,W SERIES CONTAINER,1/1,585x280x105,550x260x85,Lid Perforated,Base Closed
Y150.13W,W SERIES CONTAINER,1/1,585x280x135,550x260x115,Lid Perforated,Base Closed
Y150.15W,W SERIES CONTAINER,1/1,585x280x155,550x260x135,Lid Perforated,Base Closed
Y150.20W,W SERIES CONTAINER,1/1,585x280x205,550x260x185,Lid Perforated,Base Closed
Y150.26W,W SERIES CONTAINER,1/1,585x280x265,550x260x245,Lid Perforated,Base Closed
Y160.10W,W SERIES CONTAINER,1/1,585x280x105,550x260x85,Lid Perforated,Base Closed
Y160.13W,W SERIES CONTAINER,1/1,585x280x135,550x260x115,Lid Perforated,Base Closed
Y160.15W,W SERIES CONTAINER,1/1,585x280x155,550x260x135,Lid Perforated,Base Closed
Y160.20W,W SERIES CONTAINER,1/1,585x280x205,550x260x185,Lid Perforated,Base Closed
Y160.26W,W SERIES CONTAINER,1/1,585x280x265,550x260x245,Lid Perforated,Base Closed
Y112.10W,W SERIES CONTAINER,1/1,585x280x105,550x260x85,Lid Safety Lid,Base Closed
Y112.13W,W SERIES CONTAINER,1/1,585x280x135,550x260x115,Lid Safety Lid,Base Closed
Y112.15W,W SERIES CONTAINER,1/1,585x280x155,550x260x135,Lid Safety Lid,Base Closed
Y112.20W,W SERIES CONTAINER,1/1,585x280x205,550x260x185,Lid Safety Lid,Base Closed
Y112.26W,W SERIES CONTAINER,1/1,585x280x265,550x260x245,Lid Safety Lid,Base Closed
Y122.10W,W SERIES CONTAINER,1/1,585x280x105,550x260x85,Lid Safety Lid,Base Closed
Y122.13W,W SERIES CONTAINER,1/1,585x280x135,550x260x115,Lid Safety Lid,Base Closed
Y122.15W,W SERIES CONTAINER,1/1,585x280x155,550x260x135,Lid Safety Lid,Base Closed
Y122.20W,W SERIES CONTAINER,1/1,585x280x205,550x260x185,Lid Safety Lid,Base Closed
Y122.26W,W SERIES CONTAINER,1/1,585x280x265,550x260x245,Lid Safety Lid,Base Closed
Y132.10W,W SERIES CONTAINER,1/1,585x280x105,550x260x85,Lid Safety Lid,Base Closed
Y132.13W,W SERIES CONTAINER,1/1,585x280x135,550x260x115,Lid Safety Lid,Base Closed
Y132.15W,W SERIES CONTAINER,1/1,585x280x155,550x260x135,Lid Safety Lid,Base Closed
Y132.20W,W SERIES CONTAINER,1/1,585x280x205,550x260x185,Lid Safety Lid,Base Closed
Y132.26W,W SERIES CONTAINER,1/1,585x280x265,550x260x245,Lid Safety Lid,Base Closed
Y142.10W,W SERIES CONTAINER,1/1,585x280x105,550x260x85,Lid Safety Lid,Base Closed
Y142.13W,W SERIES CONTAINER,1/1,585x280x135,550x260x115,Lid Safety Lid,Base Closed
Y142.15W,W SERIES CONTAINER,1/1,585x280x155,550x260x135,Lid Safety Lid,Base Closed
Y142.20W,W SERIES CONTAINER,1/1,585x280x205,550x260x185,Lid Safety Lid,Base Closed
Y142.26W,W SERIES CONTAINER,1/1,585x280x265,550x260x245,Lid Safety Lid,Base Closed
Y152.10W,W SERIES CONTAINER,1/1,585x280x105,550x260x85,Lid Safety Lid,Base Closed
Y152.13W,W SERIES CONTAINER,1/1,585x280x135,550x260x115,Lid Safety Lid,Base Closed
Y152.15W,W SERIES CONTAINER,1/1,585x280x155,550x260x135,Lid Safety Lid,Base Closed
Y152.20W,W SERIES CONTAINER,1/1,585x280x205,550x260x185,Lid Safety Lid,Base Closed
Y152.26W,W SERIES CONTAINER,1/1,585x280x265,550x260x245,Lid Safety Lid,Base Closed
Y162.10W,W SERIES CONTAINER,1/1,585x280x105,550x260x85,Lid Safety Lid,Base Closed
Y162.13W,W SERIES CONTAINER,1/1,585x280x135,550x260x115,Lid Safety Lid,Base Closed
Y162.15W,W SERIES CONTAINER,1/1,585x280x155,550x260x135,Lid Safety Lid,Base Closed
Y162.20W,W SERIES CONTAINER,1/1,585x280x205,550x260x185,Lid Safety Lid,Base Closed
Y162.26W,W SERIES CONTAINER,1/1,585x280x265,550x260x245,Lid Safety Lid,Base Closed
Y111.10W,W SERIES CONTAINER,1/1,585x280x105,550x260x75,Lid Perforated,Base Perforated
Y111.13W,W SERIES CONTAINER,1/1,585x280x135,550x260x105,Lid Perforated,Base Perforated
Y111.15W,W SERIES CONTAINER,1/1,585x280x155,550x260x125,Lid Perforated,Base Perforated
Y111.20W,W SERIES CONTAINER,1/1,585x280x205,550x260x175,Lid Perforated,Base Perforated
Y111.26W,W SERIES CONTAINER,1/1,585x280x265,550x260x235,Lid Perforated,Base Perforated
Y121.10W,W SERIES CONTAINER,1/1,585x280x105,550x260x75,Lid Perforated,Base Perforated
Y121.13W,W SERIES CONTAINER,1/1,585x280x135,550x260x105,Lid Perforated,Base Perforated
Y121.15W,W SERIES CONTAINER,1/1,585x280x155,550x260x125,Lid Perforated,Base Perforated
Y121.20W,W SERIES CONTAINER,1/1,585x280x205,550x260x175,Lid Perforated,Base Perforated
Y121.26W,W SERIES CONTAINER,1/1,585x280x265,550x260x235,Lid Perforated,Base Perforated
Y131.10W,W SERIES CONTAINER,1/1,585x280x105,550x260x75,Lid Perforated,Base Perforated
Y131.13W,W SERIES CONTAINER,1/1,585x280x135,550x260x105,Lid Perforated,Base Perforated
Y131.15W,W SERIES CONTAINER,1/1,585x280x155,550x260x125,Lid Perforated,Base Perforated
Y131.20W,W SERIES CONTAINER,1/1,585x280x205,550x260x175,Lid Perforated,Base Perforated
Y131.26W,W SERIES CONTAINER,1/1,585x280x265,550x260x235,Lid Perforated,Base Perforated
Y141.10W,W SERIES CONTAINER,1/1,585x280x105,550x260x75,Lid Perforated,Base Perforated
Y141.13W,W SERIES CONTAINER,1/1,585x280x135,550x260x105,Lid Perforated,Base Perforated
Y141.15W,W SERIES CONTAINER,1/1,585x280x155,550x260x125,Lid Perforated,Base Perforated
Y141.20W,W SERIES CONTAINER,1/1,585x280x205,550x260x175,Lid Perforated,Base Perforated
Y141.26W,W SERIES CONTAINER,1/1,585x280x265,550x260x235,Lid Perforated,Base Perforated
Y151.10W,W SERIES CONTAINER,1/1,585x280x105,550x260x75,Lid Perforated,Base Perforated
Y151.13W,W SERIES CONTAINER,1/1,585x280x135,550x260x105,Lid Perforated,Base Perforated
Y151.15W,W SERIES CONTAINER,1/1,585x280x155,550x260x125,Lid Perforated,Base Perforated
Y151.20W,W SERIES CONTAINER,1/1,585x280x205,550x260x175,Lid Perforated,Base Perforated
Y151.26W,W SERIES CONTAINER,1/1,585x280x265,550x260x235,Lid Perforated,Base Perforated
Y161.10W,W SERIES CONTAINER,1/1,585x280x105,550x260x75,Lid Perforated,Base Perforated
Y161.13W,W SERIES CONTAINER,1/1,585x280x135,550x260x105,Lid Perforated,Base Perforated
Y161.15W,W SERIES CONTAINER,1/1,585x280x155,550x260x125,Lid Perforated,Base Perforated
Y161.20W,W SERIES CONTAINER,1/1,585x280x205,550x260x175,Lid Perforated,Base Perforated
Y161.26W,W SERIES CONTAINER,1/1,585x280x265,550x260x235,Lid Perforated,Base Perforated
Y113.10W,W SERIES CONTAINER,1/1,585x280x105,550x260x75,Lid Safety Lid,Base Perforated
Y113.13W,W SERIES CONTAINER,1/1,585x280x135,550x260x105,Lid Safety Lid,Base Perforated
Y113.15W,W SERIES CONTAINER,1/1,585x280x155,550x260x125,Lid Safety Lid,Base Perforated
Y113.20W,W SERIES CONTAINER,1/1,585x280x205,550x260x175,Lid Safety Lid,Base Perforated
Y113.26W,W SERIES CONTAINER,1/1,585x280x265,550x260x235,Lid Safety Lid,Base Perforated
Y123.10W,W SERIES CONTAINER,1/1,585x280x105,550x260x75,Lid Safety Lid,Base Perforated
Y123.13W,W SERIES CONTAINER,1/1,585x280x135,550x260x105,Lid Safety Lid,Base Perforated
Y123.15W,W SERIES CONTAINER,1/1,585x280x155,550x260x125,Lid Safety Lid,Base Perforated
Y123.20W,W SERIES CONTAINER,1/1,585x280x205,550x260x175,Lid Safety Lid,Base Perforated
Y123.26W,W SERIES CONTAINER,1/1,585x280x265,550x260x235,Lid Safety Lid,Base Perforated
Y133.10W,W SERIES CONTAINER,1/1,585x280x105,550x260x75,Lid Safety Lid,Base Perforated
Y133.13W,W SERIES CONTAINER,1/1,585x280x135,550x260x105,Lid Safety Lid,Base Perforated
Y133.15W,W SERIES CONTAINER,1/1,585x280x155,550x260x125,Lid Safety Lid,Base Perforated
Y133.20W,W SERIES CONTAINER,1/1,585x280x205,550x260x175,Lid Safety Lid,Base Perforated
Y133.26W,W SERIES CONTAINER,1/1,585x280x265,550x260x235,Lid Safety Lid,Base Perforated
Y143.10W,W SERIES CONTAINER,1/1,585x280x105,550x260x75,Lid Safety Lid,Base Perforated
Y143.13W,W SERIES CONTAINER,1/1,585x280x135,550x260x105,Lid Safety Lid,Base Perforated
Y143.15W,W SERIES CONTAINER,1/1,585x280x155,550x260x125,Lid Safety Lid,Base Perforated
Y143.20W,W SERIES CONTAINER,1/1,585x280x205,550x260x175,Lid Safety Lid,Base Perforated
Y143.26W,W SERIES CONTAINER,1/1,585x280x265,550x260x235,Lid Safety Lid,Base Perforated
Y153.10W,W SERIES CONTAINER,1/1,585x280x105,550x260x75,Lid Safety Lid,Base Perforated
Y153.13W,W SERIES CONTAINER,1/1,585x280x135,550x260x105,Lid Safety Lid,Base Perforated
Y153.15W,W SERIES CONTAINER,1/1,585x280x155,550x260x125,Lid Safety Lid,Base Perforated
Y153.20W,W SERIES CONTAINER,1/1,585x280x205,550x260x175,Lid Safety Lid,Base Perforated
Y153.26W,W SERIES CONTAINER,1/1,585x280x265,550x260x235,Lid Safety Lid,Base Perforated
Y163.10W,W SERIES CONTAINER,1/1,585x280x105,550x260x75,Lid Safety Lid,Base Perforated
Y163.13W,W SERIES CONTAINER,1/1,585x280x135,550x260x105,Lid Safety Lid,Base Perforated
Y163.15W,W SERIES CONTAINER,1/1,585x280x155,550x260x125,Lid Safety Lid,Base Perforated
Y163.20W,W SERIES CONTAINER,1/1,585x280x205,550x260x175,Lid Safety Lid,Base Perforated
Y163.26W,W SERIES CONTAINER,1/1,585x280x265,550x260x235,Lid Safety Lid,Base Perforated
Y105.10W,W SERIES BASE,1/1,585x280x90,550x260x85,,Base Closed
Y105.13W,W SERIES BASE,1/1,585x280x120,550x260x115,,Base Closed
Y105.15W,W SERIES BASE,1/1,585x280x140,550x260x135,,Base Closed
Y105.20W,W SERIES BASE,1/1,585x280x190,550x260x185,,Base Closed
Y105.26W,W SERIES BASE,1/1,585x280x250,550x260x245,,Base Closed
Y100.01,W SERIES LID,1/1,585x280,,,Lid Perforated
Y100.02,W SERIES LID,1/1,585x280,,,Lid Perforated
Y100.03,W SERIES LID,1/1,585x280,,,Lid Perforated
Y100.04,W SERIES LID,1/1,585x280,,,Lid Perforated
Y100.05,W SERIES LID,1/1,585x280,,,Lid Perforated
Y100.06,W SERIES LID,1/1,585x280,,,Lid Perforated
Y106.10W,W SERIES BASE,1/1,585x280x90,550x260x75,,Base Perforated
Y106.13W,W SERIES BASE,1/1,585x280x120,550x260x105,,Base Perforated
Y106.15W,W SERIES BASE,1/1,585x280x140,550x260x125,,Base Perforated
Y106.20W,W SERIES BASE,1/1,585x280x190,550x260x175,,Base Perforated
Y106.26W,W SERIES BASE,1/1,585x280x250,550x260x235,,Base Perforated
Y103.01B,W SERIES LID,1/1,585x280,,,Lid Safety Lid
Y103.02B,W SERIES LID,1/1,585x280,,,Lid Safety Lid
Y103.03B,W SERIES LID,1/1,585x280,,,Lid Safety Lid
Y103.04B,W SERIES LID,1/1,585x280,,,Lid Safety Lid
Y103.05B,W SERIES LID,1/1,585x280,,,Lid Safety Lid
Y103.06B,W SERIES LID,1/1,585x280,,,Lid Safety Lid
Y210.10W,W SERIES CONTAINER,3/4,465x280x105,430x260x85,Lid Perforated,Base Closed
Y210.13W,W SERIES CONTAINER,3/4,465x280x135,430x260x115,Lid Perforated,Base Closed
Y210.15W,W SERIES CONTAINER,3/4,465x280x155,430x260x135,Lid Perforated,Base Closed
Y210.20W,W SERIES CONTAINER,3/4,465x280x205,430x260x185,Lid Perforated,Base Closed
Y220.10W,W SERIES CONTAINER,3/4,465x280x105,430x260x85,Lid Perforated,Base Closed
Y220.13W,W SERIES CONTAINER,3/4,465x280x135,430x260x115,Lid Perforated,Base Closed
Y220.15W,W SERIES CONTAINER,3/4,465x280x155,430x260x135,Lid Perforated,Base Closed
Y220.20W,W SERIES CONTAINER,3/4,465x280x205,430x260x185,Lid Perforated,Base Closed
Y230.10W,W SERIES CONTAINER,3/4,465x280x105,430x260x85,Lid Perforated,Base Closed
Y230.13W,W SERIES CONTAINER,3/4,465x280x135,430x260x115,Lid Perforated,Base Closed
Y230.15W,W SERIES CONTAINER,3/4,465x280x155,430x260x135,Lid Perforated,Base Closed
Y230.20W,W SERIES CONTAINER,3/4,465x280x205,430x260x185,Lid Perforated,Base Closed
Y240.10W,W SERIES CONTAINER,3/4,465x280x105,430x260x85,Lid Perforated,Base Closed
Y240.13W,W SERIES CONTAINER,3/4,465x280x135,430x260x115,Lid Perforated,Base Closed
Y240.15W,W SERIES CONTAINER,3/4,465x280x155,430x260x135,Lid Perforated,Base Closed
Y240.20W,W SERIES CONTAINER,3/4,465x280x205,430x260x185,Lid Perforated,Base Closed
Y250.10W,W SERIES CONTAINER,3/4,465x280x105,430x260x85,Lid Perforated,Base Closed
Y250.13W,W SERIES CONTAINER,3/4,465x280x135,430x260x115,Lid Perforated,Base Closed
Y250.15W,W SERIES CONTAINER,3/4,465x280x155,430x260x135,Lid Perforated,Base Closed
Y250.20W,W SERIES CONTAINER,3/4,465x280x205,430x260x185,Lid Perforated,Base Closed
Y260.10W,W SERIES CONTAINER,3/4,465x280x105,430x260x85,Lid Perforated,Base Closed
Y260.13W,W SERIES CONTAINER,3/4,465x280x135,430x260x115,Lid Perforated,Base Closed
Y260.15W,W SERIES CONTAINER,3/4,465x280x155,430x260x135,Lid Perforated,Base Closed
Y260.20W,W SERIES CONTAINER,3/4,465x280x205,430x260x185,Lid Perforated,Base Closed
Y212.10W,W SERIES CONTAINER,3/4,465x280x105,430x260x85,Lid Safety Lid,Base Closed
Y212.13W,W SERIES CONTAINER,3/4,465x280x135,430x260x115,Lid Safety Lid,Base Closed
Y212.15W,W SERIES CONTAINER,3/4,465x280x155,430x260x135,Lid Safety Lid,Base Closed
Y212.20W,W SERIES CONTAINER,3/4,465x280x205,430x260x185,Lid Safety Lid,Base Closed
Y222.10W,W SERIES CONTAINER,3/4,465x280x105,430x260x85,Lid Safety Lid,Base Closed
Y222.13W,W SERIES CONTAINER,3/4,465x280x135,430x260x115,Lid Safety Lid,Base Closed
Y222.15W,W SERIES CONTAINER,3/4,465x280x155,430x260x135,Lid Safety Lid,Base Closed
Y222.20W,W SERIES CONTAINER,3/4,465x280x205,430x260x185,Lid Safety Lid,Base Closed
Y232.10W,W SERIES CONTAINER,3/4,465x280x105,430x260x85,Lid Safety Lid,Base Closed
Y232.13W,W SERIES CONTAINER,3/4,465x280x135,430x260x115,Lid Safety Lid,Base Closed
Y232.15W,W SERIES CONTAINER,3/4,465x280x155,430x260x135,Lid Safety Lid,Base Closed
Y232.20W,W SERIES CONTAINER,3/4,465x280x205,430x260x185,Lid Safety Lid,Base Closed
Y242.10W,W SERIES CONTAINER,3/4,465x280x105,430x260x85,Lid Safety Lid,Base Closed
Y242.13W,W SERIES CONTAINER,3/4,465x280x135,430x260x115,Lid Safety Lid,Base Closed
Y242.15W,W SERIES CONTAINER,3/4,465x280x155,430x260x135,Lid Safety Lid,Base Closed
Y242.20W,W SERIES CONTAINER,3/4,465x280x205,430x260x185,Lid Safety Lid,Base Closed
Y252.10W,W SERIES CONTAINER,3/4,465x280x105,430x260x85,Lid Safety Lid,Base Closed
Y252.13W,W SERIES CONTAINER,3/4,465x280x135,430x260x115,Lid Safety Lid,Base Closed
Y252.15W,W SERIES CONTAINER,3/4,465x280x155,430x260x135,Lid Safety Lid,Base Closed
Y252.20W,W SERIES CONTAINER,3/4,465x280x205,430x260x185,Lid Safety Lid,Base Closed
Y262.10W,W SERIES CONTAINER,3/4,465x280x105,430x260x85,Lid Safety Lid,Base Closed
Y262.13W,W SERIES CONTAINER,3/4,465x280x135,430x260x115,Lid Safety Lid,Base Closed
Y262.15W,W SERIES CONTAINER,3/4,465x280x155,430x260x135,Lid Safety Lid,Base Closed
Y262.20W,W SERIES CONTAINER,3/4,465x280x205,430x260x185,Lid Safety Lid,Base Closed
Y211.10W,W SERIES CONTAINER,3/4,465x280x105,430x260x75,Lid Perforated,Base Perforated
Y211.13W,W SERIES CONTAINER,3/4,465x280x135,430x260x105,Lid Perforated,Base Perforated
Y211.15W,W SERIES CONTAINER,3/4,465x280x155,430x260x125,Lid Perforated,Base Perforated
Y211.20W,W SERIES CONTAINER,3/4,465x280x205,430x260x175,Lid Perforated,Base Perforated
Y221.10W,W SERIES CONTAINER,3/4,465x280x105,430x260x75,Lid Perforated,Base Perforated
Y221.13W,W SERIES CONTAINER,3/4,465x280x135,430x260x105,Lid Perforated,Base Perforated
Y221.15W,W SERIES CONTAINER,3/4,465x280x155,430x260x125,Lid Perforated,Base Perforated
Y221.20W,W SERIES CONTAINER,3/4,465x280x205,430x260x175,Lid Perforated,Base Perforated
Y231.10W,W SERIES CONTAINER,3/4,465x280x105,430x260x75,Lid Perforated,Base Perforated
Y231.13W,W SERIES CONTAINER,3/4,465x280x135,430x260x105,Lid Perforated,Base Perforated
Y231.15W,W SERIES CONTAINER,3/4,465x280x155,430x260x125,Lid Perforated,Base Perforated
Y231.20W,W SERIES CONTAINER,3/4,465x280x205,430x260x175,Lid Perforated,Base Perforated
Y241.10W,W SERIES CONTAINER,3/4,465x280x105,430x260x75,Lid Perforated,Base Perforated
Y241.13W,W SERIES CONTAINER,3/4,465x280x135,430x260x105,Lid Perforated,Base Perforated
Y241.15W,W SERIES CONTAINER,3/4,465x280x155,430x260x125,Lid Perforated,Base Perforated
Y241.20W,W SERIES CONTAINER,3/4,465x280x205,430x260x175,Lid Perforated,Base Perforated
Y251.10W,W SERIES CONTAINER,3/4,465x280x105,430x260x75,Lid Perforated,Base Perforated
Y251.13W,W SERIES CONTAINER,3/4,465x280x135,430x260x105,Lid Perforated,Base Perforated
Y251.15W,W SERIES CONTAINER,3/4,465x280x155,430x260x125,Lid Perforated,Base Perforated
Y251.20W,W SERIES CONTAINER,3/4,465x280x205,430x260x175,Lid Perforated,Base Perforated
Y261.10W,W SERIES CONTAINER,3/4,465x280x105,430x260x75,Lid Perforated,Base Perforated
Y261.13W,W SERIES CONTAINER,3/4,465x280x135,430x260x105,Lid Perforated,Base Perforated
Y261.15W,W SERIES CONTAINER,3/4,465x280x155,430x260x125,Lid Perforated,Base Perforated
Y261.20W,W SERIES CONTAINER,3/4,465x280x205,430x260x175,Lid Perforated,Base Perforated
Y213.10W,W SERIES CONTAINER,3/4,465x280x105,430x260x75,Lid Safety Lid,Base Perforated
Y213.13W,W SERIES CONTAINER,3/4,465x280x135,430x260x105,Lid Safety Lid,Base Perforated
Y213.15W,W SERIES CONTAINER,3/4,465x280x155,430x260x125,Lid Safety Lid,Base Perforated
Y213.20W,W SERIES CONTAINER,3/4,465x280x205,430x260x175,Lid Safety Lid,Base Perforated
Y223.10W,W SERIES CONTAINER,3/4,465x280x105,430x260x75,Lid Safety Lid,Base Perforated
Y223.13W,W SERIES CONTAINER,3/4,465x280x135,430x260x105,Lid Safety Lid,Base Perforated
Y223.15W,W SERIES CONTAINER,3/4,465x280x155,430x260x125,Lid Safety Lid,Base Perforated
Y223.20W,W SERIES CONTAINER,3/4,465x280x205,430x260x175,Lid Safety Lid,Base Perforated
Y233.10W,W SERIES CONTAINER,3/4,465x280x105,430x260x75,Lid Safety Lid,Base Perforated
Y233.13W,W SERIES CONTAINER,3/4,465x280x135,430x260x105,Lid Safety Lid,Base Perforated
Y233.15W,W SERIES CONTAINER,3/4,465x280x155,430x260x125,Lid Safety Lid,Base Perforated
Y233.20W,W SERIES CONTAINER,3/4,465x280x205,430x260x175,Lid Safety Lid,Base Perforated
Y243.10W,W SERIES CONTAINER,3/4,465x280x105,430x260x75,Lid Safety Lid,Base Perforated
Y243.13W,W SERIES CONTAINER,3/4,465x280x135,430x260x105,Lid Safety Lid,Base Perforated
Y243.15W,W SERIES CONTAINER,3/4,465x280x155,430x260x125,Lid Safety Lid,Base Perforated
Y243.20W,W SERIES CONTAINER,3/4,465x280x205,430x260x175,Lid Safety Lid,Base Perforated
Y253.10W,W SERIES CONTAINER,3/4,465x280x105,430x260x75,Lid Safety Lid,Base Perforated
Y253.13W,W SERIES CONTAINER,3/4,465x280x135,430x260x105,Lid Safety Lid,Base Perforated
Y253.15W,W SERIES CONTAINER,3/4,465x280x155,430x260x125,Lid Safety Lid,Base Perforated
Y253.20W,W SERIES CONTAINER,3/4,465x280x205,430x260x175,Lid Safety Lid,Base Perforated
Y263.10W,W SERIES CONTAINER,3/4,465x280x105,430x260x75,Lid Safety Lid,Base Perforated
Y263.13W,W SERIES CONTAINER,3/4,465x280x135,430x260x105,Lid Safety Lid,Base Perforated
Y263.15W,W SERIES CONTAINER,3/4,465x280x155,430x260x125,Lid Safety Lid,Base Perforated
Y263.20W,W SERIES CONTAINER,3/4,465x280x205,430x260x175,Lid Safety Lid,Base Perforated
Y205.10W,W SERIES BASE,3/4,465x280x90,430x260x85,,Base Closed
Y205.13W,W SERIES BASE,3/4,465x280x120,430x260x115,,Base Closed
Y205.15W,W SERIES BASE,3/4,465x280x140,430x260x135,,Base Closed
Y205.20W,W SERIES BASE,3/4,465x280x190,430x260x185,,Base Closed
Y200.01,W SERIES LID,3/4,465x280,,,Lid Perforated
Y200.02,W SERIES LID,3/4,465x280,,,Lid Perforated
Y200.03,W SERIES LID,3/4,465x280,,,Lid Perforated
Y200.04,W SERIES LID,3/4,465x280,,,Lid Perforated
Y200.05,W SERIES LID,3/4,465x280,,,Lid Perforated
Y200.06,W SERIES LID,3/4,465x280,,,Lid Perforated
Y206.10W,W SERIES BASE,3/4,465x280x90,430x260x75,,Base Perforated
Y206.13W,W SERIES BASE,3/4,465x280x120,430x260x105,,Base Perforated
Y206.15W,W SERIES BASE,3/4,465x280x140,430x260x125,,Base Perforated
Y206.20W,W SERIES BASE,3/4,465x280x190,430x260x175,,Base Perforated
Y203.01B,W SERIES LID,3/4,465x280,,,Lid Safety Lid
Y203.02B,W SERIES LID,3/4,465x280,,,Lid Safety Lid
Y203.03B,W SERIES LID,3/4,465x280,,,Lid Safety Lid
Y203.04B,W SERIES LID,3/4,465x280,,,Lid Safety Lid
Y203.05B,W SERIES LID,3/4,465x280,,,Lid Safety Lid
Y203.06B,W SERIES LID,3/4,465x280,,,Lid Safety Lid
Y310.10W,W SERIES CONTAINER,1/2,295x280x105,260x260x85,Lid Perforated,Base Closed
Y310.13W,W SERIES CONTAINER,1/2,295x280x135,260x260x115,Lid Perforated,Base Closed
Y310.15W,W SERIES CONTAINER,1/2,295x280x155,260x260x135,Lid Perforated,Base Closed
Y310.20W,W SERIES CONTAINER,1/2,295x280x205,260x260x185,Lid Perforated,Base Closed
Y310.26W,W SERIES CONTAINER,1/2,295x280x265,260x260x245,Lid Perforated,Base Closed
Y320.10W,W SERIES CONTAINER,1/2,295x280x105,260x260x85,Lid Perforated,Base Closed
Y320.13W,W SERIES CONTAINER,1/2,295x280x135,260x260x115,Lid Perforated,Base Closed
Y320.15W,W SERIES CONTAINER,1/2,295x280x155,260x260x135,Lid Perforated,Base Closed
Y320.20W,W SERIES CONTAINER,1/2,295x280x205,260x260x185,Lid Perforated,Base Closed
Y320.26W,W SERIES CONTAINER,1/2,295x280x265,260x260x245,Lid Perforated,Base Closed
Y330.10W,W SERIES CONTAINER,1/2,295x280x105,260x260x85,Lid Perforated,Base Closed
Y330.13W,W SERIES CONTAINER,1/2,295x280x135,260x260x115,Lid Perforated,Base Closed
Y330.15W,W SERIES CONTAINER,1/2,295x280x155,260x260x135,Lid Perforated,Base Closed
Y330.20W,W SERIES CONTAINER,1/2,295x280x205,260x260x185,Lid Perforated,Base Closed
Y330.26W,W SERIES CONTAINER,1/2,295x280x265,260x260x245,Lid Perforated,Base Closed
Y340.10W,W SERIES CONTAINER,1/2,295x280x105,260x260x85,Lid Perforated,Base Closed
Y340.13W,W SERIES CONTAINER,1/2,295x280x135,260x260x115,Lid Perforated,Base Closed
Y340.15W,W SERIES CONTAINER,1/2,295x280x155,260x260x135,Lid Perforated,Base Closed
Y340.20W,W SERIES CONTAINER,1/2,295x280x205,260x260x185,Lid Perforated,Base Closed
Y340.26W,W SERIES CONTAINER,1/2,295x280x265,260x260x245,Lid Perforated,Base Closed
Y350.10W,W SERIES CONTAINER,1/2,295x280x105,260x260x85,Lid Perforated,Base Closed
Y350.13W,W SERIES CONTAINER,1/2,295x280x135,260x260x115,Lid Perforated,Base Closed
Y350.15W,W SERIES CONTAINER,1/2,295x280x155,260x260x135,Lid Perforated,Base Closed
Y350.20W,W SERIES CONTAINER,1/2,295x280x205,260x260x185,Lid Perforated,Base Closed
Y350.26W,W SERIES CONTAINER,1/2,295x280x265,260x260x245,Lid Perforated,Base Closed
Y360.10W,W SERIES CONTAINER,1/2,295x280x105,260x260x85,Lid Perforated,Base Closed
Y360.13W,W SERIES CONTAINER,1/2,295x280x135,260x260x115,Lid Perforated,Base Closed
Y360.15W,W SERIES CONTAINER,1/2,295x280x155,260x260x135,Lid Perforated,Base Closed
Y360.20W,W SERIES CONTAINER,1/2,295x280x205,260x260x185,Lid Perforated,Base Closed
Y360.26W,W SERIES CONTAINER,1/2,295x280x265,260x260x245,Lid Perforated,Base Closed
Y312.10W,W SERIES CONTAINER,1/2,295x280x105,260x260x85,Lid Safety Lid,Base Closed
Y312.13W,W SERIES CONTAINER,1/2,295x280x135,260x260x115,Lid Safety Lid,Base Closed
Y312.15W,W SERIES CONTAINER,1/2,295x280x155,260x260x135,Lid Safety Lid,Base Closed
Y312.20W,W SERIES CONTAINER,1/2,295x280x205,260x260x185,Lid Safety Lid,Base Closed
Y312.26W,W SERIES CONTAINER,1/2,295x280x265,260x260x245,Lid Safety Lid,Base Closed
Y322.10W,W SERIES CONTAINER,1/2,295x280x105,260x260x85,Lid Safety Lid,Base Closed
Y322.13W,W SERIES CONTAINER,1/2,295x280x135,260x260x115,Lid Safety Lid,Base Closed
Y322.15W,W SERIES CONTAINER,1/2,295x280x155,260x260x135,Lid Safety Lid,Base Closed
Y322.20W,W SERIES CONTAINER,1/2,295x280x205,260x260x185,Lid Safety Lid,Base Closed
Y322.26W,W SERIES CONTAINER,1/2,295x280x265,260x260x245,Lid Safety Lid,Base Closed
Y332.10W,W SERIES CONTAINER,1/2,295x280x105,260x260x85,Lid Safety Lid,Base Closed
Y332.13W,W SERIES CONTAINER,1/2,295x280x135,260x260x115,Lid Safety Lid,Base Closed
Y332.15W,W SERIES CONTAINER,1/2,295x280x155,260x260x135,Lid Safety Lid,Base Closed
Y332.20W,W SERIES CONTAINER,1/2,295x280x205,260x260x185,Lid Safety Lid,Base Closed
Y332.26W,W SERIES CONTAINER,1/2,295x280x265,260x260x245,Lid Safety Lid,Base Closed
Y342.10W,W SERIES CONTAINER,1/2,295x280x105,260x260x85,Lid Safety Lid,Base Closed
Y342.13W,W SERIES CONTAINER,1/2,295x280x135,260x260x115,Lid Safety Lid,Base Closed
Y342.15W,W SERIES CONTAINER,1/2,295x280x155,260x260x135,Lid Safety Lid,Base Closed
Y342.20W,W SERIES CONTAINER,1/2,295x280x205,260x260x185,Lid Safety Lid,Base Closed
Y342.26W,W SERIES CONTAINER,1/2,295x280x265,260x260x245,Lid Safety Lid,Base Closed
Y352.10W,W SERIES CONTAINER,1/2,295x280x105,260x260x85,Lid Safety Lid,Base Closed
Y352.13W,W SERIES CONTAINER,1/2,295x280x135,260x260x115,Lid Safety Lid,Base Closed
Y352.15W,W SERIES CONTAINER,1/2,295x280x155,260x260x135,Lid Safety Lid,Base Closed
Y352.20W,W SERIES CONTAINER,1/2,295x280x205,260x260x185,Lid Safety Lid,Base Closed
Y352.26W,W SERIES CONTAINER,1/2,295x280x265,260x260x245,Lid Safety Lid,Base Closed
Y362.10W,W SERIES CONTAINER,1/2,295x280x105,260x260x85,Lid Safety Lid,Base Closed
Y362.13W,W SERIES CONTAINER,1/2,295x280x135,260x260x115,Lid Safety Lid,Base Closed
Y362.15W,W SERIES CONTAINER,1/2,295x280x155,260x260x135,Lid Safety Lid,Base Closed
Y362.20W,W SERIES CONTAINER,1/2,295x280x205,260x260x185,Lid Safety Lid,Base Closed
Y362.26W,W SERIES CONTAINER,1/2,295x280x265,260x260x245,Lid Safety Lid,Base Closed
Y311.10W,W SERIES CONTAINER,1/2,295x280x105,260x260x75,Lid Perforated,Base Perforated
Y311.13W,W SERIES CONTAINER,1/2,295x280x135,260x260x105,Lid Perforated,Base Perforated
Y311.15W,W SERIES CONTAINER,1/2,295x280x155,260x260x125,Lid Perforated,Base Perforated
Y311.20W,W SERIES CONTAINER,1/2,295x280x205,260x260x175,Lid Perforated,Base Perforated
Y311.26W,W SERIES CONTAINER,1/2,295x280x265,260x260x235,Lid Perforated,Base Perforated
Y321.10W,W SERIES CONTAINER,1/2,295x280x105,260x260x75,Lid Perforated,Base Perforated
Y321.13W,W SERIES CONTAINER,1/2,295x280x135,260x260x105,Lid Perforated,Base Perforated
Y321.15W,W SERIES CONTAINER,1/2,295x280x155,260x260x125,Lid Perforated,Base Perforated
Y321.20W,W SERIES CONTAINER,1/2,295x280x205,260x260x175,Lid Perforated,Base Perforated
Y321.26W,W SERIES CONTAINER,1/2,295x280x265,260x260x235,Lid Perforated,Base Perforated
Y331.10W,W SERIES CONTAINER,1/2,295x280x105,260x260x75,Lid Perforated,Base Perforated
Y331.13W,W SERIES CONTAINER,1/2,295x280x135,260x260x105,Lid Perforated,Base Perforated
Y331.15W,W SERIES CONTAINER,1/2,295x280x155,260x260x125,Lid Perforated,Base Perforated
Y331.20W,W SERIES CONTAINER,1/2,295x280x205,260x260x175,Lid Perforated,Base Perforated
Y331.26W,W SERIES CONTAINER,1/2,295x280x265,260x260x235,Lid Perforated,Base Perforated
Y341.10W,W SERIES CONTAINER,1/2,295x280x105,260x260x75,Lid Perforated,Base Perforated
Y341.13W,W SERIES CONTAINER,1/2,295x280x135,260x260x105,Lid Perforated,Base Perforated
Y341.15W,W SERIES CONTAINER,1/2,295x280x155,260x260x125,Lid Perforated,Base Perforated
Y341.20W,W SERIES CONTAINER,1/2,295x280x205,260x260x175,Lid Perforated,Base Perforated
Y341.26W,W SERIES CONTAINER,1/2,295x280x265,260x260x235,Lid Perforated,Base Perforated
Y351.10W,W SERIES CONTAINER,1/2,295x280x105,260x260x75,Lid Perforated,Base Perforated
Y351.13W,W SERIES CONTAINER,1/2,295x280x135,260x260x105,Lid Perforated,Base Perforated
Y351.15W,W SERIES CONTAINER,1/2,295x280x155,260x260x125,Lid Perforated,Base Perforated
Y351.20W,W SERIES CONTAINER,1/2,295x280x205,260x260x175,Lid Perforated,Base Perforated
Y351.26W,W SERIES CONTAINER,1/2,295x280x265,260x260x235,Lid Perforated,Base Perforated
Y361.10W,W SERIES CONTAINER,1/2,295x280x105,260x260x75,Lid Perforated,Base Perforated
Y361.13W,W SERIES CONTAINER,1/2,295x280x135,260x260x105,Lid Perforated,Base Perforated
Y361.15W,W SERIES CONTAINER,1/2,295x280x155,260x260x125,Lid Perforated,Base Perforated
Y361.20W,W SERIES CONTAINER,1/2,295x280x205,260x260x175,Lid Perforated,Base Perforated
Y361.26W,W SERIES CONTAINER,1/2,295x280x265,260x260x235,Lid Perforated,Base Perforated
Y313.10W,W SERIES CONTAINER,1/2,295x280x105,260x260x75,Lid Safety Lid,Base Perforated
Y313.13W,W SERIES CONTAINER,1/2,295x280x135,260x260x105,Lid Safety Lid,Base Perforated
Y313.15W,W SERIES CONTAINER,1/2,295x280x155,260x260x125,Lid Safety Lid,Base Perforated
Y313.20W,W SERIES CONTAINER,1/2,295x280x205,260x260x175,Lid Safety Lid,Base Perforated
Y313.26W,W SERIES CONTAINER,1/2,295x280x265,260x260x235,Lid Safety Lid,Base Perforated
Y323.10W,W SERIES CONTAINER,1/2,295x280x105,260x260x75,Lid Safety Lid,Base Perforated
Y323.13W,W SERIES CONTAINER,1/2,295x280x135,260x260x105,Lid Safety Lid,Base Perforated
Y323.15W,W SERIES CONTAINER,1/2,295x280x155,260x260x125,Lid Safety Lid,Base Perforated
Y323.20W,W SERIES CONTAINER,1/2,295x280x205,260x260x175,Lid Safety Lid,Base Perforated
Y323.26W,W SERIES CONTAINER,1/2,295x280x265,260x260x235,Lid Safety Lid,Base Perforated
Y333.10W,W SERIES CONTAINER,1/2,295x280x105,260x260x75,Lid Safety Lid,Base Perforated
Y333.13W,W SERIES CONTAINER,1/2,295x280x135,260x260x105,Lid Safety Lid,Base Perforated
Y333.15W,W SERIES CONTAINER,1/2,295x280x155,260x260x125,Lid Safety Lid,Base Perforated
Y333.20W,W SERIES CONTAINER,1/2,295x280x205,260x260x175,Lid Safety Lid,Base Perforated
Y333.26W,W SERIES CONTAINER,1/2,295x280x265,260x260x235,Lid Safety Lid,Base Perforated
Y343.10W,W SERIES CONTAINER,1/2,295x280x105,260x260x75,Lid Safety Lid,Base Perforated
Y343.13W,W SERIES CONTAINER,1/2,295x280x135,260x260x105,Lid Safety Lid,Base Perforated
Y343.15W,W SERIES CONTAINER,1/2,295x280x155,260x260x125,Lid Safety Lid,Base Perforated
Y343.20W,W SERIES CONTAINER,1/2,295x280x205,260x260x175,Lid Safety Lid,Base Perforated
Y343.26W,W SERIES CONTAINER,1/2,295x280x265,260x260x235,Lid Safety Lid,Base Perforated
Y353.10W,W SERIES CONTAINER,1/2,295x280x105,260x260x75,Lid Safety Lid,Base Perforated
Y353.13W,W SERIES CONTAINER,1/2,295x280x135,260x260x105,Lid Safety Lid,Base Perforated
Y353.15W,W SERIES CONTAINER,1/2,295x280x155,260x260x125,Lid Safety Lid,Base Perforated
Y353.20W,W SERIES CONTAINER,1/2,295x280x205,260x260x175,Lid Safety Lid,Base Perforated
Y353.26W,W SERIES CONTAINER,1/2,295x280x265,260x260x235,Lid Safety Lid,Base Perforated
Y363.10W,W SERIES CONTAINER,1/2,295x280x105,260x260x75,Lid Safety Lid,Base Perforated
Y363.13W,W SERIES CONTAINER,1/2,295x280x135,260x260x105,Lid Safety Lid,Base Perforated
Y363.15W,W SERIES CONTAINER,1/2,295x280x155,260x260x125,Lid Safety Lid,Base Perforated
Y363.20W,W SERIES CONTAINER,1/2,295x280x205,260x260x175,Lid Safety Lid,Base Perforated
Y363.26W,W SERIES CONTAINER,1/2,295x280x265,260x260x235,Lid Safety Lid,Base Perforated
Y305.10W,W SERIES BASE,1/2,295x280x90,260x260x85,,Base Closed
Y305.13W,W SERIES BASE,1/2,295x280x120,260x260x115,,Base Closed
Y305.15W,W SERIES BASE,1/2,295x280x140,260x260x135,,Base Closed
Y305.20W,W SERIES BASE,1/2,295x280x190,260x260x185,,Base Closed
Y305.26W,W SERIES BASE,1/2,295x280x250,260x260x245,,Base Closed
Y300.01,W SERIES LID,1/2,295x280,,,Lid Perforated
Y300.02,W SERIES LID,1/2,295x280,,,Lid Perforated
Y300.03,W SERIES LID,1/2,295x280,,,Lid Perforated
Y300.04,W SERIES LID,1/2,295x280,,,Lid Perforated
Y300.05,W SERIES LID,1/2,295x280,,,Lid Perforated
Y300.06,W SERIES LID,1/2,295x280,,,Lid Perforated
Y306.10W,W SERIES BASE,1/2,295x280x90,260x260x75,,Base Perforated
Y306.13W,W SERIES BASE,1/2,295x280x120,260x260x105,,Base Perforated
Y306.15W,W SERIES BASE,1/2,295x280x140,260x260x125,,Base Perforated
Y306.20W,W SERIES BASE,1/2,295x280x190,260x260x175,,Base Perforated
Y306.26W,W SERIES BASE,1/2,295x280x250,260x260x235,,Base Perforated
Y303.01B,W SERIES LID,1/2,295x280,,,Lid Safety Lid
Y303.02B,W SERIES LID,1/2,295x280,,,Lid Safety Lid
Y303.03B,W SERIES LID,1/2,295x280,,,Lid Safety Lid
Y303.04B,W SERIES LID,1/2,295x280,,,Lid Safety Lid
Y303.05B,W SERIES LID,1/2,295x280,,,Lid Safety Lid
Y303.06B,W SERIES LID,1/2,295x280,,,Lid Safety Lid
Y110.62,S SERIES CONTAINER,WIDE BODY,600x400x125,565x380x105,Lid Perforated,Base Closed
Y120.62,S SERIES CONTAINER,WIDE BODY,600x400x125,565x380x105,Lid Perforated,Base Closed
Y130.62,S SERIES CONTAINER,WIDE BODY,600x400x125,565x380x105,Lid Perforated,Base Closed
Y140.62,S SERIES CONTAINER,WIDE BODY,600x400x125,565x380x105,Lid Perforated,Base Closed
Y150.62,S SERIES CONTAINER,WIDE BODY,600x400x125,565x380x105,Lid Perforated,Base Closed
Y160.62,S SERIES CONTAINER,WIDE BODY,600x400x125,565x380x105,Lid Perforated,Base Closed
Y110.68,S SERIES CONTAINER,WIDE BODY,600x400x185,565x380x165,Lid Perforated,Base Closed
Y120.68,S SERIES CONTAINER,WIDE BODY,600x400x185,565x380x165,Lid Perforated,Base Closed
Y130.68,S SERIES CONTAINER,WIDE BODY,600x400x185,565x380x165,Lid Perforated,Base Closed
Y140.68,S SERIES CONTAINER,WIDE BODY,600x400x185,565x380x165,Lid Perforated,Base Closed
Y150.68,S SERIES CONTAINER,WIDE BODY,600x400x185,565x380x165,Lid Perforated,Base Closed
Y160.68,S SERIES CONTAINER,WIDE BODY,600x400x185,565x380x165,Lid Perforated,Base Closed
Y111.62,S SERIES CONTAINER,WIDE BODY,600x400x125,565x380x95,Lid Perforated,Base Perforated
Y121.62,S SERIES CONTAINER,WIDE BODY,600x400x125,565x380x95,Lid Perforated,Base Perforated
Y131.62,S SERIES CONTAINER,WIDE BODY,600x400x125,565x380x95,Lid Perforated,Base Perforated
Y141.62,S SERIES CONTAINER,WIDE BODY,600x400x125,565x380x95,Lid Perforated,Base Perforated
Y151.62,S SERIES CONTAINER,WIDE BODY,600x400x125,565x380x95,Lid Perforated,Base Perforated
Y161.62,S SERIES CONTAINER,WIDE BODY,600x400x125,565x380x95,Lid Perforated,Base Perforated
Y111.68,S SERIES CONTAINER,WIDE BODY,600x400x185,565x380x155,Lid Perforated,Base Perforated
Y121.68,S SERIES CONTAINER,WIDE BODY,600x400x185,565x380x155,Lid Perforated,Base Perforated
Y131.68,S SERIES CONTAINER,WIDE BODY,600x400x185,565x380x155,Lid Perforated,Base Perforated
Y141.68,S SERIES CONTAINER,WIDE BODY,600x400x185,565x380x155,Lid Perforated,Base Perforated
Y151.68,S SERIES CONTAINER,WIDE BODY,600x400x185,565x380x155,Lid Perforated,Base Perforated
Y161.68,S SERIES CONTAINER,WIDE BODY,600x400x185,565x380x155,Lid Perforated,Base Perforated
Y105.62,S SERIES BASE,WIDE BODY,600x400x110,565x380x105,,Base Closed
Y105.68,S SERIES BASE,WIDE BODY,600x400x170,565x380x165,,Base Closed
Y100.51,S SERIES LID,WIDE BODY,600x400,,,Lid Perforated
Y100.52,S SERIES LID,WIDE BODY,600x400,,,Lid Perforated
Y100.53,S SERIES LID,WIDE BODY,600x400,,,Lid Perforated
Y100.54,S SERIES LID,WIDE BODY,600x400,,,Lid Perforated
Y100.55,S SERIES LID,WIDE BODY,600x400,,,Lid Perforated
Y100.56,S SERIES LID,WIDE BODY,600x400,,,Lid Perforated
Y310.05A,A SERIES CONTAINER,FLAT,300x280x55,270x270x45,Lid Perforated,Base Closed
Y320.05A,A SERIES CONTAINER,FLAT,300x280x55,270x270x45,Lid Perforated,Base Closed
Y330.05A,A SERIES CONTAINER,FLAT,300x280x55,270x270x45,Lid Perforated,Base Closed
Y340.05A,A SERIES CONTAINER,FLAT,300x280x55,270x270x45,Lid Perforated,Base Closed
Y350.05A,A SERIES CONTAINER,FLAT,300x280x55,270x270x45,Lid Perforated,Base Closed
Y360.05A,A SERIES CONTAINER,FLAT,300x280x55,270x270x45,Lid Perforated,Base Closed
Y310.08A,A SERIES CONTAINER,FLAT,300x280x85,270x270x75,Lid Perforated,Base Closed
Y320.08A,A SERIES CONTAINER,FLAT,300x280x85,270x270x75,Lid Perforated,Base Closed
Y330.08A,A SERIES CONTAINER,FLAT,300x280x85,270x270x75,Lid Perforated,Base Closed
Y340.08A,A SERIES CONTAINER,FLAT,300x280x85,270x270x75,Lid Perforated,Base Closed
Y350.08A,A SERIES CONTAINER,FLAT,300x280x85,270x270x75,Lid Perforated,Base Closed
Y360.08A,A SERIES CONTAINER,FLAT,300x280x85,270x270x75,Lid Perforated,Base Closed
Y311.08A,A SERIES CONTAINER,FLAT,300x280x85,270x270x75,Lid Perforated,Base Perforated
Y321.08A,A SERIES CONTAINER,FLAT,300x280x85,270x270x75,Lid Perforated,Base Perforated
Y331.08A,A SERIES CONTAINER,FLAT,300x280x85,270x270x75,Lid Perforated,Base Perforated
Y341.08A,A SERIES CONTAINER,FLAT,300x280x85,270x270x75,Lid Perforated,Base Perforated
Y351.08A,A SERIES CONTAINER,FLAT,300x280x85,270x270x75,Lid Perforated,Base Perforated
Y361.08A,A SERIES CONTAINER,FLAT,300x280x85,270x270x75,Lid Perforated,Base Perforated
Y305.05A,A SERIES BASE,FLAT,300x280x45,270x270x45,,Base Closed
Y305.08A,A SERIES BASE,FLAT,300x280x75,270x270x75,,Base Closed
Y306.08A,A SERIES BASE,FLAT,300x280x75,270x270x65,,Base Perforated
Y304.01A,A SERIES LID,FLAT,300x280,,,Lid Perforated
Y304.02A,A SERIES LID,FLAT,300x280,,,Lid Perforated
Y304.03A,A SERIES LID,FLAT,300x280,,,Lid Perforated
Y304.04A,A SERIES LID,FLAT,300x280,,,Lid Perforated
Y304.05A,A SERIES LID,FLAT,300x280,,,Lid Perforated
Y304.06A,A SERIES LID,FLAT,300x280,,,Lid Perforated
Y410.04A,A SERIES CONTAINER,MINI,310x140x45,280x130x40,Lid Perforated,Base Closed
Y420.04A,A SERIES CONTAINER,MINI,310x140x45,280x130x40,Lid Perforated,Base Closed
Y430.04A,A SERIES CONTAINER,MINI,310x140x45,280x130x40,Lid Perforated,Base Closed
Y440.04A,A SERIES CONTAINER,MINI,310x140x45,280x130x40,Lid Perforated,Base Closed
Y450.04A,A SERIES CONTAINER,MINI,310x140x45,280x130x40,Lid Perforated,Base Closed
Y460.04A,A SERIES CONTAINER,MINI,310x140x45,280x130x40,Lid Perforated,Base Closed
Y410.07A,A SERIES CONTAINER,MINI,310x140x75,280x130x70,Lid Perforated,Base Closed
Y420.07A,A SERIES CONTAINER,MINI,310x140x75,280x130x70,Lid Perforated,Base Closed
Y430.07A,A SERIES CONTAINER,MINI,310x140x75,280x130x70,Lid Perforated,Base Closed
Y440.07A,A SERIES CONTAINER,MINI,310x140x75,280x130x70,Lid Perforated,Base Closed
Y450.07A,A SERIES CONTAINER,MINI,310x140x75,280x130x70,Lid Perforated,Base Closed
Y460.07A,A SERIES CONTAINER,MINI,310x140x75,280x130x70,Lid Perforated,Base Closed
Y410.10A,A SERIES CONTAINER,MINI,310x140x105,280x130x100,Lid Perforated,Base Closed
Y420.10A,A SERIES CONTAINER,MINI,310x140x105,280x130x100,Lid Perforated,Base Closed
Y430.10A,A SERIES CONTAINER,MINI,310x140x105,280x130x100,Lid Perforated,Base Closed
Y440.10A,A SERIES CONTAINER,MINI,310x140x105,280x130x100,Lid Perforated,Base Closed
Y450.10A,A SERIES CONTAINER,MINI,310x140x105,280x130x100,Lid Perforated,Base Closed
Y460.10A,A SERIES CONTAINER,MINI,310x140x105,280x130x100,Lid Perforated,Base Closed
Y411.04A,A SERIES CONTAINER,MINI,310x140x45,280x130x40,Lid Perforated,Base Perforated
Y421.04A,A SERIES CONTAINER,MINI,310x140x45,280x130x40,Lid Perforated,Base Perforated
Y431.04A,A SERIES CONTAINER,MINI,310x140x45,280x130x40,Lid Perforated,Base Perforated
Y441.04A,A SERIES CONTAINER,MINI,310x140x45,280x130x40,Lid Perforated,Base Perforated
Y451.04A,A SERIES CONTAINER,MINI,310x140x45,280x130x40,Lid Perforated,Base Perforated
Y461.04A,A SERIES CONTAINER,MINI,310x140x45,280x130x40,Lid Perforated,Base Perforated
Y411.07A,A SERIES CONTAINER,MINI,310x140x75,280x130x70,Lid Perforated,Base Perforated
Y421.07A,A SERIES CONTAINER,MINI,310x140x75,280x130x70,Lid Perforated,Base Perforated
Y431.07A,A SERIES CONTAINER,MINI,310x140x75,280x130x70,Lid Perforated,Base Perforated
Y441.07A,A SERIES CONTAINER,MINI,310x140x75,280x130x70,Lid Perforated,Base Perforated
Y451.07A,A SERIES CONTAINER,MINI,310x140x75,280x130x70,Lid Perforated,Base Perforated
Y461.07A,A SERIES CONTAINER,MINI,310x140x75,280x130x70,Lid Perforated,Base Perforated
Y411.10A,A SERIES CONTAINER,MINI,310x140x105,280x130x100,Lid Perforated,Base Perforated
Y421.10A,A SERIES CONTAINER,MINI,310x140x105,280x130x100,Lid Perforated,Base Perforated
Y431.10A,A SERIES CONTAINER,MINI,310x140x105,280x130x100,Lid Perforated,Base Perforated
Y441.10A,A SERIES CONTAINER,MINI,310x140x105,280x130x100,Lid Perforated,Base Perforated
Y451.10A,A SERIES CONTAINER,MINI,310x140x105,280x130x100,Lid Perforated,Base Perforated
Y461.10A,A SERIES CONTAINER,MINI,310x140x105,280x130x100,Lid Perforated,Base Perforated
Y405.04A,A SERIES BASE,MINI,310x130x40,280x130x40,,Base Closed
Y405.07A,A SERIES BASE,MINI,310x130x70,280x130x70,,Base Closed
Y405.10A,A SERIES BASE,MINI,310x130x100,280x130x100,,Base Closed
Y406.04A,A SERIES BASE,MINI,310x130x40,280x130x35,,Base Perforated
Y406.07A,A SERIES BASE,MINI,310x130x70,280x130x65,,Base Perforated
Y406.10A,A SERIES BASE,MINI,310x130x100,280x130x95,,Base Perforated
Y400.01A,A SERIES LID,MINI,310x140,,,Lid Perforated
Y400.02A,A SERIES LID,MINI,310x140,,,Lid Perforated
Y400.03A,A SERIES LID,MINI,310x140,,,Lid Perforated
Y400.04A,A SERIES LID,MINI,310x140,,,Lid Perforated
Y400.05A,A SERIES LID,MINI,310x140,,,Lid Perforated
Y400.06A,A SERIES LID,MINI,310x140,,,Lid Perforated
Y510.04A,A SERIES CONTAINER,DENTAL,310x190x45,280x180x40,Lid Perforated,Base Closed
Y520.04A,A SERIES CONTAINER,DENTAL,310x190x45,280x180x40,Lid Perforated,Base Closed
Y530.04A,A SERIES CONTAINER,DENTAL,310x190x45,280x180x40,Lid Perforated,Base Closed
Y540.04A,A SERIES CONTAINER,DENTAL,310x190x45,280x180x40,Lid Perforated,Base Closed
Y550.04A,A SERIES CONTAINER,DENTAL,310x190x45,280x180x40,Lid Perforated,Base Closed
Y560.04A,A SERIES CONTAINER,DENTAL,310x190x45,280x180x40,Lid Perforated,Base Closed
Y510.06A,A SERIES CONTAINER,DENTAL,310x190x65,280x180x60,Lid Perforated,Base Closed
Y520.06A,A SERIES CONTAINER,DENTAL,310x190x65,280x180x60,Lid Perforated,Base Closed
Y530.06A,A SERIES CONTAINER,DENTAL,310x190x65,280x180x60,Lid Perforated,Base Closed
Y540.06A,A SERIES CONTAINER,DENTAL,310x190x65,280x180x60,Lid Perforated,Base Closed
Y550.06A,A SERIES CONTAINER,DENTAL,310x190x65,280x180x60,Lid Perforated,Base Closed
Y560.06A,A SERIES CONTAINER,DENTAL,310x190x65,280x180x60,Lid Perforated,Base Closed
Y510.08A,A SERIES CONTAINER,DENTAL,310x190x85,280x180x80,Lid Perforated,Base Closed
Y520.08A,A SERIES CONTAINER,DENTAL,310x190x85,280x180x80,Lid Perforated,Base Closed
Y530.08A,A SERIES CONTAINER,DENTAL,310x190x85,280x180x80,Lid Perforated,Base Closed
Y540.08A,A SERIES CONTAINER,DENTAL,310x190x85,280x180x80,Lid Perforated,Base Closed
Y550.08A,A SERIES CONTAINER,DENTAL,310x190x85,280x180x80,Lid Perforated,Base Closed
Y560.08A,A SERIES CONTAINER,DENTAL,310x190x85,280x180x80,Lid Perforated,Base Closed
Y510.10A,A SERIES CONTAINER,DENTAL,310x190x105,280x180x100,Lid Perforated,Base Closed
Y520.10A,A SERIES CONTAINER,DENTAL,310x190x105,280x180x100,Lid Perforated,Base Closed
Y530.10A,A SERIES CONTAINER,DENTAL,310x190x105,280x180x100,Lid Perforated,Base Closed
Y540.10A,A SERIES CONTAINER,DENTAL,310x190x105,280x180x100,Lid Perforated,Base Closed
Y550.10A,A SERIES CONTAINER,DENTAL,310x190x105,280x180x100,Lid Perforated,Base Closed
Y560.10A,A SERIES CONTAINER,DENTAL,310x190x105,280x180x100,Lid Perforated,Base Closed
Y510.13A,A SERIES CONTAINER,DENTAL,310x190x135,280x180x130,Lid Perforated,Base Closed
Y520.13A,A SERIES CONTAINER,DENTAL,310x190x135,280x180x130,Lid Perforated,Base Closed
Y530.13A,A SERIES CONTAINER,DENTAL,310x190x135,280x180x130,Lid Perforated,Base Closed
Y540.13A,A SERIES CONTAINER,DENTAL,310x190x135,280x180x130,Lid Perforated,Base Closed
Y550.13A,A SERIES CONTAINER,DENTAL,310x190x135,280x180x130,Lid Perforated,Base Closed
Y560.13A,A SERIES CONTAINER,DENTAL,310x190x135,280x180x130,Lid Perforated,Base Closed
Y511.04A,A SERIES CONTAINER,DENTAL,310x190x45,280x180x35,Lid Perforated,Base Perforated
Y521.04A,A SERIES CONTAINER,DENTAL,310x190x45,280x180x35,Lid Perforated,Base Perforated
Y531.04A,A SERIES CONTAINER,DENTAL,310x190x45,280x180x35,Lid Perforated,Base Perforated
Y541.04A,A SERIES CONTAINER,DENTAL,310x190x45,280x180x35,Lid Perforated,Base Perforated
Y551.04A,A SERIES CONTAINER,DENTAL,310x190x45,280x180x35,Lid Perforated,Base Perforated
Y561.04A,A SERIES CONTAINER,DENTAL,310x190x45,280x180x35,Lid Perforated,Base Perforated
Y511.06A,A SERIES CONTAINER,DENTAL,310x190x65,280x180x55,Lid Perforated,Base Perforated
Y521.06A,A SERIES CONTAINER,DENTAL,310x190x65,280x180x55,Lid Perforated,Base Perforated
Y531.06A,A SERIES CONTAINER,DENTAL,310x190x65,280x180x55,Lid Perforated,Base Perforated
Y541.06A,A SERIES CONTAINER,DENTAL,310x190x65,280x180x55,Lid Perforated,Base Perforated
Y551.06A,A SERIES CONTAINER,DENTAL,310x190x65,280x180x55,Lid Perforated,Base Perforated
Y561.06A,A SERIES CONTAINER,DENTAL,310x190x65,280x180x55,Lid Perforated,Base Perforated
Y511.08A,A SERIES CONTAINER,DENTAL,310x190x85,280x180x75,Lid Perforated,Base Perforated
Y521.08A,A SERIES CONTAINER,DENTAL,310x190x85,280x180x75,Lid Perforated,Base Perforated
Y531.08A,A SERIES CONTAINER,DENTAL,310x190x85,280x180x75,Lid Perforated,Base Perforated
Y541.08A,A SERIES CONTAINER,DENTAL,310x190x85,280x180x75,Lid Perforated,Base Perforated
Y551.08A,A SERIES CONTAINER,DENTAL,310x190x85,280x180x75,Lid Perforated,Base Perforated
Y561.08A,A SERIES CONTAINER,DENTAL,310x190x85,280x180x75,Lid Perforated,Base Perforated
Y511.10A,A SERIES CONTAINER,DENTAL,310x190x105,280x180x95,Lid Perforated,Base Perforated
Y521.10A,A SERIES CONTAINER,DENTAL,310x190x105,280x180x95,Lid Perforated,Base Perforated
Y531.10A,A SERIES CONTAINER,DENTAL,310x190x105,280x180x95,Lid Perforated,Base Perforated
Y541.10A,A SERIES CONTAINER,DENTAL,310x190x105,280x180x95,Lid Perforated,Base Perforated
Y551.10A,A SERIES CONTAINER,DENTAL,310x190x105,280x180x95,Lid Perforated,Base Perforated
Y561.10A,A SERIES CONTAINER,DENTAL,310x190x105,280x180x95,Lid Perforated,Base Perforated
Y511.13A,A SERIES CONTAINER,DENTAL,310x190x135,280x180x125,Lid Perforated,Base Perforated
Y521.13A,A SERIES CONTAINER,DENTAL,310x190x135,280x180x125,Lid Perforated,Base Perforated
Y531.13A,A SERIES CONTAINER,DENTAL,310x190x135,280x180x125,Lid Perforated,Base Perforated
Y541.13A,A SERIES CONTAINER,DENTAL,310x190x135,280x180x125,Lid Perforated,Base Perforated
Y551.13A,A SERIES CONTAINER,DENTAL,310x190x135,280x180x125,Lid Perforated,Base Perforated
Y561.13A,A SERIES CONTAINER,DENTAL,310x190x135,280x180x125,Lid Perforated,Base Perforated
Y505.04A,A SERIES BASE,DENTAL,310x190x40,280x180x40,,Base Closed
Y505.06A,A SERIES BASE,DENTAL,310x190x60,280x180x60,,Base Closed
Y505.08A,A SERIES BASE,DENTAL,310x190x80,280x180x80,,Base Closed
Y505.10A,A SERIES BASE,DENTAL,310x190x100,280x180x100,,Base Closed
Y505.13A,A SERIES BASE,DENTAL,310x190x130,280x180x130,,Base Closed
Y506.04A,A SERIES BASE,DENTAL,310x190x40,280x180x35,,Base Perforated
Y506.06A,A SERIES BASE,DENTAL,310x190x60,280x180x55,,Base Perforated
Y506.08A,A SERIES BASE,DENTAL,310x190x80,280x180x75,,Base Perforated
Y506.10A,A SERIES BASE,DENTAL,310x190x100,280x180x95,,Base Perforated
Y506.13A,A SERIES BASE,DENTAL,310x190x130,280x180x125,,Base Perforated
Y500.01A,A SERIES LID,DENTAL,310x190,,,Lid Perforated
Y500.02A,A SERIES LID,DENTAL,310x190,,,Lid Perforated
Y500.03A,A SERIES LID,DENTAL,310x190,,,Lid Perforated
Y500.04A,A SERIES LID,DENTAL,310x190,,,Lid Perforated
Y500.05A,A SERIES LID,DENTAL,310x190,,,Lid Perforated
Y500.06A,A SERIES LID,DENTAL,310x190,,,Lid Perforated
Y515.05A,A SERIES CONTAINER,MINI DENTAL,210x155x55,180x145x50,Lid Perforated,Base Closed
Y525.05A,A SERIES CONTAINER,MINI DENTAL,210x155x55,180x145x50,Lid Perforated,Base Closed
Y535.05A,A SERIES CONTAINER,MINI DENTAL,210x155x55,180x145x50,Lid Perforated,Base Closed
Y545.05A,A SERIES CONTAINER,MINI DENTAL,210x155x55,180x145x50,Lid Perforated,Base Closed
Y555.05A,A SERIES CONTAINER,MINI DENTAL,210x155x55,180x145x50,Lid Perforated,Base Closed
Y565.05A,A SERIES CONTAINER,MINI DENTAL,210x155x55,180x145x50,Lid Perforated,Base Closed
Y515.06A,A SERIES CONTAINER,MINI DENTAL,210x155x65,180x145x60,Lid Perforated,Base Closed
Y525.06A,A SERIES CONTAINER,MINI DENTAL,210x155x65,180x145x60,Lid Perforated,Base Closed
Y535.06A,A SERIES CONTAINER,MINI DENTAL,210x155x65,180x145x60,Lid Perforated,Base Closed
Y545.06A,A SERIES CONTAINER,MINI DENTAL,210x155x65,180x145x60,Lid Perforated,Base Closed
Y555.06A,A SERIES CONTAINER,MINI DENTAL,210x155x65,180x145x60,Lid Perforated,Base Closed
Y565.06A,A SERIES CONTAINER,MINI DENTAL,210x155x65,180x145x60,Lid Perforated,Base Closed
Y508.05A,A SERIES BASE,MINI DENTAL,210x155x50,180x145x50,,Base Closed
Y508.06A,A SERIES BASE,MINI DENTAL,210x155x60,180x145x60,,Base Closed
Y501.01A,A SERIES LID,MINI DENTAL,210x155,,,Lid Perforated
Y501.02A,A SERIES LID,MINI DENTAL,210x155,,,Lid Perforated
Y501.03A,A SERIES LID,MINI DENTAL,210x155,,,Lid Perforated
Y501.04A,A SERIES LID,MINI DENTAL,210x155,,,Lid Perforated
Y501.05A,A SERIES LID,MINI DENTAL,210x155,,,Lid Perforated
Y501.06A,A SERIES LID,MINI DENTAL,210x155,,,Lid Perforated
Y610.06,SPECIFIC CONTAINER,IMPLANT,310x140x65,310x135x65,Lid Perforated,Base Perforated
Y620.06,SPECIFIC CONTAINER,IMPLANT,310x140x65,310x135x65,Lid Perforated,Base Perforated
Y630.06,SPECIFIC CONTAINER,IMPLANT,310x140x65,310x135x65,Lid Perforated,Base Perforated
Y640.06,SPECIFIC CONTAINER,IMPLANT,310x140x65,310x135x65,Lid Perforated,Base Perforated
Y650.06,SPECIFIC CONTAINER,IMPLANT,310x140x65,310x135x65,Lid Perforated,Base Perforated
Y660.06,SPECIFIC CONTAINER,IMPLANT,310x140x65,310x135x65,Lid Perforated,Base Perforated
Y612.07,SPECIFIC CONTAINER,IMPLANT,500x155x75,500x150x75,Lid Perforated,Base Perforated
Y622.07,SPECIFIC CONTAINER,IMPLANT,500x155x75,500x150x75,Lid Perforated,Base Perforated
Y632.07,SPECIFIC CONTAINER,IMPLANT,500x155x75,500x150x75,Lid Perforated,Base Perforated
Y642.07,SPECIFIC CONTAINER,IMPLANT,500x155x75,500x150x75,Lid Perforated,Base Perforated
Y652.07,SPECIFIC CONTAINER,IMPLANT,500x155x75,500x150x75,Lid Perforated,Base Perforated
Y662.07,SPECIFIC CONTAINER,IMPLANT,500x155x75,500x150x75,Lid Perforated,Base Perforated
Y600.01,SPECIFIC CONTAINER,SCOPY,250x60x50,250x55x45,Lid Perforated,Base Perforated
Y600.02,SPECIFIC CONTAINER,SCOPY,450x70x70,450x65x65,Lid Perforated,Base Perforated
Y380.03,PERFORATED TRAY,STANDARD,242x252x25,,,Base
Y380.05,PERFORATED TRAY,STANDARD,242x252x45,,,Base
Y380.07,PERFORATED TRAY,STANDARD,242x252x65,,,Base
Y380.10,PERFORATED TRAY,STANDARD,242x252x95,,,Base
Y280.03,PERFORATED TRAY,STANDARD,405x252x25,,,Base
Y280.05,PERFORATED TRAY,STANDARD,405x252x45,,,Base
Y280.07,PERFORATED TRAY,STANDARD,405x252x65,,,Base
Y280.10,PERFORATED TRAY,STANDARD,405x252x95,,,Base
Y180.03,PERFORATED TRAY,STANDARD,484x252x25,,,Base
Y180.05,PERFORATED TRAY,STANDARD,484x252x45,,,Base
Y180.07,PERFORATED TRAY,STANDARD,484x252x65,,,Base
Y180.10,PERFORATED TRAY,STANDARD,484x252x95,,,Base
Y181.03,PERFORATED TRAY,STANDARD,539x252x25,,,Base
Y181.05,PERFORATED TRAY,STANDARD,539x252x45,,,Base
Y181.07,PERFORATED TRAY,STANDARD,539x252x65,,,Base
Y181.10,PERFORATED TRAY,STANDARD,539x252x95,,,Base
Y182.03,PERFORATED TRAY,STANDARD,655x252x25,,,Base
Y182.05,PERFORATED TRAY,STANDARD,655x252x45,,,Base
Y182.07,PERFORATED TRAY,STANDARD,655x252x65,,,Base
Y182.10,PERFORATED TRAY,STANDARD,655x252x95,,,Base
Y183.03,PERFORATED TRAY,STANDARD,530x330x25,,,Base
Y183.05,PERFORATED TRAY,STANDARD,530x330x45,,,Base
Y183.07,PERFORATED TRAY,STANDARD,530x330x65,,,Base
Y183.10,PERFORATED TRAY,STANDARD,530x330x95,,,Base
Y380.03L,PERFORATED TRAY,STANDARD,246x256x25,,Lid Perforated,Base
Y380.05L,PERFORATED TRAY,STANDARD,246x256x45,,Lid Perforated,Base
Y380.07L,PERFORATED TRAY,STANDARD,246x256x65,,Lid Perforated,Base
Y380.10L,PERFORATED TRAY,STANDARD,246x256x95,,Lid Perforated,Base
Y280.03L,PERFORATED TRAY,STANDARD,409x256x25,,Lid Perforated,Base
Y280.05L,PERFORATED TRAY,STANDARD,409x256x45,,Lid Perforated,Base
Y280.07L,PERFORATED TRAY,STANDARD,409x256x65,,Lid Perforated,Base
Y280.10L,PERFORATED TRAY,STANDARD,409x256x95,,Lid Perforated,Base
Y180.03L,PERFORATED TRAY,STANDARD,488x256x25,,Lid Perforated,Base
Y180.05L,PERFORATED TRAY,STANDARD,488x256x45,,Lid Perforated,Base
Y180.07L,PERFORATED TRAY,STANDARD,488x256x65,,Lid Perforated,Base
Y180.10L,PERFORATED TRAY,STANDARD,488x256x95,,Lid Perforated,Base
Y181.03L,PERFORATED TRAY,STANDARD,543x256x25,,Lid Perforated,Base
Y181.05L,PERFORATED TRAY,STANDARD,543x256x45,,Lid Perforated,Base
Y181.07L,PERFORATED TRAY,STANDARD,543x256x65,,Lid Perforated,Base
Y181.10L,PERFORATED TRAY,STANDARD,543x256x95,,Lid Perforated,Base
Y182.03L,PERFORATED TRAY,STANDARD,655x252x25,,Lid Perforated,Base
Y182.05L,PERFORATED TRAY,STANDARD,655x252x45,,Lid Perforated,Base
Y182.07L,PERFORATED TRAY,STANDARD,655x252x65,,Lid Perforated,Base
Y182.10L,PERFORATED TRAY,STANDARD,655x252x95,,Lid Perforated,Base
Y183.03L,PERFORATED TRAY,STANDARD,530x330x25,,Lid Perforated,Base
Y183.05L,PERFORATED TRAY,STANDARD,530x330x45,,Lid Perforated,Base
Y183.07L,PERFORATED TRAY,STANDARD,530x330x65,,Lid Perforated,Base
Y183.10L,PERFORATED TRAY,STANDARD,530x330x95,,Lid Perforated,Base
Y380.03F,PERFORATED TRAY,STANDARD,242x252x40,,,Base With Feet
Y380.05F,PERFORATED TRAY,STANDARD,242x252x60,,,Base With Feet
Y380.07F,PERFORATED TRAY,STANDARD,242x252x80,,,Base With Feet
Y380.10F,PERFORATED TRAY,STANDARD,242x252x110,,,Base With Feet
Y280.03F,PERFORATED TRAY,STANDARD,405x252x40,,,Base With Feet
Y280.05F,PERFORATED TRAY,STANDARD,405x252x60,,,Base With Feet
Y280.07F,PERFORATED TRAY,STANDARD,405x252x80,,,Base With Feet
Y280.10F,PERFORATED TRAY,STANDARD,405x252x110,,,Base With Feet
Y180.03F,PERFORATED TRAY,STANDARD,484x252x40,,,Base With Feet
Y180.05F,PERFORATED TRAY,STANDARD,484x252x60,,,Base With Feet
Y180.07F,PERFORATED TRAY,STANDARD,484x252x80,,,Base With Feet
Y180.10F,PERFORATED TRAY,STANDARD,484x252x110,,,Base With Feet
Y181.03F,PERFORATED TRAY,STANDARD,539x252x40,,,Base With Feet
Y181.05F,PERFORATED TRAY,STANDARD,539x252x60,,,Base With Feet
Y181.07F,PERFORATED TRAY,STANDARD,539x252x80,,,Base With Feet
Y181.10F,PERFORATED TRAY,STANDARD,539x252x110,,,Base With Feet
Y182.03F,PERFORATED TRAY,STANDARD,655x252x40,,,Base With Feet
Y182.05F,PERFORATED TRAY,STANDARD,655x252x60,,,Base With Feet
Y182.07F,PERFORATED TRAY,STANDARD,655x252x80,,,Base With Feet
Y182.10F,PERFORATED TRAY,STANDARD,655x252x110,,,Base With Feet
Y183.03F,PERFORATED TRAY,STANDARD,530x330x40,,,Base With Feet
Y183.05F,PERFORATED TRAY,STANDARD,530x330x60,,,Base With Feet
Y183.07F,PERFORATED TRAY,STANDARD,530x330x80,,,Base With Feet
Y183.10F,PERFORATED TRAY,STANDARD,530x330x110,,,Base With Feet
Y380.03FL,PERFORATED TRAY,STANDARD,246x256x40,,Lid Perforated,Base With Feet
Y380.05FL,PERFORATED TRAY,STANDARD,246x256x60,,Lid Perforated,Base With Feet
Y380.07FL,PERFORATED TRAY,STANDARD,246x256x80,,Lid Perforated,Base With Feet
Y380.10FL,PERFORATED TRAY,STANDARD,246x256x110,,Lid Perforated,Base With Feet
Y280.03FL,PERFORATED TRAY,STANDARD,409x256x40,,Lid Perforated,Base With Feet
Y280.05FL,PERFORATED TRAY,STANDARD,409x256x60,,Lid Perforated,Base With Feet
Y280.07FL,PERFORATED TRAY,STANDARD,409x256x80,,Lid Perforated,Base With Feet
Y280.10FL,PERFORATED TRAY,STANDARD,409x256x110,,Lid Perforated,Base With Feet
Y180.03FL,PERFORATED TRAY,STANDARD,488x256x40,,Lid Perforated,Base With Feet
Y180.05FL,PERFORATED TRAY,STANDARD,488x256x60,,Lid Perforated,Base With Feet
Y180.07FL,PERFORATED TRAY,STANDARD,488x256x80,,Lid Perforated,Base With Feet
Y180.10FL,PERFORATED TRAY,STANDARD,488x256x110,,Lid Perforated,Base With Feet
Y181.03FL,PERFORATED TRAY,STANDARD,543x256x40,,Lid Perforated,Base With Feet
Y181.05FL,PERFORATED TRAY,STANDARD,543x256x60,,Lid Perforated,Base With Feet
Y181.07FL,PERFORATED TRAY,STANDARD,543x256x80,,Lid Perforated,Base With Feet
Y181.10FL,PERFORATED TRAY,STANDARD,543x256x110,,Lid Perforated,Base With Feet
Y182.03FL,PERFORATED TRAY,STANDARD,655x252x40,,Lid Perforated,Base With Feet
Y182.05FL,PERFORATED TRAY,STANDARD,655x252x60,,Lid Perforated,Base With Feet
Y182.07FL,PERFORATED TRAY,STANDARD,655x252x80,,Lid Perforated,Base With Feet
Y182.10FL,PERFORATED TRAY,STANDARD,655x252x110,,Lid Perforated,Base With Feet
Y183.03FL,PERFORATED TRAY,STANDARD,530x330x40,,Lid Perforated,Base With Feet
Y183.05FL,PERFORATED TRAY,STANDARD,530x330x60,,Lid Perforated,Base With Feet
Y183.07FL,PERFORATED TRAY,STANDARD,530x330x80,,Lid Perforated,Base With Feet
Y183.10FL,PERFORATED TRAY,STANDARD,530x330x110,,Lid Perforated,Base With Feet
Y380.01,PERFORATED TRAY,STANDARD,246x256x15,,Lid,
Y280.01,PERFORATED TRAY,STANDARD,409x256x15,,Lid,
Y180.01,PERFORATED TRAY,STANDARD,488x256x15,,Lid,
Y181.01,PERFORATED TRAY,STANDARD,543x256x15,,Lid,
Y182.01,PERFORATED TRAY,STANDARD,659x256x15,,Lid,
Y183.01,PERFORATED TRAY,STANDARD,534x334x15,,Lid,
Y695.00,PERFORATED TRAY,OPTIC,272x83x44,,Lid Perforated,Base
Y696.00,PERFORATED TRAY,OPTIC,452x83x44,,Lid Perforated,Base
Y695.03,PERFORATED TRAY,OPTIC,272x103x44,,Lid Perforated,Base
Y696.03,PERFORATED TRAY,OPTIC,452x103x44,,Lid Perforated,Base
Y480.04,PERFORATED TRAY,MINI,270x123x45,,Lid Perforated,Base
Y480.06,PERFORATED TRAY,MINI,270x123x65,,Lid Perforated,Base
Y580.05,PERFORATED TRAY,DENTAL,270x170x50,,Lid Perforated,Base
Y580.10,PERFORATED TRAY,DENTAL,270x170x100,,Lid Perforated,Base
Y580.20,PERFORATED TRAY WITH HINGES,MICRO,40x40x25,,,Embossed Lock System
Y580.21,PERFORATED TRAY WITH HINGES,MICRO,60x60x25,,,Embossed Lock System
Y580.22,PERFORATED TRAY WITH HINGES,MICRO,60x60x40,,,Embossed Lock System
Y580.23,PERFORATED TRAY WITH HINGES,MICRO,80x80x25,,,Embossed Lock System
Y580.24,PERFORATED TRAY WITH HINGES,MICRO,80x80x40,,,Embossed Lock System
Y580.25,PERFORATED TRAY WITH HINGES,MICRO,80x40x40,,,Embossed Lock System
Y580.30,PERFORATED TRAY WITH HINGES,SMALL,100x30x25,,,Push Lock System
Y580.31,PERFORATED TRAY WITH HINGES,SMALL,160x30x25,,,Push Lock System
Y580.32,PERFORATED TRAY WITH HINGES,SMALL,200x30x25,,,Push Lock System
Y580.33,PERFORATED TRAY WITH HINGES,SMALL,240x40x40,,,Push Lock System
Y580.34,PERFORATED TRAY WITH HINGES,SMALL,300x40x40,,,Push Lock System
Y580.35,PERFORATED TRAY WITH HINGES,SMALL,450x40x40,,,Push Lock System
Y581.20,PERFORATED TRAY WITH HINGES,SMALL,115x90x45,,,Sliding Flat Lock System
Y581.21,PERFORATED TRAY WITH HINGES,SMALL,115x115x25,,,Sliding Flat Lock System
Y581.22,PERFORATED TRAY WITH HINGES,SMALL,145x150x50,,,Sliding Flat Lock System
Y581.23,PERFORATED TRAY WITH HINGES,SMALL,170x135x35,,,Sliding Flat Lock System
Y581.24,PERFORATED TRAY WITH HINGES,SMALL,210x145x25,,,Sliding Flat Lock System
Y581.25,PERFORATED TRAY WITH HINGES,SMALL,210x145x45,,,Sliding Flat Lock System
Y581.26,PERFORATED TRAY WITH HINGES,SMALL,240x240x45,,,Sliding Flat Lock System
Y581.27,PERFORATED TRAY WITH HINGES,SMALL,275x175x35,,,Sliding Flat Lock System
Y581.28,PERFORATED TRAY WITH HINGES,SMALL,280x170x60,,,Sliding Flat Lock System
Y581.40,PERFORATED TRAY WITH HINGES,LARGE,80x80x40,,,Push Lock System
Y581.41,PERFORATED TRAY WITH HINGES,LARGE,100x80x30,,,Sliding Flat Lock System
Y581.42,PERFORATED TRAY WITH HINGES,LARGE,130x115x40,,,Sliding Flat Lock System
Y581.43,PERFORATED TRAY WITH HINGES,LARGE,130x115x60,,,Sliding Flat Lock System
Y581.44,PERFORATED TRAY WITH HINGES,LARGE,195x70x40,,,Sliding Flat Lock System
Y581.45,PERFORATED TRAY WITH HINGES,LARGE,225x130x40,,,Sliding Flat Lock System
Y581.46,PERFORATED TRAY WITH HINGES,LARGE,250x115x25,,,Sliding Flat Lock System
Y581.47,PERFORATED TRAY WITH HINGES,LARGE,250x115x40,,,Sliding Flat Lock System
Y581.48,PERFORATED TRAY WITH HINGES,LARGE,250x115x60,,,Sliding Flat Lock System
Y581.49,PERFORATED TRAY WITH HINGES,LARGE,480x115x50,,,Sliding Flat Lock System
Y581.50,PERFORATED TRAY WITH HINGES,LARGE,270x123x45,,,Sliding Flat Lock System
Y581.51,PERFORATED TRAY WITH HINGES,LARGE,270x123x65,,,Sliding Flat Lock System
Y581.52,PERFORATED TRAY WITH HINGES,LARGE,270x170x50,,,Sliding Flat Lock System
Y581.53,PERFORATED TRAY WITH HINGES,LARGE,270x170x100,,,Sliding Flat Lock System
Y396.05A,HYBRID BASKET,STANDARD INTERMEDIATE CRIMP,245x255x50,,,Base
Y396.06A,HYBRID BASKET,STANDARD INTERMEDIATE CRIMP,245x255x60,,,Base
Y396.07A,HYBRID BASKET,STANDARD INTERMEDIATE CRIMP,245x255x70,,,Base
Y396.10A,HYBRID BASKET,STANDARD INTERMEDIATE CRIMP,245x255x100,,,Base
Y296.05A,HYBRID BASKET,STANDARD INTERMEDIATE CRIMP,405x255x50,,,Base
Y296.06A,HYBRID BASKET,STANDARD INTERMEDIATE CRIMP,405x255x60,,,Base
Y296.07A,HYBRID BASKET,STANDARD INTERMEDIATE CRIMP,405x255x70,,,Base
Y296.10A,HYBRID BASKET,STANDARD INTERMEDIATE CRIMP,405x255x100,,,Base
Y196.05A,HYBRID BASKET,STANDARD INTERMEDIATE CRIMP,485x255x50,,,Base
Y196.06A,HYBRID BASKET,STANDARD INTERMEDIATE CRIMP,485x255x60,,,Base
Y196.07A,HYBRID BASKET,STANDARD INTERMEDIATE CRIMP,485x255x70,,,Base
Y196.10A,HYBRID BASKET,STANDARD INTERMEDIATE CRIMP,485x255x100,,,Base
Y197.05A,HYBRID BASKET,STANDARD INTERMEDIATE CRIMP,540x255x50,,,Base
Y197.06A,HYBRID BASKET,STANDARD INTERMEDIATE CRIMP,540x255x60,,,Base
Y197.07A,HYBRID BASKET,STANDARD INTERMEDIATE CRIMP,540x255x70,,,Base
Y197.10A,HYBRID BASKET,STANDARD INTERMEDIATE CRIMP,540x255x100,,,Base
Y396.05AL,HYBRID BASKET,STANDARD INTERMEDIATE CRIMP,245x255x50,,Lid Perforated,Base
Y396.06AL,HYBRID BASKET,STANDARD INTERMEDIATE CRIMP,245x255x60,,Lid Perforated,Base
Y396.07AL,HYBRID BASKET,STANDARD INTERMEDIATE CRIMP,245x255x70,,Lid Perforated,Base
Y396.10AL,HYBRID BASKET,STANDARD INTERMEDIATE CRIMP,245x255x100,,Lid Perforated,Base
Y296.05AL,HYBRID BASKET,STANDARD INTERMEDIATE CRIMP,405x255x50,,Lid Perforated,Base
Y296.06AL,HYBRID BASKET,STANDARD INTERMEDIATE CRIMP,405x255x60,,Lid Perforated,Base
Y296.07AL,HYBRID BASKET,STANDARD INTERMEDIATE CRIMP,405x255x70,,Lid Perforated,Base
Y296.10AL,HYBRID BASKET,STANDARD INTERMEDIATE CRIMP,405x255x100,,Lid Perforated,Base
Y196.05AL,HYBRID BASKET,STANDARD INTERMEDIATE CRIMP,485x255x50,,Lid Perforated,Base
Y196.06AL,HYBRID BASKET,STANDARD INTERMEDIATE CRIMP,485x255x60,,Lid Perforated,Base
Y196.07AL,HYBRID BASKET,STANDARD INTERMEDIATE CRIMP,485x255x70,,Lid Perforated,Base
Y196.10AL,HYBRID BASKET,STANDARD INTERMEDIATE CRIMP,485x255x100,,Lid Perforated,Base
Y197.05AL,HYBRID BASKET,STANDARD INTERMEDIATE CRIMP,540x255x50,,Lid Perforated,Base
Y197.06AL,HYBRID BASKET,STANDARD INTERMEDIATE CRIMP,540x255x60,,Lid Perforated,Base
Y197.07AL,HYBRID BASKET,STANDARD INTERMEDIATE CRIMP,540x255x70,,Lid Perforated,Base
Y197.10AL,HYBRID BASKET,STANDARD INTERMEDIATE CRIMP,540x255x100,,Lid Perforated,Base
Y390.01,HYBRID BASKET,STANDARD INTERMEDIATE CRIMP,215x240,,,Lid
Y290.01,HYBRID BASKET,STANDARD INTERMEDIATE CRIMP,375x240,,,Lid
Y190.01,HYBRID BASKET,STANDARD INTERMEDIATE CRIMP,455x240,,,Lid
Y191.01,HYBRID BASKET,STANDARD INTERMEDIATE CRIMP,510x240,,,Lid
Y396.05B,HYBRID BASKET,STANDARD PLAIN WEAVE,245x255x50,,,Base
Y396.06B,HYBRID BASKET,STANDARD PLAIN WEAVE,245x255x60,,,Base
Y396.07B,HYBRID BASKET,STANDARD PLAIN WEAVE,245x255x70,,,Base
Y396.10B,HYBRID BASKET,STANDARD PLAIN WEAVE,245x255x100,,,Base
Y296.05B,HYBRID BASKET,STANDARD PLAIN WEAVE,405x255x50,,,Base
Y296.06B,HYBRID BASKET,STANDARD PLAIN WEAVE,405x255x60,,,Base
Y296.07B,HYBRID BASKET,STANDARD PLAIN WEAVE,405x255x70,,,Base
Y296.10B,HYBRID BASKET,STANDARD PLAIN WEAVE,405x255x100,,,Base
Y196.05B,HYBRID BASKET,STANDARD PLAIN WEAVE,485x255x50,,,Base
Y196.06B,HYBRID BASKET,STANDARD PLAIN WEAVE,485x255x60,,,Base
Y196.07B,HYBRID BASKET,STANDARD PLAIN WEAVE,485x255x70,,,Base
Y196.10B,HYBRID BASKET,STANDARD PLAIN WEAVE,485x255x100,,,Base
Y197.05B,HYBRID BASKET,STANDARD PLAIN WEAVE,540x255x50,,,Base
Y197.06B,HYBRID BASKET,STANDARD PLAIN WEAVE,540x255x60,,,Base
Y197.07B,HYBRID BASKET,STANDARD PLAIN WEAVE,540x255x70,,,Base
Y197.10B,HYBRID BASKET,STANDARD PLAIN WEAVE,540x255x100,,,Base
Y396.05BL,HYBRID BASKET,STANDARD PLAIN WEAVE,245x255x50,,Lid Perforated,Base
Y396.06BL,HYBRID BASKET,STANDARD PLAIN WEAVE,245x255x60,,Lid Perforated,Base
Y396.07BL,HYBRID BASKET,STANDARD PLAIN WEAVE,245x255x70,,Lid Perforated,Base
Y396.10BL,HYBRID BASKET,STANDARD PLAIN WEAVE,245x255x100,,Lid Perforated,Base
Y296.05BL,HYBRID BASKET,STANDARD PLAIN WEAVE,405x255x50,,Lid Perforated,Base
Y296.06BL,HYBRID BASKET,STANDARD PLAIN WEAVE,405x255x60,,Lid Perforated,Base
Y296.07BL,HYBRID BASKET,STANDARD PLAIN WEAVE,405x255x70,,Lid Perforated,Base
Y296.10BL,HYBRID BASKET,STANDARD PLAIN WEAVE,405x255x100,,Lid Perforated,Base
Y196.05BL,HYBRID BASKET,STANDARD PLAIN WEAVE,485x255x50,,Lid Perforated,Base
Y196.06BL,HYBRID BASKET,STANDARD PLAIN WEAVE,485x255x60,,Lid Perforated,Base
Y196.07BL,HYBRID BASKET,STANDARD PLAIN WEAVE,485x255x70,,Lid Perforated,Base
Y196.10BL,HYBRID BASKET,STANDARD PLAIN WEAVE,485x255x100,,Lid Perforated,Base
Y197.05BL,HYBRID BASKET,STANDARD PLAIN WEAVE,540x255x50,,Lid Perforated,Base
Y197.06BL,HYBRID BASKET,STANDARD PLAIN WEAVE,540x255x60,,Lid Perforated,Base
Y197.07BL,HYBRID BASKET,STANDARD PLAIN WEAVE,540x255x70,,Lid Perforated,Base
Y197.10BL,HYBRID BASKET,STANDARD PLAIN WEAVE,540x255x100,,Lid Perforated,Base
Y392.01,HYBRID BASKET,STANDARD PLAIN WEAVE,215x240,,,Lid
Y292.01,HYBRID BASKET,STANDARD PLAIN WEAVE,375x240,,,Lid
Y192.01,HYBRID BASKET,STANDARD PLAIN WEAVE,455x240,,,Lid
Y193.01,HYBRID BASKET,STANDARD PLAIN WEAVE,510x240,,,Lid
Y396.05C,HYBRID BASKET,STANDARD WELDED WIRE MESH,245x255x50,,,Base
Y396.06C,HYBRID BASKET,STANDARD WELDED WIRE MESH,245x255x60,,,Base
Y396.07C,HYBRID BASKET,STANDARD WELDED WIRE MESH,245x255x70,,,Base
Y396.10C,HYBRID BASKET,STANDARD WELDED WIRE MESH,245x255x100,,,Base
Y296.05C,HYBRID BASKET,STANDARD WELDED WIRE MESH,405x255x50,,,Base
Y296.06C,HYBRID BASKET,STANDARD WELDED WIRE MESH,405x255x60,,,Base
Y296.07C,HYBRID BASKET,STANDARD WELDED WIRE MESH,405x255x70,,,Base
Y296.10C,HYBRID BASKET,STANDARD WELDED WIRE MESH,405x255x100,,,Base
Y196.05C,HYBRID BASKET,STANDARD WELDED WIRE MESH,485x255x50,,,Base
Y196.06C,HYBRID BASKET,STANDARD WELDED WIRE MESH,485x255x60,,,Base
Y196.07C,HYBRID BASKET,STANDARD WELDED WIRE MESH,485x255x70,,,Base
Y196.10C,HYBRID BASKET,STANDARD WELDED WIRE MESH,485x255x100,,,Base
Y197.05C,HYBRID BASKET,STANDARD WELDED WIRE MESH,540x255x50,,,Base
Y197.06C,HYBRID BASKET,STANDARD WELDED WIRE MESH,540x255x60,,,Base
Y197.07C,HYBRID BASKET,STANDARD WELDED WIRE MESH,540x255x70,,,Base
Y197.10C,HYBRID BASKET,STANDARD WELDED WIRE MESH,540x255x100,,,Base
Y396.05CL,HYBRID BASKET,STANDARD WELDED WIRE MESH,245x255x50,,Lid Perforated,Base
Y396.06CL,HYBRID BASKET,STANDARD WELDED WIRE MESH,245x255x60,,Lid Perforated,Base
Y396.07CL,HYBRID BASKET,STANDARD WELDED WIRE MESH,245x255x70,,Lid Perforated,Base
Y396.10CL,HYBRID BASKET,STANDARD WELDED WIRE MESH,245x255x100,,Lid Perforated,Base
Y296.05CL,HYBRID BASKET,STANDARD WELDED WIRE MESH,405x255x50,,Lid Perforated,Base
Y296.06CL,HYBRID BASKET,STANDARD WELDED WIRE MESH,405x255x60,,Lid Perforated,Base
Y296.07CL,HYBRID BASKET,STANDARD WELDED WIRE MESH,405x255x70,,Lid Perforated,Base
Y296.10CL,HYBRID BASKET,STANDARD WELDED WIRE MESH,405x255x100,,Lid Perforated,Base
Y196.05CL,HYBRID BASKET,STANDARD WELDED WIRE MESH,485x255x50,,Lid Perforated,Base
Y196.06CL,HYBRID BASKET,STANDARD WELDED WIRE MESH,485x255x60,,Lid Perforated,Base
Y196.07CL,HYBRID BASKET,STANDARD WELDED WIRE MESH,485x255x70,,Lid Perforated,Base
Y196.10CL,HYBRID BASKET,STANDARD WELDED WIRE MESH,485x255x100,,Lid Perforated,Base
Y197.05CL,HYBRID BASKET,STANDARD WELDED WIRE MESH,540x255x50,,Lid Perforated,Base
Y197.06CL,HYBRID BASKET,STANDARD WELDED WIRE MESH,540x255x60,,Lid Perforated,Base
Y197.07CL,HYBRID BASKET,STANDARD WELDED WIRE MESH,540x255x70,,Lid Perforated,Base
Y197.10CL,HYBRID BASKET,STANDARD WELDED WIRE MESH,540x255x100,,Lid Perforated,Base
Y394.01,HYBRID BASKET,STANDARD WELDED WIRE MESH,215x240,,,Lid
Y294.01,HYBRID BASKET,STANDARD WELDED WIRE MESH,375x240,,,Lid
Y194.01,HYBRID BASKET,STANDARD WELDED WIRE MESH,455x240,,,Lid
Y195.01,HYBRID BASKET,STANDARD WELDED WIRE MESH,510x240,,,Lid
Y590.01,HYBRID BASKET,SPECIFIC PLAIN WEAVE,125x110x50,,Lid Perforated,Base
Y590.03,HYBRID BASKET,SPECIFIC PLAIN WEAVE,125x110x70,,Lid Perforated,Base
Y590.04,HYBRID BASKET,SPECIFIC PLAIN WEAVE,195x70x40,,Lid Perforated,Base
Y590.05,HYBRID BASKET,SPECIFIC PLAIN WEAVE,220x125x40,,Lid Perforated,Base
Y590.06,HYBRID BASKET,SPECIFIC PLAIN WEAVE,265x120x30,,Lid Perforated,Base
Y590.07,HYBRID BASKET,SPECIFIC PLAIN WEAVE,265x120x40,,Lid Perforated,Base
Y590.08,HYBRID BASKET,SPECIFIC PLAIN WEAVE,265x120x50,,Lid Perforated,Base
Y590.10,HYBRID BASKET,SPECIFIC PLAIN WEAVE,265x120x70,,Lid Perforated,Base
Y398.03,HYBRID BASKET,SPECIFIC PLAIN WEAVE,270x170x30,,Lid Perforated,Base
Y398.05,HYBRID BASKET,SPECIFIC PLAIN WEAVE,270x170x50,,Lid Perforated,Base
Y398.07,HYBRID BASKET,SPECIFIC PLAIN WEAVE,270x170x70,,Lid Perforated,Base
Y398.10,HYBRID BASKET,SPECIFIC PLAIN WEAVE,270x170x100,,Lid Perforated,Base
Y297.04,HYBRID BASKET,SPECIFIC PLAIN WEAVE,340x250x40,,Lid Perforated,Base
Y298.04,HYBRID BASKET,SPECIFIC PLAIN WEAVE,440x250x40,,Lid Perforated,Base
Y298.08,HYBRID BASKET,SPECIFIC PLAIN WEAVE,440x250x80,,Lid Perforated,Base
Y299.08,HYBRID BASKET,SPECIFIC PLAIN WEAVE,460x320x80,,Lid Perforated,Base
Y390.03,WIRE BASKET,STANDARD INTERMEDIATE CRIMP,245x255x30,,,Base
Y390.05,WIRE BASKET,STANDARD INTERMEDIATE CRIMP,245x255x50,,,Base
Y390.07,WIRE BASKET,STANDARD INTERMEDIATE CRIMP,245x255x70,,,Base
Y390.10,WIRE BASKET,STANDARD INTERMEDIATE CRIMP,245x255x100,,,Base
Y290.03,WIRE BASKET,STANDARD INTERMEDIATE CRIMP,405x255x30,,,Base
Y290.05,WIRE BASKET,STANDARD INTERMEDIATE CRIMP,405x255x50,,,Base
Y290.07,WIRE BASKET,STANDARD INTERMEDIATE CRIMP,405x255x70,,,Base
Y290.10,WIRE BASKET,STANDARD INTERMEDIATE CRIMP,405x255x100,,,Base
Y190.03,WIRE BASKET,STANDARD INTERMEDIATE CRIMP,485x255x30,,,Base
Y190.05,WIRE BASKET,STANDARD INTERMEDIATE CRIMP,485x255x50,,,Base
Y190.07,WIRE BASKET,STANDARD INTERMEDIATE CRIMP,485x255x70,,,Base
Y190.10,WIRE BASKET,STANDARD INTERMEDIATE CRIMP,485x255x100,,,Base
Y191.03,WIRE BASKET,STANDARD INTERMEDIATE CRIMP,540x255x30,,,Base
Y191.05,WIRE BASKET,STANDARD INTERMEDIATE CRIMP,540x255x50,,,Base
Y191.07,WIRE BASKET,STANDARD INTERMEDIATE CRIMP,540x255x70,,,Base
Y191.10,WIRE BASKET,STANDARD INTERMEDIATE CRIMP,540x255x100,,,Base
Y390.01,WIRE BASKET,STANDARD INTERMEDIATE CRIMP,215x240,,,Lid
Y290.01,WIRE BASKET,STANDARD INTERMEDIATE CRIMP,375x240,,,Lid
Y190.01,WIRE BASKET,STANDARD INTERMEDIATE CRIMP,455x240,,,Lid
Y191.01,WIRE BASKET,STANDARD INTERMEDIATE CRIMP,510x240,,,Lid
Y392.03,WIRE BASKET,STANDARD PLAIN WEAVE,245x255x30,,,Base
Y392.05,WIRE BASKET,STANDARD PLAIN WEAVE,245x255x50,,,Base
Y392.07,WIRE BASKET,STANDARD PLAIN WEAVE,245x255x70,,,Base
Y392.10,WIRE BASKET,STANDARD PLAIN WEAVE,245x255x100,,,Base
Y292.03,WIRE BASKET,STANDARD PLAIN WEAVE,405x255x30,,,Base
Y292.05,WIRE BASKET,STANDARD PLAIN WEAVE,405x255x50,,,Base
Y292.07,WIRE BASKET,STANDARD PLAIN WEAVE,405x255x70,,,Base
Y292.10,WIRE BASKET,STANDARD PLAIN WEAVE,405x255x100,,,Base
Y192.03,WIRE BASKET,STANDARD PLAIN WEAVE,485x255x30,,,Base
Y192.05,WIRE BASKET,STANDARD PLAIN WEAVE,485x255x50,,,Base
Y192.07,WIRE BASKET,STANDARD PLAIN WEAVE,485x255x70,,,Base
Y192.10,WIRE BASKET,STANDARD PLAIN WEAVE,485x255x100,,,Base
Y193.03,WIRE BASKET,STANDARD PLAIN WEAVE,540x255x30,,,Base
Y193.05,WIRE BASKET,STANDARD PLAIN WEAVE,540x255x50,,,Base
Y193.07,WIRE BASKET,STANDARD PLAIN WEAVE,540x255x70,,,Base
Y193.10,WIRE BASKET,STANDARD PLAIN WEAVE,540x255x100,,,Base
Y392.01,WIRE BASKET,STANDARD PLAIN WEAVE,215x240,,,Lid
Y292.01,WIRE BASKET,STANDARD PLAIN WEAVE,375x240,,,Lid
Y192.01,WIRE BASKET,STANDARD PLAIN WEAVE,455x240,,,Lid
Y193.01,WIRE BASKET,STANDARD PLAIN WEAVE,510x240,,,Lid
Y394.03,WIRE BASKET,STANDARD WELDED WIRE MESH,245x255x30,,,Base
Y394.05,WIRE BASKET,STANDARD WELDED WIRE MESH,245x255x50,,,Base
Y394.07,WIRE BASKET,STANDARD WELDED WIRE MESH,245x255x70,,,Base
Y394.10,WIRE BASKET,STANDARD WELDED WIRE MESH,245x255x100,,,Base
Y294.03,WIRE BASKET,STANDARD WELDED WIRE MESH,405x255x30,,,Base
Y294.05,WIRE BASKET,STANDARD WELDED WIRE MESH,405x255x50,,,Base
Y294.07,WIRE BASKET,STANDARD WELDED WIRE MESH,405x255x70,,,Base
Y294.10,WIRE BASKET,STANDARD WELDED WIRE MESH,405x255x100,,,Base
Y194.03,WIRE BASKET,STANDARD WELDED WIRE MESH,485x255x30,,,Base
Y194.05,WIRE BASKET,STANDARD WELDED WIRE MESH,485x255x50,,,Base
Y194.07,WIRE BASKET,STANDARD WELDED WIRE MESH,485x255x70,,,Base
Y194.10,WIRE BASKET,STANDARD WELDED WIRE MESH,485x255x100,,,Base
Y195.03,WIRE BASKET,STANDARD WELDED WIRE MESH,540x255x30,,,Base
Y195.05,WIRE BASKET,STANDARD WELDED WIRE MESH,540x255x50,,,Base
Y195.07,WIRE BASKET,STANDARD WELDED WIRE MESH,540x255x70,,,Base
Y195.10,WIRE BASKET,STANDARD WELDED WIRE MESH,540x255x100,,,Base
Y394.01,WIRE BASKET,STANDARD WELDED WIRE MESH,215x240,,,Lid
Y294.01,WIRE BASKET,STANDARD WELDED WIRE MESH,375x240,,,Lid
Y194.01,WIRE BASKET,STANDARD WELDED WIRE MESH,455x240,,,Lid
Y195.01,WIRE BASKET,STANDARD WELDED WIRE MESH,510x240,,,Lid
Y690.02,WIRE BASKET,STANDARD OPTIC,290x80x55,,Lid Perforated,Base Single Scope Silicone Holder Type 1
Y690.03,WIRE BASKET,STANDARD OPTIC,290x80x55,,Lid Perforated,Base Double Scope Silicone Holder Type 1
Y690.04,WIRE BASKET,STANDARD OPTIC,460x80x55,,Lid Perforated,Base Single Scope Silicone Holder Type 1
Y690.05,WIRE BASKET,STANDARD OPTIC,460x80x55,,Lid Perforated,Base Double Scope Silicone Holder Type 1
Y690.06,WIRE BASKET,STANDARD OPTIC,670x80x55,,Lid Perforated,Base Single Scope Silicone Holder Type 1
Y691.02,WIRE BASKET,STANDARD OPTIC,290x80x55,,Lid Perforated,Base Single Scope Silicone Holder Type 2
Y691.03,WIRE BASKET,STANDARD OPTIC,290x80x55,,Lid Perforated,Base Double Scope Silicone Holder Type 2
Y691.04,WIRE BASKET,STANDARD OPTIC,460x80x55,,Lid Perforated,Base Single Scope Silicone Holder Type 2
Y691.05,WIRE BASKET,STANDARD OPTIC,460x80x55,,Lid Perforated,Base Double Scope Silicone Holder Type 2
Y809.00,FILTER RETAINER,FOR W/S SERIES,,,,
Y808.00,FILTER RETAINER,FOR M SERIES,,,,
Y805.11,FILTER RETAINER,FOR MINI & DENTAL CONTAINERS,,,,
Y805.20,FILTER RETAINER,FOR MINI DENTAL CONTAINER,,,,
Y819.00,SECURITY SEAL,,100 Pcs.,,,
Y800.00,PAPER FILTER,FOR 1/1 3/4 1/2 SIZE,100 Pcs.,,,
Y802.00,PAPER FILTER,FOR MINI & DENTAL CONTAINERS,100 Pcs.,,,
Y803.00,PAPER FILTER,FOR MINI DENTAL CONTAINER,100 Pcs.,,,
Y800.10,PTFE FILTER,FOR 1/1 3/4 1/2 SIZE,100 Pcs.,,,
Y802.10,PTFE FILTER,FOR MINI & DENTAL CONTAINERS,100 Pcs.,,,
Y803.10,PTFE FILTER,FOR MINI DENTAL CONTAINER,100 Pcs.,,,
Y820.11,IDENTIFICATION LABEL,,,,,
Y820.12,IDENTIFICATION LABEL,,,,,
Y820.13,IDENTIFICATION LABEL,,,,,
Y820.14,IDENTIFICATION LABEL,,,,,
Y820.15,IDENTIFICATION LABEL,,,,,
Y820.16,IDENTIFICATION LABEL,,,,,
Y820.11M,IDENTIFICATION LABEL,FOR M SERIES,,,,
Y820.12M,IDENTIFICATION LABEL,FOR M SERIES,,,,
Y820.13M,IDENTIFICATION LABEL,FOR M SERIES,,,,
Y820.14M,IDENTIFICATION LABEL,FOR M SERIES,,,,
Y820.15M,IDENTIFICATION LABEL,FOR M SERIES,,,,
Y820.16M,IDENTIFICATION LABEL,FOR M SERIES,,,,
Y810.00,INDICATOR,PAPER,100 Pcs.,,,
Y810.01,INDICATOR,PAPER,100 Pcs.,,,
Y812.00,INDICATOR,PAPER,100 Pcs.,,,
Y850.11,SILICONE MAT,TYPE 1 BLUE,270x125,,,
Y852.01,SILICONE MAT,TYPE 1 BLUE,225x235,,,
Y852.11,SILICONE MAT,TYPE 1 BLUE,375x235,,,
Y852.21,SILICONE MAT,TYPE 1 BLUE,450x235 (DIN),,,
Y852.31,SILICONE MAT,TYPE 1 BLUE,500x235,,,
Y853.11,SILICONE MAT,TYPE 2 BLUE,260x125,,,
Y853.21,SILICONE MAT,TYPE 2 BLUE,225x235,,,
Y853.31,SILICONE MAT,TYPE 2 BLUE,370x235,,,
Y853.51,SILICONE MAT,TYPE 2 BLUE,500x235,,,